{"type":"FeatureCollection", "features": [
{"type":"Feature","geometry":{"type":"Polygon","coordinates":[[[78.381,32.528],[78.3848,32.5475],[78.4475,32.5663],[78.5899,32.5699],[78.6302,32.578],[78.7133,32.6375],[78.751,32.6128],[78.735,32.5606],[78.7715,32.4617],[78.9113,32.3547],[78.9434,32.3464],[79.0282,32.3771],[79.0753,32.3708],[79.0917,32.3906],[79.1129,32.4724],[79.1614,32.4965],[79.2356,32.5043],[79.2874,32.5326],[79.3205,32.5923],[79.3795,32.5765],[79.4068,32.5297],[79.4435,32.5348],[79.5157,32.6081],[79.5312,32.6483],[79.5762,32.6706],[79.6207,32.7287],[79.6139,32.765],[79.5641,32.7939],[79.4711,32.909],[79.4141,32.9721],[79.3336,32.9943],[79.3398,33.0133],[79.3993,33.0269],[79.3811,33.0618],[79.3732,33.1121],[79.4235,33.1578],[79.4561,33.2504],[79.4201,33.2752],[79.3403,33.2751],[79.2601,33.2918],[79.098,33.2877],[78.965,33.3443],[78.8243,33.4611],[78.8009,33.4942],[78.7814,33.5528],[78.7941,33.7439],[78.7873,33.8084],[78.7703,33.8724],[78.7211,33.9944],[78.7301,34.0793],[78.8061,34.123],[78.9032,34.1581],[78.9762,34.2172],[78.9854,34.2864],[78.9512,34.3492],[78.9221,34.3723],[78.8017,34.415],[78.7507,34.4713],[78.6646,34.5264],[78.6073,34.5465],[78.3794,34.5787],[78.3353,34.5944],[78.296,34.6247],[78.2732,34.6589],[78.2114,34.8483],[78.1622,34.9088],[78.1481,34.9431],[78.13,35.0554],[78.0364,35.1942],[78.0012,35.2689],[78.0098,35.3475],[78.0381,35.3981],[78.0556,35.4529],[78.0443,35.4916],[77.9859,35.4942],[77.9127,35.441],[77.8831,35.4311],[77.8342,35.4522],[77.8003,35.4954],[77.4247,35.3029],[77.0424,35.107],[77.0231,35.0863],[77.0352,35.0345],[77.0131,34.9864],[76.9211,34.9207],[76.8526,34.9433],[76.782,34.9309],[76.7496,34.8921],[76.7439,34.8193],[76.6526,34.747],[76.5532,34.7258],[76.4765,34.7578],[76.3999,34.7507],[76.262,34.6847],[76.155,34.6617],[76.1218,34.6609],[76.0583,34.6834],[76.0234,34.6772],[75.9734,34.6223],[75.9393,34.612],[75.874,34.5714],[75.8162,34.5217],[75.7771,34.5038],[75.7137,34.5085],[75.6116,34.4984],[75.3481,34.5572],[75.3441,34.469],[75.3745,34.371],[75.4695,34.2801],[75.5846,34.2101],[75.6634,34.1992],[75.6913,34.1637],[75.6995,34.1177],[75.7417,34.0664],[75.8796,33.9637],[75.9779,33.9713],[76.0244,33.9821],[76.0733,33.922],[76.1664,33.8732],[76.2098,33.7943],[76.2358,33.7288],[76.2327,33.6499],[76.2461,33.5741],[76.3053,33.552],[76.3857,33.5387],[76.488,33.5022],[76.5778,33.4277],[76.6466,33.3521],[76.6887,33.2708],[76.7398,33.1974],[76.7687,33.1868],[76.8295,33.1255],[76.903,33.0738],[76.9561,33.0251],[76.9999,33.0072],[77.1358,32.9268],[77.3487,32.8672],[77.394,32.8899],[77.444,32.8945],[77.539,32.9184],[77.6734,32.9994],[77.7211,33.0126],[77.7652,32.9626],[77.8579,32.873],[77.8935,32.803],[77.9289,32.7624],[77.9385,32.6953],[78.0089,32.6103],[78.059,32.6183],[78.1146,32.6677],[78.1915,32.692],[78.2539,32.6979],[78.3051,32.7295],[78.3177,32.7647],[78.3666,32.7652],[78.3843,32.6994],[78.3747,32.6488],[78.3041,32.5962],[78.2704,32.5042],[78.3134,32.4717],[78.381,32.528]]]},"properties":{"name":"Ladakh","adm0_a3":"IND"}},
{"type":"Feature","geometry":{"type":"Polygon","coordinates":[[[95.2469,26.6489],[95.3927,26.6918],[95.44,26.7354],[95.4898,26.8107],[95.5913,26.8237],[95.6133,26.8679],[95.64,26.8864],[95.6861,26.8913],[95.7092,26.9075],[95.778,26.9951],[95.8889,27.027],[95.9384,27.0799],[95.9748,27.1429],[96.0132,27.1908],[96.0742,27.2299],[96.1426,27.2575],[96.4078,27.2982],[96.5109,27.2925],[96.5473,27.3064],[96.5869,27.3536],[96.6364,27.3355],[96.6873,27.3617],[96.7589,27.3417],[96.8596,27.2407],[96.8418,27.2044],[96.8653,27.1716],[97.003,27.1145],[97.0268,27.0915],[97.0772,27.0965],[97.1192,27.0873],[97.1348,27.1273],[97.1044,27.156],[97.1013,27.1833],[97.0679,27.2171],[96.9051,27.4084],[96.877,27.4631],[96.8902,27.4925],[96.862,27.5784],[96.8702,27.6191],[96.8997,27.6495],[96.957,27.6881],[96.9909,27.7266],[97.0604,27.7505],[97.0922,27.7855],[97.1821,27.8573],[97.2229,27.8997],[97.2607,27.912],[97.2929,27.8776],[97.3335,27.8942],[97.34,27.9518],[97.3623,27.9949],[97.3551,28.023],[97.3065,28.0697],[97.2989,28.1292],[97.3287,28.19],[97.3235,28.2175],[97.2297,28.2746],[97.2105,28.3081],[97.1827,28.315],[97.1156,28.3666],[97.0784,28.3751],[96.9974,28.3371],[96.934,28.3366],[96.7169,28.4365],[96.5615,28.4473],[96.4411,28.3954],[96.3696,28.3781],[96.3019,28.4207],[96.3365,28.4797],[96.409,28.5589],[96.5024,28.6445],[96.501,28.6876],[96.598,28.7099],[96.5767,28.8085],[96.5108,28.8855],[96.4922,28.948],[96.4601,28.9634],[96.4576,28.9946],[96.3666,29.0365],[96.2947,28.9923],[96.2486,28.9453],[96.1953,28.9411],[96.176,29.0174],[96.1746,29.1088],[96.2101,29.1458],[96.3164,29.1719],[96.3669,29.2442],[96.3371,29.2797],[96.2679,29.2417],[96.2054,29.2569],[96.166,29.3032],[96.142,29.3685],[96.0745,29.3693],[95.9537,29.3592],[95.8631,29.324],[95.7959,29.3529],[95.7448,29.3404],[95.7474,29.2737],[95.7172,29.2183],[95.6467,29.2284],[95.5923,29.2497],[95.5538,29.239],[95.5502,29.2125],[95.5153,29.2094],[95.5227,29.1612],[95.4876,29.069],[95.4298,29.0465],[95.3674,29.0365],[95.2249,29.0594],[95.1915,29.0968],[95.1169,29.1081],[95.0477,29.1408],[94.9891,29.154],[94.8913,29.1605],[94.8541,29.17],[94.7766,29.1667],[94.7677,29.2139],[94.7042,29.2847],[94.6304,29.3195],[94.5827,29.3029],[94.5286,29.2312],[94.475,29.2108],[94.3964,29.2071],[94.3463,29.1591],[94.2875,29.1479],[94.2708,29.0979],[94.3473,29.0243],[94.2502,28.9331],[94.1737,28.9302],[94.1354,28.8978],[94.0268,28.8642],[93.992,28.8446],[93.9931,28.8019],[93.9611,28.7299],[93.9278,28.6828],[93.8631,28.7049],[93.7817,28.6805],[93.7225,28.6966],[93.6649,28.6902],[93.6255,28.6724],[93.5517,28.6789],[93.4462,28.6719],[93.3172,28.6035],[93.287,28.5205],[93.1863,28.432],[93.2181,28.3946],[93.2078,28.3405],[93.1298,28.326],[92.9749,28.2823],[92.9038,28.2497],[92.8503,28.192],[92.7902,28.1789],[92.7792,28.1959],[92.7079,28.1554],[92.6548,28.1058],[92.6389,28.0575],[92.6893,28.0483],[92.7364,27.9859],[92.6837,27.9105],[92.6365,27.8954],[92.575,27.8478],[92.5182,27.8395],[92.4751,27.8466],[92.439,27.8233],[92.4044,27.8538],[92.3811,27.8425],[92.3679,27.8038],[92.3292,27.8329],[92.3039,27.7862],[92.2752,27.8117],[92.2396,27.8653],[92.1263,27.8127],[92.0649,27.7617],[91.9889,27.7694],[91.9522,27.7248],[91.8649,27.73],[91.8564,27.7645],[91.8266,27.8076],[91.7299,27.8041],[91.6801,27.8498],[91.5644,27.8514],[91.566,27.8211],[91.6053,27.8107],[91.6358,27.7825],[91.6267,27.7164],[91.5799,27.658],[91.5733,27.6197],[91.5951,27.5464],[91.6574,27.4792],[91.7271,27.4599],[91.7796,27.4565],[91.8566,27.4662],[91.9006,27.4597],[91.9751,27.4724],[92.0236,27.4468],[92.0848,27.3042],[92.0819,27.2751],[92.0368,27.2365],[92.0215,27.1918],[91.9959,27.158],[91.9877,27.104],[91.9999,27.0715],[92.0497,27.0268],[92.0839,26.9373],[92.0804,26.9216],[92.2103,26.9123],[92.3657,26.95],[92.6262,27.0181],[92.6988,27.0659],[92.8148,27.0508],[92.9362,27.0015],[92.9646,26.9657],[93.0203,26.953],[93.375,26.9888],[93.4191,26.9773],[93.4607,26.9472],[93.525,26.9681],[93.632,26.9834],[93.6947,27.0059],[93.7597,27.0556],[93.8266,27.096],[93.8271,27.1671],[93.8466,27.1989],[93.9825,27.3277],[94.0663,27.3858],[94.2431,27.526],[94.2569,27.5481],[94.2172,27.5968],[94.219,27.6266],[94.2431,27.648],[94.2891,27.6152],[94.3529,27.5931],[94.4492,27.6162],[94.4746,27.5939],[94.5566,27.6144],[94.6071,27.6465],[94.7224,27.6869],[94.7985,27.7012],[94.9481,27.7695],[95.247,27.8662],[95.3132,27.8958],[95.3409,27.8812],[95.4084,27.8708],[95.493,27.8857],[95.5436,27.9021],[95.6723,27.978],[95.7168,27.9902],[95.9641,27.9933],[95.9727,27.9816],[95.9007,27.8654],[95.8134,27.7744],[95.7759,27.7173],[95.8043,27.6194],[95.8868,27.557],[95.8958,27.4975],[95.8796,27.4626],[95.9009,27.4053],[95.9322,27.4413],[95.9783,27.4497],[96.0118,27.4047],[96.0072,27.3651],[95.9722,27.3433],[95.9037,27.2761],[95.8707,27.287],[95.7996,27.2859],[95.6438,27.2303],[95.6224,27.233],[95.5459,27.2739],[95.4934,27.25],[95.4733,27.1948],[95.4238,27.1413],[95.3569,27.1151],[95.2612,27.0489],[95.1997,27.0468],[95.1764,27.0332],[95.1799,27.0037],[95.2254,26.9742],[95.2316,26.9081],[95.2022,26.8667],[95.2062,26.8206],[95.2353,26.7906],[95.2248,26.7421],[95.2463,26.6797],[95.2469,26.6489]]]},"properties":{"name":"Arunachal Pradesh","adm0_a3":"IND"}},
{"type":"Feature","geometry":{"type":"Polygon","coordinates":[[[88.7331,27.149],[88.7384,27.1798],[88.7759,27.2409],[88.8614,27.2704],[88.8923,27.3155],[88.7736,27.4085],[88.7544,27.4642],[88.7576,27.5114],[88.741,27.5457],[88.8057,27.6551],[88.8539,27.8437],[88.8516,27.8772],[88.8107,27.9279],[88.8177,27.9947],[88.7356,28.0553],[88.652,28.0694],[88.6105,28.1058],[88.5528,28.0781],[88.5021,28.0289],[88.4558,28.0315],[88.3788,27.9826],[88.1267,27.9504],[88.0975,27.904],[88.1182,27.8609],[88.1564,27.8513],[88.1597,27.7741],[88.1349,27.7232],[88.1109,27.6395],[88.0488,27.5453],[88.0233,27.4949],[88.0393,27.4295],[88.0148,27.3781],[88.0351,27.3226],[88.0047,27.2492],[88.0696,27.209],[88.0888,27.1517],[88.1182,27.1385],[88.1934,27.1435],[88.2331,27.1371],[88.3366,27.099],[88.3574,27.0851],[88.4036,27.0908],[88.4477,27.1145],[88.518,27.1762],[88.6135,27.1681],[88.6645,27.1734],[88.7331,27.149]]]},"properties":{"name":"Sikkim","adm0_a3":"IND"}},
{"type":"Feature","geometry":{"type":"MultiPolygon","coordinates":[[[[88.7331,27.149],[88.6645,27.1734],[88.6135,27.1681],[88.518,27.1762],[88.4477,27.1145],[88.4036,27.0908],[88.3574,27.0851],[88.3366,27.099],[88.2331,27.1371],[88.1934,27.1435],[88.1182,27.1385],[88.0888,27.1517],[88.0696,27.209],[88.0047,27.2492],[87.9893,27.2184],[87.9855,27.1484],[87.9707,27.1027],[88.0095,27.0456],[88.0428,27.0289],[88.0769,26.9918],[88.1553,26.8456],[88.1691,26.744],[88.1466,26.6612],[88.1017,26.5819],[88.0871,26.5391],[88.1219,26.5305],[88.194,26.5495],[88.195,26.5015],[88.2374,26.4746],[88.2823,26.4284],[88.2595,26.3908],[88.2922,26.3765],[88.2972,26.3362],[88.2511,26.3268],[88.2201,26.2995],[88.1805,26.2855],[88.0798,26.1928],[88.0165,26.1509],[87.9794,26.1458],[87.9367,26.099],[87.8673,26.0492],[87.8314,26.0106],[87.8171,25.9371],[87.7874,25.9117],[87.8054,25.8737],[87.8651,25.8439],[87.9105,25.7651],[87.9426,25.7353],[88.0051,25.7108],[88.0464,25.6689],[88.0568,25.6141],[88.0431,25.5471],[88.0674,25.4911],[88.0058,25.5012],[87.9558,25.5341],[87.8782,25.4998],[87.8632,25.4786],[87.768,25.4363],[87.7438,25.4026],[87.7748,25.367],[87.8137,25.3473],[87.8381,25.2778],[87.7837,25.2141],[87.7687,25.1592],[87.781,25.0899],[87.8441,25.0415],[87.8775,24.9389],[87.8819,24.892],[87.862,24.8515],[87.8533,24.7584],[87.8954,24.6703],[87.8734,24.6443],[87.9,24.621],[87.8773,24.5887],[87.823,24.5814],[87.7908,24.5625],[87.8005,24.5008],[87.7753,24.4555],[87.7758,24.4193],[87.7206,24.3178],[87.6661,24.2802],[87.6315,24.2694],[87.6616,24.1862],[87.5893,24.1708],[87.5721,24.1176],[87.5173,24.1389],[87.4869,24.1241],[87.4887,24.0469],[87.4466,24.0167],[87.3972,24.0234],[87.3381,24.0018],[87.3016,24.0569],[87.2355,24.0404],[87.2257,24.0273],[87.2762,23.9661],[87.2756,23.9155],[87.2476,23.8975],[87.2412,23.8508],[87.2054,23.8689],[87.1447,23.8781],[87.1663,23.8102],[87.1319,23.8031],[87.0797,23.8152],[87.0156,23.8596],[86.9799,23.8639],[86.9073,23.9058],[86.8772,23.9131],[86.8272,23.8558],[86.8097,23.8181],[86.8224,23.7769],[86.7998,23.7255],[86.764,23.7148],[86.6461,23.6969],[86.5424,23.6602],[86.4585,23.6386],[86.3799,23.598],[86.3484,23.5679],[86.3365,23.5084],[86.273,23.4537],[86.2143,23.4492],[86.1848,23.4723],[86.1215,23.5009],[86.1345,23.5589],[86.0564,23.6025],[86.0247,23.6068],[86.0004,23.5795],[86.0144,23.5384],[85.9964,23.5115],[85.903,23.5027],[85.8289,23.4831],[85.8231,23.4539],[85.8472,23.4259],[85.8948,23.4165],[85.8748,23.3468],[85.844,23.307],[85.8298,23.2608],[85.8712,23.2107],[85.8884,23.1631],[85.9425,23.1803],[85.9826,23.175],[86.0202,23.1526],[86.1425,23.0283],[86.1929,23.0077],[86.218,23.0199],[86.314,23.0086],[86.4505,23.0042],[86.5011,22.9793],[86.4415,22.964],[86.4148,22.9435],[86.4019,22.8729],[86.3991,22.785],[86.4523,22.7454],[86.4987,22.7431],[86.5869,22.6807],[86.5946,22.6325],[86.6114,22.6043],[86.6854,22.5908],[86.7265,22.5716],[86.7494,22.5448],[86.7571,22.5058],[86.7126,22.5008],[86.7181,22.4694],[86.7899,22.4156],[86.8033,22.3484],[86.8484,22.3101],[86.8339,22.2883],[86.7803,22.2867],[86.7619,22.2406],[86.7339,22.2467],[86.6865,22.218],[86.7046,22.1887],[86.7667,22.1677],[86.8339,22.1218],[86.8927,22.1166],[86.9438,22.0964],[86.9874,22.0666],[87.0047,22.0001],[86.9937,21.9725],[87.005,21.937],[87.0314,21.908],[87.0592,21.9072],[87.113,21.9714],[87.1366,21.9772],[87.1907,21.9562],[87.2147,21.9241],[87.2315,21.8481],[87.275,21.814],[87.4085,21.7861],[87.4316,21.7616],[87.4366,21.6756],[87.4774,21.6136],[87.6213,21.6506],[87.7038,21.6555],[87.7557,21.6917],[87.834,21.7293],[87.8929,21.7743],[87.8992,21.7948],[87.9705,21.8365],[88.0508,21.985],[88.0431,22.0173],[88.0847,22.0207],[88.1406,22.0601],[88.1735,22.1169],[88.161,22.1566],[88.0955,22.1912],[88.0085,22.2049],[87.9653,22.2448],[87.9475,22.2777],[87.9358,22.3552],[87.9507,22.3562],[87.9727,22.2832],[88.009,22.2404],[88.0813,22.2174],[88.198,22.1678],[88.2224,22.0779],[88.1643,22.0031],[88.1467,21.9592],[88.1541,21.8881],[88.2038,21.8054],[88.2105,21.7473],[88.1809,21.685],[88.2083,21.603],[88.2375,21.6017],[88.2493,21.5583],[88.3058,21.5717],[88.2842,21.6212],[88.2954,21.6766],[88.2642,21.7753],[88.2898,21.7802],[88.302,21.7452],[88.3045,21.6335],[88.3355,21.6158],[88.3645,21.687],[88.3828,21.6713],[88.3931,21.6002],[88.4563,21.624],[88.4722,21.6633],[88.4548,21.7054],[88.4577,21.7589],[88.492,21.8371],[88.531,21.8241],[88.5329,21.7953],[88.5049,21.7415],[88.5296,21.6576],[88.514,21.6008],[88.4956,21.5819],[88.4939,21.5348],[88.544,21.5341],[88.5448,21.562],[88.5781,21.5717],[88.5781,21.6234],[88.5996,21.6373],[88.5918,21.7054],[88.6234,21.7103],[88.6328,21.7501],[88.624,21.778],[88.5654,21.7712],[88.5671,21.8508],[88.5984,21.9293],[88.5986,21.9903],[88.626,22.048],[88.6183,22.103],[88.6611,22.199],[88.6831,22.185],[88.6395,22.1095],[88.6535,22.018],[88.626,21.9555],[88.6426,21.9409],[88.69,21.946],[88.7307,22.0372],[88.7583,21.9995],[88.7222,21.9661],[88.7147,21.8979],[88.6945,21.8398],[88.7036,21.8106],[88.6849,21.6972],[88.7222,21.6092],[88.7075,21.5783],[88.7625,21.5559],[88.7966,21.5844],[88.7817,21.6142],[88.8442,21.6222],[88.8599,21.6526],[88.8416,21.7163],[88.8721,21.749],[88.8816,21.672],[88.897,21.6501],[88.9338,21.6439],[89.0003,21.6034],[89.0276,21.6246],[89.0827,21.6173],[89.0852,21.6747],[89.0437,21.7333],[89.0159,21.8533],[88.9959,21.8842],[88.9241,21.9263],[88.905,21.9694],[88.993,21.9127],[89.0609,21.9385],[89.0574,22.0312],[89.0369,22.0856],[89.0486,22.123],[89.0782,22.1508],[89.0623,22.2116],[89.0186,22.2647],[89.0235,22.2948],[89.0015,22.3337],[88.9896,22.3869],[89.0025,22.428],[88.971,22.5279],[88.9503,22.562],[88.952,22.6119],[88.93,22.6586],[88.9081,22.7408],[88.9369,22.7823],[88.9445,22.848],[88.9051,22.8664],[88.8428,22.9646],[88.8513,23.0751],[88.8648,23.1003],[88.9547,23.1838],[88.927,23.2065],[88.8396,23.2348],[88.7757,23.2216],[88.71,23.2412],[88.6859,23.2933],[88.7193,23.3483],[88.7679,23.4673],[88.7568,23.4988],[88.7194,23.4681],[88.7046,23.4952],[88.6645,23.5183],[88.6092,23.5888],[88.5617,23.602],[88.5664,23.6287],[88.5401,23.65],[88.5612,23.741],[88.5525,23.7654],[88.5936,23.8669],[88.6531,23.8698],[88.7142,23.9252],[88.7016,23.9953],[88.7255,24.0289],[88.6741,24.0826],[88.6781,24.1543],[88.7316,24.1898],[88.7475,24.227],[88.7375,24.2871],[88.7146,24.3154],[88.6601,24.3383],[88.6345,24.2941],[88.5631,24.3082],[88.4754,24.3155],[88.4013,24.3694],[88.1388,24.4953],[88.11,24.501],[88.085,24.5417],[88.085,24.5939],[88.0572,24.6341],[88.0218,24.6456],[88.0485,24.7112],[88.0532,24.755],[88.077,24.7612],[88.141,24.8446],[88.1149,24.9164],[88.1645,24.9411],[88.2025,24.9453],[88.2419,24.8988],[88.2428,24.8806],[88.3228,24.8747],[88.3757,24.9456],[88.391,24.9951],[88.4258,25.0511],[88.4342,25.1167],[88.4315,25.173],[88.4754,25.1951],[88.5594,25.1708],[88.5991,25.1931],[88.6646,25.1869],[88.7245,25.1665],[88.7842,25.1609],[88.8171,25.1968],[88.8986,25.1693],[88.9279,25.1927],[88.9291,25.2294],[88.9753,25.2652],[88.9753,25.3026],[88.9029,25.3034],[88.842,25.3328],[88.7993,25.4017],[88.8149,25.4586],[88.7723,25.502],[88.7062,25.4917],[88.6781,25.4659],[88.6454,25.4673],[88.5936,25.4951],[88.5303,25.5002],[88.4754,25.5626],[88.4238,25.5922],[88.4194,25.6538],[88.393,25.6808],[88.3203,25.7253],[88.2599,25.789],[88.2275,25.8043],[88.1277,25.7749],[88.0876,25.831],[88.0744,25.9081],[88.088,25.9232],[88.1259,26.0134],[88.151,26.0313],[88.1399,26.0853],[88.1638,26.1405],[88.2189,26.1802],[88.3087,26.2061],[88.3345,26.2308],[88.3366,26.2818],[88.3668,26.3134],[88.4486,26.3534],[88.4976,26.3527],[88.4955,26.3781],[88.4611,26.4539],[88.3536,26.4846],[88.3324,26.5147],[88.3528,26.5787],[88.3944,26.618],[88.3979,26.5587],[88.4624,26.5288],[88.5068,26.4876],[88.5498,26.4667],[88.5912,26.4612],[88.6115,26.4308],[88.6563,26.4151],[88.6734,26.3607],[88.7097,26.3406],[88.6634,26.2644],[88.7479,26.2925],[88.784,26.2799],[88.808,26.2334],[88.8407,26.232],[88.8556,26.2651],[88.9027,26.2729],[88.9468,26.2329],[88.9753,26.2243],[89.0195,26.2345],[89.0343,26.2658],[88.9753,26.2999],[88.966,26.3285],[88.9124,26.3489],[88.8919,26.3688],[88.8995,26.4045],[88.9502,26.4369],[89.0109,26.3902],[89.0437,26.3811],[89.0689,26.3143],[89.0694,26.2874],[89.1034,26.2252],[89.1117,26.1645],[89.1316,26.1338],[89.1978,26.1077],[89.2376,26.0581],[89.2969,26.0182],[89.3515,25.9969],[89.3914,26.0155],[89.4066,25.9951],[89.4806,25.9992],[89.5182,25.9621],[89.5417,25.9597],[89.5592,26.0222],[89.6029,26.0553],[89.6042,26.1207],[89.5628,26.1426],[89.6064,26.211],[89.653,26.2227],[89.6578,26.1872],[89.7273,26.2062],[89.7304,26.2441],[89.7588,26.2632],[89.7815,26.3087],[89.8289,26.3279],[89.8152,26.361],[89.8434,26.3822],[89.8536,26.4518],[89.8885,26.5329],[89.879,26.637],[89.854,26.7094],[89.8587,26.7221],[89.8221,26.701],[89.7387,26.7033],[89.6852,26.7246],[89.6283,26.7125],[89.5975,26.721],[89.6114,26.766],[89.5861,26.7841],[89.5054,26.8037],[89.4429,26.797],[89.3417,26.8543],[89.2736,26.8439],[89.2408,26.8198],[89.1846,26.8106],[89.0965,26.8214],[89.0607,26.8815],[88.9966,26.9228],[88.9545,26.9126],[88.9253,26.9294],[88.9245,26.9617],[88.8864,26.979],[88.8517,26.9454],[88.8456,27.0496],[88.8276,27.0979],[88.7331,27.149]]],[[[88.8729,21.5955],[88.8413,21.614],[88.8308,21.5774],[88.8387,21.5319],[88.908,21.5307],[88.902,21.5803],[88.8729,21.5955]]],[[[88.0505,21.7054],[88.0518,21.6416],[88.1301,21.6259],[88.146,21.6437],[88.1326,21.685],[88.1634,21.7055],[88.167,21.7654],[88.1467,21.8699],[88.1193,21.8595],[88.09,21.8087],[88.0505,21.7054]]],[[[88.6362,21.9214],[88.5863,21.843],[88.5918,21.8044],[88.6463,21.7879],[88.6492,21.8424],[88.6706,21.9074],[88.6362,21.9214]]],[[[88.0809,21.8494],[88.125,21.8887],[88.1326,21.9205],[88.0942,21.9379],[88.0711,21.8736],[88.0809,21.8494]]]]},"properties":{"name":"West Bengal","adm0_a3":"IND"}},
{"type":"Feature","geometry":{"type":"Polygon","coordinates":[[[89.8587,26.7221],[89.854,26.7094],[89.879,26.637],[89.8885,26.5329],[89.8536,26.4518],[89.8434,26.3822],[89.8152,26.361],[89.8289,26.3279],[89.7815,26.3087],[89.7588,26.2632],[89.7304,26.2441],[89.7273,26.2062],[89.6578,26.1872],[89.6582,26.1592],[89.7065,26.1542],[89.7498,26.0839],[89.7502,26.0416],[89.7894,25.988],[89.8287,25.9794],[89.8107,25.9388],[89.8301,25.908],[89.787,25.8391],[89.7831,25.8144],[89.8015,25.7247],[89.8344,25.6348],[89.8232,25.4891],[89.8086,25.4395],[89.8755,25.4604],[89.8963,25.4987],[89.8973,25.5414],[89.9198,25.5605],[89.9665,25.5615],[90.0021,25.5868],[90.0005,25.6093],[89.9666,25.6386],[89.9423,25.6915],[89.9446,25.7258],[89.9709,25.7706],[89.9742,25.8016],[90.0567,25.8997],[90.1356,25.9598],[90.2168,25.9743],[90.3239,25.9848],[90.3737,26.0144],[90.4845,26.0119],[90.5453,25.9807],[90.5384,25.9113],[90.6177,25.9698],[90.6443,25.9315],[90.7529,25.9621],[90.7883,25.9274],[90.8145,25.9436],[90.8684,25.9516],[90.9246,25.9417],[90.9745,25.9436],[91.029,25.8993],[91.0237,25.8471],[91.0968,25.8399],[91.1789,25.8696],[91.1987,25.857],[91.1939,25.8138],[91.2081,25.7362],[91.251,25.7376],[91.3606,25.8433],[91.4163,25.8588],[91.4735,25.8618],[91.4747,25.8962],[91.558,25.9848],[91.5823,26.0269],[91.6261,26.0338],[91.6459,26.0016],[91.6297,25.9484],[91.6725,25.9312],[91.7182,25.9677],[91.7519,26.0481],[91.7929,26.0826],[91.8253,26.0893],[91.8909,26.0437],[91.9225,26.0382],[92.0207,26.0588],[92.0541,26.0568],[92.1641,26.0884],[92.2552,26.0852],[92.2615,26.0554],[92.184,25.993],[92.1747,25.9591],[92.2147,25.9195],[92.1655,25.8092],[92.1738,25.7552],[92.1673,25.6895],[92.2668,25.7233],[92.3165,25.7273],[92.3824,25.7643],[92.5214,25.6616],[92.5934,25.5867],[92.6558,25.6115],[92.6836,25.5964],[92.6364,25.5348],[92.5883,25.4988],[92.6368,25.4474],[92.7018,25.4255],[92.7896,25.3489],[92.7863,25.2922],[92.8055,25.2277],[92.6804,25.1879],[92.6492,25.1554],[92.5649,25.1524],[92.5575,25.1279],[92.5101,25.1129],[92.4538,25.0701],[92.3849,25.0048],[92.4838,24.9282],[92.4945,24.8949],[92.4777,24.8639],[92.3807,24.8367],[92.2904,24.8913],[92.2522,24.903],[92.2177,24.8746],[92.235,24.8248],[92.2338,24.7775],[92.1829,24.6473],[92.1636,24.5592],[92.15,24.5422],[92.2217,24.5004],[92.2395,24.4289],[92.2578,24.396],[92.2543,24.3371],[92.2202,24.2643],[92.231,24.248],[92.2985,24.2377],[92.4162,24.2395],[92.4149,24.1957],[92.4313,24.153],[92.4533,24.1323],[92.4895,24.1325],[92.5885,24.2213],[92.6245,24.2385],[92.6309,24.2951],[92.7012,24.3619],[92.7463,24.4711],[92.7838,24.4616],[92.8287,24.3773],[92.8634,24.3656],[92.9302,24.3916],[92.9919,24.3807],[93.0184,24.3991],[93.0457,24.4445],[93.0527,24.5227],[93.0645,24.5589],[93.1006,24.577],[93.08,24.6244],[93.1063,24.6719],[93.0871,24.707],[93.124,24.8098],[93.1564,24.8228],[93.1892,24.8108],[93.2534,24.9147],[93.2418,24.9493],[93.2763,24.9801],[93.2604,25.0294],[93.2814,25.0565],[93.3121,25.0658],[93.3459,25.1244],[93.3943,25.235],[93.4492,25.3021],[93.4585,25.3807],[93.4278,25.4425],[93.3963,25.4614],[93.3359,25.538],[93.3459,25.557],[93.4191,25.617],[93.5243,25.6893],[93.5808,25.7631],[93.7089,25.8701],[93.6779,25.9194],[93.7521,25.9591],[93.8041,25.9427],[93.8101,25.9036],[93.7788,25.8545],[93.7791,25.831],[93.9042,25.8568],[93.9478,25.8862],[93.9892,25.9462],[93.9717,25.9849],[93.9734,26.0404],[94.0027,26.0768],[94.0077,26.1844],[94.1029,26.3036],[94.1774,26.3724],[94.1892,26.4475],[94.2072,26.4837],[94.2696,26.5547],[94.291,26.5429],[94.2988,26.4995],[94.3279,26.4819],[94.3582,26.4984],[94.4206,26.5675],[94.4287,26.6169],[94.4866,26.6767],[94.5206,26.6799],[94.5492,26.7019],[94.5872,26.6999],[94.6905,26.741],[94.7989,26.8144],[94.861,26.9019],[94.9171,26.9512],[94.9662,26.9271],[95.0312,26.9335],[95.1486,27.0001],[95.1764,27.0332],[95.1997,27.0468],[95.2612,27.0489],[95.3569,27.1151],[95.4238,27.1413],[95.4733,27.1948],[95.4934,27.25],[95.5459,27.2739],[95.6224,27.233],[95.6438,27.2303],[95.7996,27.2859],[95.8707,27.287],[95.9037,27.2761],[95.9722,27.3433],[96.0072,27.3651],[96.0118,27.4047],[95.9783,27.4497],[95.9322,27.4413],[95.9009,27.4053],[95.8796,27.4626],[95.8958,27.4975],[95.8868,27.557],[95.8043,27.6194],[95.7759,27.7173],[95.8134,27.7744],[95.9007,27.8654],[95.9727,27.9816],[95.9641,27.9933],[95.7168,27.9902],[95.6723,27.978],[95.5436,27.9021],[95.493,27.8857],[95.4084,27.8708],[95.3409,27.8812],[95.3132,27.8958],[95.247,27.8662],[94.9481,27.7695],[94.7985,27.7012],[94.7224,27.6869],[94.6071,27.6465],[94.5566,27.6144],[94.4746,27.5939],[94.4492,27.6162],[94.3529,27.5931],[94.2891,27.6152],[94.2431,27.648],[94.219,27.6266],[94.2172,27.5968],[94.2569,27.5481],[94.2431,27.526],[94.0663,27.3858],[93.9825,27.3277],[93.8466,27.1989],[93.8271,27.1671],[93.8266,27.096],[93.7597,27.0556],[93.6947,27.0059],[93.632,26.9834],[93.525,26.9681],[93.4607,26.9472],[93.4191,26.9773],[93.375,26.9888],[93.0203,26.953],[92.9646,26.9657],[92.9362,27.0015],[92.8148,27.0508],[92.6988,27.0659],[92.6262,27.0181],[92.3657,26.95],[92.2103,26.9123],[92.0804,26.9216],[92.0728,26.8878],[92.0359,26.8548],[91.9751,26.8466],[91.9257,26.8787],[91.8955,26.8535],[91.8787,26.803],[91.8524,26.8185],[91.8439,26.8494],[91.7953,26.8535],[91.7021,26.8035],[91.638,26.799],[91.5937,26.8108],[91.5206,26.7976],[91.4751,26.8655],[91.4063,26.8695],[91.3584,26.8062],[91.3301,26.7855],[91.276,26.7741],[91.1982,26.8023],[91.0621,26.8046],[91.0074,26.7821],[90.7171,26.767],[90.5878,26.7801],[90.4752,26.8324],[90.3826,26.8918],[90.3286,26.8907],[90.2844,26.8571],[90.2109,26.8515],[90.1774,26.8321],[90.1522,26.7718],[90.0892,26.7417],[89.9753,26.7319],[89.9121,26.7167],[89.8587,26.7221]]]},"properties":{"name":"Assam","adm0_a3":"IND"}},
{"type":"Feature","geometry":{"type":"Polygon","coordinates":[[[80.0731,28.8209],[80.0364,28.837],[80.0339,28.9159],[80.0529,28.9491],[80.0994,28.9773],[80.1131,29.0722],[80.1326,29.1102],[80.2014,29.1212],[80.2331,29.1393],[80.2137,29.1966],[80.2582,29.2025],[80.2787,29.2681],[80.2801,29.3102],[80.255,29.3166],[80.2422,29.3674],[80.2137,29.4169],[80.2575,29.4501],[80.2662,29.4721],[80.3272,29.5248],[80.3852,29.6048],[80.3868,29.6268],[80.3544,29.7049],[80.369,29.7579],[80.3952,29.7766],[80.4549,29.7906],[80.4762,29.8061],[80.5495,29.8937],[80.5713,29.9469],[80.6541,29.9706],[80.7257,30.0228],[80.7697,30.0773],[80.8298,30.1171],[80.8497,30.1434],[80.8364,30.17],[80.8839,30.2104],[80.9208,30.1767],[80.9882,30.1966],[81.0033,30.2127],[80.976,30.2552],[80.867,30.2885],[80.7817,30.321],[80.7231,30.392],[80.6947,30.4117],[80.5753,30.4663],[80.5251,30.4586],[80.425,30.4978],[80.3259,30.5465],[80.2528,30.565],[80.1798,30.5595],[80.2033,30.6064],[80.1669,30.6619],[80.207,30.6861],[80.2314,30.7249],[80.1961,30.7481],[80.1693,30.7853],[80.1407,30.7932],[80.0922,30.7745],[80.0625,30.7848],[80.0056,30.8473],[79.9032,30.8902],[79.8629,30.9415],[79.8335,30.9615],[79.739,30.9792],[79.6303,30.9625],[79.5778,30.9384],[79.5296,30.9536],[79.4764,31.014],[79.4144,31.0204],[79.395,31.0367],[79.367,31.1116],[79.3022,31.1635],[79.2981,31.2032],[79.2383,31.3297],[79.2076,31.3514],[79.1792,31.3938],[79.1314,31.4384],[79.0702,31.4614],[79.0499,31.423],[78.9888,31.3433],[78.9596,31.3251],[78.921,31.2697],[78.8926,31.2818],[78.9363,31.2404],[78.9933,31.1634],[78.9932,31.1308],[78.9332,31.1185],[78.8695,31.122],[78.8197,31.1643],[78.7927,31.207],[78.6516,31.2154],[78.5817,31.2311],[78.501,31.2196],[78.4427,31.262],[78.4017,31.2681],[78.3687,31.29],[78.2842,31.2903],[78.2345,31.2612],[78.1862,31.2481],[78.0397,31.1722],[77.9411,31.1729],[77.806,31.0505],[77.8082,31.004],[77.7501,30.969],[77.7891,30.9306],[77.7872,30.8738],[77.7519,30.8831],[77.7058,30.7915],[77.707,30.7594],[77.7349,30.7359],[77.7443,30.6854],[77.7708,30.6351],[77.7433,30.6006],[77.7736,30.5576],[77.8089,30.552],[77.813,30.5211],[77.665,30.446],[77.5978,30.437],[77.5653,30.4149],[77.5851,30.3829],[77.619,30.402],[77.6615,30.3949],[77.7506,30.3256],[77.8116,30.2923],[77.9289,30.2443],[77.9461,30.2283],[77.9205,30.1987],[77.8692,30.1658],[77.835,30.1314],[77.7906,30.0395],[77.7464,29.9773],[77.747,29.878],[77.7677,29.8194],[77.7838,29.7418],[77.8315,29.6599],[77.923,29.701],[77.9537,29.7232],[77.9828,29.7188],[78.0761,29.6641],[78.1072,29.6545],[78.155,29.675],[78.1891,29.7067],[78.1978,29.7482],[78.1905,29.7926],[78.1607,29.8771],[78.155,29.9254],[78.1773,29.9526],[78.2283,29.9474],[78.2865,29.8923],[78.3254,29.8431],[78.3527,29.7878],[78.3806,29.7616],[78.4787,29.722],[78.5148,29.6891],[78.5542,29.6209],[78.589,29.5801],[78.6431,29.5376],[78.8064,29.4531],[78.9064,29.4305],[78.9069,29.3884],[78.86,29.3503],[78.8163,29.35],[78.7968,29.3208],[78.7309,29.3201],[78.7215,29.284],[78.8677,29.2152],[78.9051,29.1588],[78.9138,29.1056],[78.9504,29.127],[79.0559,29.1518],[79.1304,29.1153],[79.1706,29.0511],[79.2964,28.9716],[79.3712,28.9699],[79.4167,28.9218],[79.4437,28.8496],[79.5262,28.8784],[79.5665,28.8793],[79.5882,28.8491],[79.6328,28.8633],[79.6994,28.8504],[79.7433,28.8852],[79.8126,28.8769],[79.841,28.8553],[79.8286,28.8245],[79.8445,28.8049],[79.887,28.818],[79.8957,28.7752],[79.9536,28.7363],[80.0006,28.7373],[80.0555,28.7791],[80.0731,28.8209]]]},"properties":{"name":"Uttarakhand","adm0_a3":"IND"}},
{"type":"Feature","geometry":{"type":"Polygon","coordinates":[[[95.2469,26.6489],[95.2463,26.6797],[95.2248,26.7421],[95.2353,26.7906],[95.2062,26.8206],[95.2022,26.8667],[95.2316,26.9081],[95.2254,26.9742],[95.1799,27.0037],[95.1764,27.0332],[95.1486,27.0001],[95.0312,26.9335],[94.9662,26.9271],[94.9171,26.9512],[94.861,26.9019],[94.7989,26.8144],[94.6905,26.741],[94.5872,26.6999],[94.5492,26.7019],[94.5206,26.6799],[94.4866,26.6767],[94.4287,26.6169],[94.4206,26.5675],[94.3582,26.4984],[94.3279,26.4819],[94.2988,26.4995],[94.291,26.5429],[94.2696,26.5547],[94.2072,26.4837],[94.1892,26.4475],[94.1774,26.3724],[94.1029,26.3036],[94.0077,26.1844],[94.0027,26.0768],[93.9734,26.0404],[93.9717,25.9849],[93.9892,25.9462],[93.9478,25.8862],[93.9042,25.8568],[93.7791,25.831],[93.7788,25.8545],[93.8101,25.9036],[93.8041,25.9427],[93.7521,25.9591],[93.6779,25.9194],[93.7089,25.8701],[93.5808,25.7631],[93.5243,25.6893],[93.4191,25.617],[93.3459,25.557],[93.3359,25.538],[93.3963,25.4614],[93.4278,25.4425],[93.4585,25.3807],[93.4492,25.3021],[93.515,25.2596],[93.5667,25.2413],[93.6055,25.2058],[93.6492,25.2619],[93.6791,25.3283],[93.7237,25.364],[93.8086,25.4461],[93.8014,25.486],[93.7614,25.499],[93.7696,25.5321],[93.8032,25.5436],[93.9299,25.5544],[94.0267,25.5538],[94.0963,25.5157],[94.1508,25.5214],[94.2094,25.4955],[94.3253,25.512],[94.4014,25.5539],[94.4353,25.5944],[94.4903,25.6237],[94.5647,25.6842],[94.5707,25.6215],[94.5374,25.5249],[94.5528,25.4903],[94.616,25.4524],[94.6504,25.4467],[94.692,25.4763],[94.7644,25.4917],[94.8224,25.5591],[94.8508,25.5628],[94.8717,25.598],[94.9615,25.718],[95.0088,25.7371],[95.0135,25.7777],[94.9932,25.881],[95.0006,25.922],[95.0659,25.9538],[95.1395,26.0299],[95.1375,26.083],[95.0882,26.1041],[95.0784,26.1713],[95.0945,26.195],[95.0587,26.2177],[95.0463,26.248],[95.0436,26.3277],[95.0642,26.3926],[95.0406,26.4756],[95.0992,26.5361],[95.1191,26.6042],[95.1634,26.6297],[95.2049,26.6676],[95.2469,26.6489]]]},"properties":{"name":"Nagaland","adm0_a3":"IND"}},
{"type":"Feature","geometry":{"type":"Polygon","coordinates":[[[94.6504,25.4467],[94.616,25.4524],[94.5528,25.4903],[94.5374,25.5249],[94.5707,25.6215],[94.5647,25.6842],[94.4903,25.6237],[94.4353,25.5944],[94.4014,25.5539],[94.3253,25.512],[94.2094,25.4955],[94.1508,25.5214],[94.0963,25.5157],[94.0267,25.5538],[93.9299,25.5544],[93.8032,25.5436],[93.7696,25.5321],[93.7614,25.499],[93.8014,25.486],[93.8086,25.4461],[93.7237,25.364],[93.6791,25.3283],[93.6492,25.2619],[93.6055,25.2058],[93.5667,25.2413],[93.515,25.2596],[93.4492,25.3021],[93.3943,25.235],[93.3459,25.1244],[93.3121,25.0658],[93.2814,25.0565],[93.2604,25.0294],[93.2763,24.9801],[93.2418,24.9493],[93.2534,24.9147],[93.1892,24.8108],[93.1564,24.8228],[93.124,24.8098],[93.0871,24.707],[93.1063,24.6719],[93.08,24.6244],[93.1006,24.577],[93.0645,24.5589],[93.0527,24.5227],[93.0457,24.4445],[93.0184,24.3991],[93.0229,24.3543],[93.0427,24.3152],[93.0186,24.2886],[93.0177,24.2399],[92.998,24.1602],[92.9955,24.0953],[93.0709,24.0719],[93.1057,24.0449],[93.1409,24.0621],[93.1725,24.0408],[93.2486,24.057],[93.2568,24.0177],[93.3026,24.0358],[93.3222,24.0801],[93.3683,24.0785],[93.4392,23.9952],[93.4567,23.96],[93.4957,23.9591],[93.5435,23.9809],[93.5613,23.9657],[93.6124,24.0091],[93.6605,24.0112],[93.743,23.9953],[93.7828,23.9455],[93.8037,23.9361],[93.8832,23.9453],[93.9979,23.917],[94.0551,23.8879],[94.0997,23.8426],[94.1319,23.857],[94.1351,23.919],[94.1903,23.9953],[94.1991,24.0481],[94.2141,24.0692],[94.234,24.1603],[94.2828,24.2664],[94.29,24.3168],[94.3317,24.3711],[94.3287,24.3945],[94.3612,24.4254],[94.3637,24.4658],[94.3971,24.4951],[94.4108,24.5459],[94.4302,24.5709],[94.475,24.5974],[94.5163,24.705],[94.5557,24.7089],[94.5895,24.7473],[94.599,24.8135],[94.6548,24.8892],[94.6735,24.9748],[94.7086,25.0259],[94.7068,25.1099],[94.6891,25.1385],[94.5769,25.1736],[94.5533,25.2041],[94.5501,25.2453],[94.608,25.3946],[94.6504,25.4467]]]},"properties":{"name":"Manipur","adm0_a3":"IND"}},
{"type":"Feature","geometry":{"type":"Polygon","coordinates":[[[93.3026,24.0358],[93.2568,24.0177],[93.2486,24.057],[93.1725,24.0408],[93.1409,24.0621],[93.1057,24.0449],[93.0709,24.0719],[92.9955,24.0953],[92.998,24.1602],[93.0177,24.2399],[93.0186,24.2886],[93.0427,24.3152],[93.0229,24.3543],[93.0184,24.3991],[92.9919,24.3807],[92.9302,24.3916],[92.8634,24.3656],[92.8287,24.3773],[92.7838,24.4616],[92.7463,24.4711],[92.7012,24.3619],[92.6309,24.2951],[92.6245,24.2385],[92.5885,24.2213],[92.4895,24.1325],[92.4533,24.1323],[92.4313,24.153],[92.4149,24.1957],[92.4162,24.2395],[92.2985,24.2377],[92.3254,24.1883],[92.3288,24.1031],[92.3187,24.0574],[92.332,23.9948],[92.3162,23.9503],[92.3186,23.8505],[92.2921,23.8535],[92.2707,23.8291],[92.2609,23.7757],[92.2597,23.7026],[92.2528,23.6093],[92.291,23.4953],[92.2968,23.4466],[92.3495,23.345],[92.3569,23.2891],[92.3286,23.2112],[92.3276,23.1714],[92.3531,23.0299],[92.3522,22.9603],[92.3787,22.9004],[92.4263,22.8711],[92.442,22.7629],[92.4807,22.7262],[92.4959,22.6956],[92.5008,22.5605],[92.5189,22.4954],[92.577,22.1687],[92.5756,22.1433],[92.5373,22.1286],[92.56,22.0613],[92.5759,21.9776],[92.6153,22.0088],[92.6509,22.0192],[92.6562,22.0753],[92.674,22.0952],[92.6711,22.1339],[92.7081,22.148],[92.7716,22.1042],[92.8539,22.0241],[92.867,21.9665],[92.8892,21.9667],[92.9062,22.0173],[92.979,21.9954],[92.9672,22.0627],[92.9855,22.096],[93.0226,22.121],[93.0245,22.2019],[93.0906,22.1971],[93.169,22.2469],[93.1743,22.2694],[93.1659,22.3866],[93.1535,22.4275],[93.1179,22.4629],[93.0992,22.512],[93.1091,22.5747],[93.1044,22.6159],[93.0708,22.6929],[93.0795,22.7727],[93.1124,22.8],[93.1755,22.8817],[93.1711,22.9204],[93.1382,23.0053],[93.1524,23.0499],[93.1965,23.0538],[93.2465,23.0045],[93.2988,23.018],[93.3334,23.0523],[93.3749,23.1297],[93.3727,23.1698],[93.3842,23.3131],[93.4072,23.3473],[93.4002,23.454],[93.4324,23.6473],[93.4303,23.6803],[93.4063,23.7191],[93.3748,23.739],[93.3583,23.8553],[93.356,23.907],[93.3161,23.9611],[93.3026,24.0358]]]},"properties":{"name":"Mizoram","adm0_a3":"IND"}},
{"type":"Feature","geometry":{"type":"Polygon","coordinates":[[[92.2597,23.7026],[92.2609,23.7757],[92.2707,23.8291],[92.2921,23.8535],[92.3186,23.8505],[92.3162,23.9503],[92.332,23.9948],[92.3187,24.0574],[92.3288,24.1031],[92.3254,24.1883],[92.2985,24.2377],[92.231,24.248],[92.2202,24.2643],[92.2543,24.3371],[92.2578,24.396],[92.2395,24.4289],[92.2217,24.5004],[92.15,24.5422],[92.1109,24.5143],[92.1076,24.406],[92.0883,24.3816],[92.0334,24.3688],[91.95,24.3754],[91.9714,24.3297],[91.9219,24.3445],[91.8964,24.3201],[91.9059,24.2606],[91.8843,24.1756],[91.8645,24.1506],[91.8138,24.1831],[91.8097,24.2145],[91.7329,24.2343],[91.723,24.221],[91.7326,24.1643],[91.7037,24.1429],[91.6662,24.1559],[91.6245,24.2035],[91.6138,24.1401],[91.5965,24.105],[91.5587,24.0897],[91.4804,24.088],[91.4046,24.1031],[91.363,24.0998],[91.3508,24.0742],[91.3391,23.9952],[91.2916,23.9948],[91.2504,23.964],[91.2163,23.9084],[91.2282,23.845],[91.195,23.7552],[91.1418,23.7399],[91.1366,23.6989],[91.1689,23.6854],[91.1397,23.6536],[91.1408,23.6121],[91.1699,23.562],[91.1951,23.4952],[91.2273,23.4688],[91.2581,23.3736],[91.284,23.3614],[91.2658,23.3294],[91.2773,23.3033],[91.3005,23.1423],[91.3135,23.101],[91.3374,23.0711],[91.3709,23.0628],[91.3746,23.0957],[91.3559,23.1796],[91.3557,23.2241],[91.3721,23.2619],[91.4136,23.2486],[91.4636,23.1841],[91.5033,23.0444],[91.5366,22.9819],[91.6024,22.953],[91.6167,22.9781],[91.6947,22.9881],[91.7383,23.0247],[91.7609,23.0655],[91.7956,23.0895],[91.779,23.1318],[91.7437,23.2723],[91.7916,23.3683],[91.8338,23.4139],[91.8891,23.4359],[91.9408,23.4952],[91.9423,23.5344],[91.916,23.6502],[91.9144,23.6883],[91.9366,23.7235],[92.0035,23.6474],[92.0596,23.6595],[92.1084,23.7182],[92.1508,23.7317],[92.1808,23.6654],[92.2094,23.6616],[92.2221,23.7078],[92.2597,23.7026]]]},"properties":{"name":"Tripura","adm0_a3":"IND"}},
{"type":"Feature","geometry":{"type":"Polygon","coordinates":[[[92.3849,25.0048],[92.4538,25.0701],[92.5101,25.1129],[92.5575,25.1279],[92.5649,25.1524],[92.6492,25.1554],[92.6804,25.1879],[92.8055,25.2277],[92.7863,25.2922],[92.7896,25.3489],[92.7018,25.4255],[92.6368,25.4474],[92.5883,25.4988],[92.6364,25.5348],[92.6836,25.5964],[92.6558,25.6115],[92.5934,25.5867],[92.5214,25.6616],[92.3824,25.7643],[92.3165,25.7273],[92.2668,25.7233],[92.1673,25.6895],[92.1738,25.7552],[92.1655,25.8092],[92.2147,25.9195],[92.1747,25.9591],[92.184,25.993],[92.2615,26.0554],[92.2552,26.0852],[92.1641,26.0884],[92.0541,26.0568],[92.0207,26.0588],[91.9225,26.0382],[91.8909,26.0437],[91.8253,26.0893],[91.7929,26.0826],[91.7519,26.0481],[91.7182,25.9677],[91.6725,25.9312],[91.6297,25.9484],[91.6459,26.0016],[91.6261,26.0338],[91.5823,26.0269],[91.558,25.9848],[91.4747,25.8962],[91.4735,25.8618],[91.4163,25.8588],[91.3606,25.8433],[91.251,25.7376],[91.2081,25.7362],[91.1939,25.8138],[91.1987,25.857],[91.1789,25.8696],[91.0968,25.8399],[91.0237,25.8471],[91.029,25.8993],[90.9745,25.9436],[90.9246,25.9417],[90.8684,25.9516],[90.8145,25.9436],[90.7883,25.9274],[90.7529,25.9621],[90.6443,25.9315],[90.6177,25.9698],[90.5384,25.9113],[90.5453,25.9807],[90.4845,26.0119],[90.3737,26.0144],[90.3239,25.9848],[90.2168,25.9743],[90.1356,25.9598],[90.0567,25.8997],[89.9742,25.8016],[89.9709,25.7706],[89.9446,25.7258],[89.9423,25.6915],[89.9666,25.6386],[90.0005,25.6093],[90.0021,25.5868],[89.9665,25.5615],[89.9198,25.5605],[89.8973,25.5414],[89.8963,25.4987],[89.8755,25.4604],[89.8086,25.4395],[89.795,25.3742],[89.8074,25.3045],[89.8346,25.2824],[89.9081,25.2969],[90.1301,25.2116],[90.2869,25.1801],[90.3646,25.15],[90.3998,25.149],[90.5014,25.1688],[90.5833,25.162],[90.6376,25.1711],[90.7077,25.153],[90.738,25.1694],[90.822,25.1423],[90.9434,25.1574],[90.9751,25.1678],[91.1353,25.1912],[91.1908,25.1895],[91.2357,25.2019],[91.284,25.179],[91.4319,25.138],[91.471,25.1339],[91.5661,25.16],[91.5962,25.1289],[91.662,25.1272],[91.6774,25.1526],[91.7107,25.1447],[91.7301,25.1675],[91.7937,25.1653],[91.9006,25.1776],[91.9563,25.1698],[92.0018,25.183],[92.0929,25.1647],[92.1104,25.1449],[92.1792,25.1267],[92.2201,25.0904],[92.3035,25.0743],[92.3281,25.048],[92.3811,25.0234],[92.3849,25.0048]]]},"properties":{"name":"Meghalaya","adm0_a3":"IND"}},
{"type":"Feature","geometry":{"type":"Polygon","coordinates":[[[75.2984,32.3324],[75.353,32.2844],[75.359,32.2617],[75.3166,32.2107],[75.2947,32.1489],[75.2633,32.1509],[75.1958,32.1286],[75.1021,32.0781],[75.0408,32.098],[75.0302,32.0664],[74.9862,32.0632],[74.9557,32.0322],[74.8891,32.0289],[74.8732,32.0117],[74.8286,32.0254],[74.7837,31.9429],[74.6984,31.9502],[74.67,31.9042],[74.5656,31.8405],[74.5408,31.8109],[74.537,31.7757],[74.4894,31.7112],[74.5556,31.6122],[74.5845,31.5175],[74.6146,31.4778],[74.6119,31.4402],[74.5716,31.3892],[74.5322,31.3032],[74.5251,31.2354],[74.5064,31.1754],[74.5149,31.1418],[74.5531,31.109],[74.5969,31.1158],[74.6588,31.0838],[74.601,31.0566],[74.5643,31.025],[74.5641,31.0044],[74.5193,30.9625],[74.4585,30.9534],[74.4243,30.9323],[74.4013,30.8931],[74.3298,30.8996],[74.304,30.874],[74.3002,30.8382],[74.2567,30.8153],[74.2667,30.7884],[74.1912,30.717],[74.1637,30.6649],[74.0959,30.6371],[74.0571,30.5916],[74.0575,30.5314],[74.0044,30.5089],[73.9391,30.4261],[73.8518,30.3727],[73.8423,30.353],[73.8916,30.3298],[73.9346,30.261],[73.9468,30.2041],[73.9771,30.1781],[73.9697,30.1374],[73.8985,30.0349],[73.8871,29.9842],[73.9159,29.9799],[74.2906,29.9625],[74.3856,29.9631],[74.5165,29.9472],[74.6507,29.9141],[74.7107,29.9684],[74.8234,29.985],[74.8415,29.9656],[74.9035,29.9548],[74.9457,29.9056],[74.9957,29.873],[75.0728,29.8911],[75.0932,29.8721],[75.1052,29.8214],[75.1513,29.7964],[75.1879,29.8347],[75.2382,29.7488],[75.2105,29.7474],[75.2071,29.7076],[75.1721,29.6882],[75.1943,29.6386],[75.2179,29.6147],[75.2346,29.5618],[75.2953,29.5749],[75.2906,29.6215],[75.3116,29.6562],[75.3848,29.7223],[75.4458,29.8062],[75.5395,29.7875],[75.6044,29.7647],[75.7177,29.778],[75.7275,29.8104],[75.786,29.831],[75.8519,29.805],[75.8867,29.7492],[75.9569,29.7386],[76.052,29.7644],[76.0844,29.8021],[76.1473,29.8233],[76.2256,29.8691],[76.1881,29.9095],[76.1781,29.9547],[76.2033,30.0217],[76.2463,30.0849],[76.2014,30.1256],[76.2288,30.1387],[76.2667,30.1137],[76.3172,30.1066],[76.3389,30.1412],[76.3793,30.1199],[76.3939,30.1545],[76.4296,30.1404],[76.462,30.097],[76.5314,30.084],[76.6248,30.1428],[76.6374,30.2054],[76.5908,30.2467],[76.6056,30.2744],[76.7143,30.3371],[76.7214,30.4106],[76.7529,30.4305],[76.8453,30.4175],[76.8692,30.3624],[76.9049,30.3841],[76.896,30.4866],[76.9104,30.5142],[76.8931,30.5438],[76.9015,30.5988],[76.8866,30.6338],[76.8273,30.6807],[76.7756,30.6774],[76.7018,30.7446],[76.7038,30.7814],[76.774,30.799],[76.8146,30.7891],[76.8328,30.8423],[76.7969,30.862],[76.7682,30.9076],[76.6452,30.9993],[76.6153,31.0301],[76.6059,31.0726],[76.6231,31.1073],[76.5998,31.1349],[76.6014,31.1775],[76.6284,31.2201],[76.5814,31.2311],[76.5611,31.2767],[76.4834,31.2907],[76.4335,31.3178],[76.3736,31.4192],[76.3221,31.4128],[76.3228,31.3642],[76.2945,31.3475],[76.2754,31.3104],[76.2428,31.3181],[76.2011,31.307],[76.1585,31.3386],[76.1259,31.4305],[76.0705,31.5642],[75.9233,31.8063],[75.9643,31.8488],[75.8797,31.9724],[75.7065,32.0498],[75.6016,32.0689],[75.5822,32.0923],[75.6394,32.1468],[75.6598,32.1953],[75.6146,32.1968],[75.6063,32.2259],[75.6229,32.2585],[75.6927,32.2723],[75.7427,32.2993],[75.7793,32.3366],[75.8575,32.39],[75.9058,32.4133],[75.9117,32.4314],[75.8706,32.4997],[75.8474,32.5167],[75.7977,32.4811],[75.743,32.4644],[75.7294,32.4296],[75.6826,32.3998],[75.612,32.3955],[75.538,32.3452],[75.5024,32.3006],[75.4514,32.324],[75.4368,32.3602],[75.3904,32.3355],[75.2984,32.3324]]]},"properties":{"name":"Punjab","adm0_a3":"IND"}},
{"type":"Feature","geometry":{"type":"Polygon","coordinates":[[[73.9468,30.2041],[73.9444,30.1883],[73.7783,30.0673],[73.7397,30.0485],[73.5578,30.0125],[73.3852,29.9423],[73.3703,29.9273],[73.2329,29.5366],[73.0509,29.2282],[72.9629,29.1168],[72.9304,29.0477],[72.9015,29.0226],[72.3822,28.784],[72.3546,28.7672],[72.2803,28.6872],[72.2565,28.6456],[72.1978,28.4449],[72.1499,28.3538],[72.111,28.3176],[71.9882,28.2281],[71.9083,28.1356],[71.8916,28.0971],[71.88,27.9749],[71.8609,27.9502],[71.5607,27.8685],[71.4771,27.8624],[71.3978,27.8684],[71.3114,27.8617],[71.2263,27.8454],[71.1507,27.8224],[70.9138,27.7178],[70.8316,27.7015],[70.7618,27.7098],[70.7104,27.7412],[70.6717,27.7911],[70.6407,27.8548],[70.6332,27.9316],[70.5598,27.9984],[70.5068,28.029],[70.4562,28.0398],[70.3419,28.0115],[70.2677,27.9453],[70.199,27.901],[70.102,27.8117],[70.0907,27.7936],[70.0169,27.6006],[69.9935,27.5711],[69.9081,27.4973],[69.848,27.4104],[69.7306,27.3103],[69.6661,27.27],[69.5756,27.1884],[69.5344,27.1256],[69.5076,27.0501],[69.4651,26.8078],[69.4728,26.7666],[69.5042,26.7352],[69.6594,26.6777],[69.7723,26.5951],[69.8156,26.5803],[70.0561,26.5891],[70.1296,26.5625],[70.1581,26.5301],[70.1629,26.4933],[70.1605,26.3713],[70.1425,26.3137],[70.1516,26.2541],[70.132,26.1805],[70.0783,26.0996],[70.0646,25.9803],[70.0832,25.9299],[70.115,25.8817],[70.214,25.7863],[70.2345,25.731],[70.2646,25.6973],[70.3601,25.6735],[70.4772,25.6763],[70.5923,25.7088],[70.6323,25.7014],[70.6539,25.6745],[70.6575,25.6336],[70.6466,25.4314],[70.6545,25.3966],[70.7105,25.3359],[70.7231,25.2873],[70.7684,25.2331],[70.8314,25.1833],[70.8599,25.1394],[70.8933,25.0019],[70.943,24.8941],[71.0032,24.8082],[71.0369,24.7207],[71.0566,24.6928],[71.1297,24.661],[71.2224,24.6368],[71.2515,24.6368],[71.322,24.6623],[71.3784,24.6467],[71.4496,24.6819],[71.5458,24.6881],[71.591,24.6819],[71.6519,24.658],[71.7509,24.6781],[71.7848,24.6431],[71.8215,24.6357],[71.8414,24.6784],[71.8767,24.6856],[71.9015,24.6618],[71.9479,24.6626],[71.9867,24.6953],[72.0509,24.7084],[72.0994,24.6566],[72.2063,24.6301],[72.3185,24.6454],[72.3284,24.6172],[72.2617,24.6082],[72.2752,24.5684],[72.3307,24.5559],[72.356,24.5247],[72.4186,24.5173],[72.4188,24.4888],[72.4491,24.4348],[72.4848,24.4438],[72.5009,24.4961],[72.5557,24.5067],[72.5995,24.4801],[72.6676,24.4609],[72.6906,24.4167],[72.747,24.3807],[72.8357,24.3769],[72.8974,24.3606],[72.9246,24.3634],[72.9587,24.3901],[72.9745,24.4642],[72.9997,24.4933],[73.062,24.5074],[73.095,24.5036],[73.105,24.3987],[73.1657,24.3784],[73.1967,24.3905],[73.2166,24.369],[73.2003,24.3396],[73.1372,24.3359],[73.1075,24.2923],[73.0793,24.2043],[73.1173,24.139],[73.1895,24.0937],[73.208,24.054],[73.2456,24.0155],[73.3037,24.0455],[73.3313,24.0938],[73.3541,24.1047],[73.3885,24.0575],[73.3994,23.9998],[73.4239,23.9409],[73.3754,23.909],[73.364,23.8891],[73.3617,23.7842],[73.4117,23.7792],[73.439,23.7294],[73.498,23.7064],[73.5108,23.6845],[73.5008,23.6073],[73.5136,23.5999],[73.5664,23.6354],[73.5944,23.6274],[73.6206,23.5826],[73.6165,23.525],[73.6295,23.4982],[73.6188,23.4519],[73.6661,23.4418],[73.7107,23.415],[73.7895,23.4398],[73.8119,23.4346],[73.8556,23.3696],[73.9045,23.3334],[73.9595,23.3588],[74.03,23.2977],[74.0837,23.2715],[74.1058,23.2477],[74.109,23.1911],[74.1467,23.1581],[74.1848,23.1775],[74.2333,23.1559],[74.2742,23.0901],[74.3015,23.0757],[74.3235,23.0361],[74.3633,23.0651],[74.4079,23.0723],[74.4761,23.0624],[74.55,23.0987],[74.6119,23.1127],[74.7159,23.1792],[74.6584,23.2265],[74.6115,23.2281],[74.5364,23.2509],[74.5213,23.2897],[74.5695,23.3679],[74.6482,23.4306],[74.7224,23.4522],[74.779,23.4874],[74.823,23.5001],[74.8718,23.5519],[74.8994,23.6204],[74.939,23.6874],[74.9322,23.7524],[74.9066,23.7913],[74.9083,23.8967],[74.9468,24.002],[74.9682,24.0328],[74.9292,24.0772],[74.8931,24.1345],[74.885,24.205],[74.87,24.2361],[74.8072,24.263],[74.7593,24.2567],[74.7335,24.2773],[74.754,24.3041],[74.7664,24.3587],[74.8237,24.4045],[74.8468,24.4355],[74.8171,24.4746],[74.7202,24.5003],[74.7119,24.5239],[74.7843,24.6681],[74.7705,24.7047],[74.7714,24.7636],[74.8065,24.7358],[74.8697,24.6656],[74.9323,24.6691],[74.9654,24.694],[74.9743,24.7857],[74.8378,24.7971],[74.8375,24.8594],[74.8153,24.9165],[74.8243,24.9325],[74.8759,24.9194],[74.8996,24.8972],[74.9814,24.863],[75.043,24.8959],[75.0844,24.8889],[75.1031,24.9404],[75.0938,24.9778],[75.1333,25.04],[75.2351,25.0402],[75.3049,25.058],[75.3206,25.0439],[75.2916,24.9963],[75.3179,24.9552],[75.3052,24.926],[75.2514,24.9365],[75.2681,24.8933],[75.3442,24.8917],[75.3873,24.9046],[75.4014,24.8823],[75.355,24.8473],[75.2975,24.8394],[75.2622,24.8453],[75.1937,24.8958],[75.1881,24.8671],[75.2104,24.821],[75.172,24.7625],[75.2037,24.725],[75.3086,24.7247],[75.3876,24.7047],[75.448,24.7031],[75.5499,24.7258],[75.649,24.7383],[75.7175,24.7747],[75.7588,24.7774],[75.8134,24.7177],[75.8201,24.6513],[75.8694,24.5994],[75.8749,24.5143],[75.8376,24.47],[75.7922,24.4942],[75.745,24.4688],[75.7344,24.424],[75.7591,24.334],[75.8009,24.3063],[75.7948,24.2516],[75.7478,24.19],[75.7518,24.1534],[75.805,24.1191],[75.7941,24.0804],[75.7653,24.0554],[75.73,24.0007],[75.6728,24.0224],[75.6218,23.9952],[75.5389,24.0414],[75.513,24.036],[75.4861,23.9889],[75.4903,23.9399],[75.5242,23.905],[75.5782,23.8757],[75.5971,23.8179],[75.6376,23.8138],[75.6998,23.7932],[75.7285,23.8674],[75.7203,23.9065],[75.7483,23.9123],[75.7765,23.8831],[75.8124,23.8869],[75.8994,23.9183],[75.9734,23.9554],[75.9979,23.9839],[75.9802,24.026],[75.999,24.0511],[76.0832,24.0981],[76.1166,24.134],[76.1167,24.2514],[76.1327,24.3294],[76.189,24.3521],[76.1902,24.3106],[76.2303,24.2779],[76.3047,24.2831],[76.3586,24.2651],[76.4561,24.265],[76.4775,24.2535],[76.4948,24.2144],[76.5427,24.2152],[76.5725,24.2732],[76.6492,24.3094],[76.6729,24.2838],[76.654,24.2405],[76.6692,24.2236],[76.7666,24.1603],[76.8703,24.1817],[76.8916,24.2409],[76.8316,24.3162],[76.8146,24.3601],[76.8164,24.4261],[76.8058,24.4621],[76.8142,24.5019],[76.8062,24.5558],[76.8284,24.5766],[76.8805,24.5619],[76.8979,24.5039],[76.9429,24.5002],[77.0352,24.5384],[77.0589,24.5616],[77.0591,24.6023],[77.0374,24.6703],[76.9668,24.7375],[76.8778,24.7439],[76.8481,24.7597],[76.7806,24.8371],[76.7972,24.855],[76.8473,24.8624],[76.8832,24.897],[76.8782,24.9354],[76.8455,25.0066],[76.861,25.0338],[76.9994,25.0877],[77.088,25.0937],[77.1874,25.1275],[77.2798,25.1269],[77.3097,25.11],[77.3413,25.114],[77.3824,25.1429],[77.3989,25.2122],[77.363,25.2621],[77.3653,25.3244],[77.3428,25.3677],[77.3586,25.4071],[77.3277,25.4432],[77.2555,25.4335],[77.2225,25.4027],[77.2016,25.3556],[77.1413,25.342],[77.0806,25.3532],[77.0015,25.3176],[76.9135,25.3093],[76.8697,25.3379],[76.8278,25.3446],[76.7802,25.332],[76.7171,25.368],[76.6523,25.3792],[76.6107,25.4308],[76.5514,25.4601],[76.5215,25.5502],[76.4922,25.6868],[76.4784,25.7198],[76.5127,25.7446],[76.5179,25.7993],[76.546,25.8483],[76.6275,25.893],[76.6518,25.9227],[76.727,25.9163],[76.7961,25.9645],[76.8155,26.0188],[76.8875,26.0638],[76.908,26.0986],[76.9919,26.1359],[77.0104,26.1662],[77.0825,26.1853],[77.1247,26.2379],[77.2097,26.242],[77.2881,26.3],[77.3234,26.352],[77.3496,26.3649],[77.4313,26.3737],[77.4315,26.4001],[77.4596,26.4168],[77.4999,26.4116],[77.6168,26.483],[77.7151,26.506],[77.744,26.5362],[77.8315,26.5758],[77.8192,26.6051],[77.8699,26.6193],[77.9028,26.664],[77.95,26.6698],[78.0128,26.6956],[78.0794,26.6829],[78.1004,26.7429],[78.1012,26.7951],[78.1515,26.7832],[78.169,26.8222],[78.2001,26.8236],[78.1776,26.857],[78.2465,26.9178],[78.2231,26.9371],[78.1519,26.9509],[78.1069,26.9473],[78.0661,26.9123],[78.0293,26.91],[78.0213,26.8749],[77.9766,26.9044],[77.8888,26.915],[77.8526,26.9029],[77.8218,26.9194],[77.7338,26.9335],[77.7046,26.9298],[77.6414,26.8832],[77.5105,26.8333],[77.4663,26.8334],[77.4319,26.7812],[77.3949,26.7885],[77.4022,26.8642],[77.4608,26.9042],[77.6285,26.9732],[77.7,26.9887],[77.6526,27.0391],[77.6236,27.0313],[77.5597,27.0368],[77.5134,27.1092],[77.5914,27.1307],[77.6041,27.1607],[77.6403,27.1773],[77.6573,27.2027],[77.6355,27.2254],[77.6105,27.2793],[77.6061,27.3236],[77.5564,27.3385],[77.502,27.3749],[77.4598,27.3851],[77.4277,27.4176],[77.4153,27.4593],[77.3456,27.5419],[77.342,27.5925],[77.3196,27.6297],[77.3347,27.6532],[77.3274,27.69],[77.2942,27.722],[77.2807,27.8094],[77.2234,27.796],[77.1992,27.8162],[77.158,27.817],[77.1172,27.7931],[77.0408,27.8073],[77.0379,27.7736],[77.0717,27.7411],[77.02,27.7362],[76.973,27.6793],[76.9105,27.6704],[76.9189,27.7117],[76.9009,27.7344],[76.9154,27.8153],[76.9406,27.8521],[76.9374,27.9807],[76.9209,28.0335],[76.9406,28.123],[76.9253,28.1664],[76.8566,28.229],[76.8039,28.2191],[76.7581,28.1597],[76.6468,28.0855],[76.658,28.017],[76.5905,28.001],[76.5531,27.9712],[76.5165,28.0421],[76.4499,28.0593],[76.4825,28.1221],[76.4535,28.1628],[76.368,28.1564],[76.3435,28.1841],[76.2995,28.1764],[76.3407,28.1397],[76.3044,28.1176],[76.3465,28.0758],[76.3047,28.0488],[76.2667,28.0775],[76.1633,28.0579],[76.1578,28.0197],[76.1791,27.9576],[76.1801,27.9096],[76.215,27.8415],[76.1791,27.8077],[76.1203,27.8519],[75.9999,27.8427],[75.9733,27.8886],[75.9315,27.9181],[75.9357,27.9557],[75.9861,27.9706],[75.9661,27.9998],[75.9928,28.0507],[75.9855,28.0869],[75.9486,28.1031],[75.9619,28.1395],[75.9947,28.151],[76.0325,28.1878],[76.0814,28.1746],[76.0262,28.2622],[75.9578,28.3435],[75.8871,28.4038],[75.8182,28.4308],[75.7819,28.4283],[75.7744,28.4631],[75.6986,28.5206],[75.5936,28.6427],[75.5264,28.8044],[75.486,28.9268],[75.5162,28.9575],[75.515,28.9965],[75.4521,29.0239],[75.3929,29.106],[75.3763,29.1701],[75.4082,29.1905],[75.3915,29.2527],[75.3434,29.235],[75.3238,29.2606],[75.3284,29.2962],[75.277,29.2822],[75.2497,29.2564],[75.2141,29.2537],[75.1742,29.2722],[75.1066,29.2382],[75.0649,29.2467],[75.0421,29.2857],[74.9696,29.2843],[74.931,29.3591],[74.9072,29.3785],[74.8214,29.4029],[74.7586,29.3643],[74.7094,29.3711],[74.6491,29.3635],[74.6128,29.3328],[74.5371,29.4414],[74.5577,29.4675],[74.6021,29.4704],[74.6119,29.5307],[74.5748,29.5897],[74.5834,29.6743],[74.6027,29.7264],[74.5919,29.769],[74.5063,29.7368],[74.468,29.7444],[74.4665,29.7989],[74.4857,29.8267],[74.547,29.8608],[74.5448,29.888],[74.5143,29.9154],[74.5165,29.9472],[74.3856,29.9631],[74.2906,29.9625],[73.9159,29.9799],[73.8871,29.9842],[73.8985,30.0349],[73.9697,30.1374],[73.9771,30.1781],[73.9468,30.2041]]]},"properties":{"name":"Rajasthan","adm0_a3":"IND"}},
{"type":"Feature","geometry":{"type":"Polygon","coordinates":[[[71.0566,24.6928],[71.0433,24.6691],[70.9771,24.6397],[70.9548,24.5845],[70.9819,24.5285],[70.9771,24.4649],[71.075,24.4364],[71.0731,24.4021],[71.0251,24.3863],[70.9967,24.3566],[70.9177,24.3617],[70.8409,24.3058],[70.8515,24.2649],[70.7555,24.2314],[70.6215,24.2412],[70.5847,24.2579],[70.5602,24.2873],[70.5465,24.3731],[70.5752,24.4],[70.5629,24.4241],[70.5209,24.4249],[70.4164,24.4019],[70.3532,24.3663],[70.2985,24.3634],[70.2426,24.3306],[70.1097,24.3049],[70.0872,24.2826],[70.0521,24.2021],[70.016,24.1741],[69.972,24.1652],[69.7691,24.1626],[69.7146,24.1686],[69.6706,24.1887],[69.5923,24.2646],[69.5631,24.2768],[69.2808,24.2837],[69.2062,24.2586],[69.1482,24.2567],[69.0919,24.2819],[69.0485,24.2852],[68.9808,24.2554],[68.9487,24.2703],[68.9132,24.3173],[68.8903,24.3195],[68.8489,24.244],[68.8197,24.2503],[68.8138,24.3084],[68.7992,24.3291],[68.7473,24.3312],[68.7259,24.2892],[68.7245,23.9652],[68.4316,23.9671],[68.335,23.941],[68.3141,23.9159],[68.2549,23.9291],[68.2519,23.9048],[68.2073,23.877],[68.1835,23.8433],[68.1637,23.7577],[68.1978,23.7748],[68.1975,23.7145],[68.241,23.674],[68.1843,23.6519],[68.1434,23.6127],[68.1814,23.5941],[68.3273,23.5869],[68.342,23.624],[68.4108,23.7005],[68.4728,23.7375],[68.51,23.7441],[68.5877,23.7757],[68.6335,23.8331],[68.7178,23.841],[68.7669,23.8784],[68.7688,23.8411],[68.7156,23.8157],[68.6707,23.8157],[68.6379,23.7615],[68.6017,23.7487],[68.5388,23.684],[68.4655,23.6553],[68.4715,23.6186],[68.4275,23.6314],[68.4089,23.6213],[68.4061,23.5087],[68.4474,23.4875],[68.4237,23.4458],[68.4754,23.4049],[68.5015,23.4233],[68.5151,23.377],[68.561,23.3639],[68.5991,23.3223],[68.561,23.3161],[68.541,23.2782],[68.5523,23.2597],[68.6053,23.2596],[68.6201,23.2454],[68.6091,23.2068],[68.6497,23.1809],[68.6506,23.1621],[68.6913,23.1305],[68.8662,23.02],[69.0399,22.9505],[69.1356,22.8884],[69.2019,22.8522],[69.2388,22.8419],[69.3381,22.8331],[69.3726,22.819],[69.5108,22.7805],[69.557,22.7785],[69.5857,22.7612],[69.6538,22.7605],[69.7158,22.7469],[69.7601,22.8083],[69.8332,22.8585],[69.9407,22.8861],[69.9969,22.8938],[70.0618,22.9182],[70.1201,22.925],[70.1631,22.949],[70.222,22.9592],[70.2497,22.9875],[70.2693,22.9586],[70.3467,22.9313],[70.3988,22.9455],[70.411,23.0232],[70.3988,23.069],[70.4509,23.1057],[70.4671,23.1297],[70.5149,23.0895],[70.5272,23.0236],[70.4863,22.9637],[70.4534,22.9666],[70.3753,22.9027],[70.3225,22.8227],[70.3191,22.7783],[70.2073,22.615],[70.1785,22.562],[70.1447,22.5478],[70.0591,22.5584],[69.9621,22.5353],[69.9053,22.4864],[69.8333,22.4638],[69.807,22.421],[69.7887,22.4232],[69.7422,22.473],[69.7254,22.4645],[69.6994,22.4043],[69.6747,22.4111],[69.6161,22.3559],[69.5547,22.3776],[69.5598,22.4115],[69.5479,22.4521],[69.516,22.4481],[69.5256,22.3921],[69.4854,22.3476],[69.4354,22.3304],[69.3599,22.3292],[69.3357,22.3061],[69.2865,22.2846],[69.2121,22.2739],[69.1738,22.3083],[69.1821,22.3664],[69.2057,22.3987],[69.1786,22.4276],[69.147,22.4049],[69.0718,22.3995],[69.0482,22.4316],[69.0745,22.4494],[69.0736,22.4819],[68.9929,22.4316],[68.9744,22.4047],[68.9446,22.2951],[68.9942,22.2039],[69.0482,22.1579],[69.103,22.0764],[69.1506,22.0412],[69.1984,21.9797],[69.2439,21.946],[69.3362,21.8625],[69.3952,21.8613],[69.3977,21.8153],[69.4463,21.7663],[69.4785,21.7526],[69.5682,21.6501],[69.6297,21.616],[69.7564,21.4904],[69.8086,21.4658],[69.8147,21.4337],[69.845,21.3896],[69.9116,21.315],[69.9583,21.2733],[70.0544,21.1532],[70.1522,21.0785],[70.2635,20.9804],[70.3367,20.9271],[70.3988,20.9035],[70.4514,20.8559],[70.5415,20.8078],[70.6986,20.7464],[70.7308,20.7232],[70.7746,20.7274],[70.8402,20.7019],[70.973,20.7096],[71.006,20.7366],[71.0623,20.739],[71.0955,20.7637],[71.1406,20.7657],[71.3186,20.8493],[71.3781,20.8594],[71.4623,20.8853],[71.4934,20.9291],[71.5511,20.9736],[71.5835,20.9582],[71.64,20.9968],[71.7176,21.0321],[71.763,21.0323],[71.8062,21.0621],[71.9263,21.13],[71.9907,21.1364],[72.055,21.1684],[72.1047,21.2051],[72.0908,21.2529],[72.1115,21.2961],[72.1045,21.315],[72.1516,21.3602],[72.1668,21.3921],[72.2199,21.4447],[72.2422,21.4808],[72.2752,21.5955],[72.2957,21.616],[72.2957,21.6539],[72.2717,21.6909],[72.2404,21.6917],[72.2144,21.7128],[72.1958,21.7578],[72.166,21.7939],[72.1032,21.7752],[72.0739,21.7887],[72.0218,21.7743],[71.9961,21.7995],[72.0042,21.8577],[72.0628,21.8344],[72.1309,21.8463],[72.1619,21.8392],[72.1698,21.8904],[72.1421,21.925],[72.0876,21.9197],[72.1281,21.9835],[72.1634,21.9732],[72.1952,22.0036],[72.2577,22.0122],[72.3076,22.079],[72.3172,22.1849],[72.3065,22.2296],[72.2683,22.2268],[72.2063,22.2739],[72.2085,22.3004],[72.2647,22.2952],[72.2752,22.2603],[72.3283,22.2607],[72.3496,22.3244],[72.3713,22.3559],[72.405,22.333],[72.3804,22.3124],[72.3919,22.2535],[72.4137,22.2463],[72.4487,22.2668],[72.479,22.2334],[72.5212,22.2531],[72.5531,22.2825],[72.6066,22.2838],[72.6594,22.2739],[72.7566,22.2437],[72.8182,22.2734],[72.8695,22.2624],[72.9175,22.2714],[72.916,22.2231],[72.8972,22.213],[72.8474,22.2404],[72.7902,22.2172],[72.7482,22.164],[72.7078,22.1858],[72.6819,22.1816],[72.6345,22.2104],[72.5905,22.205],[72.5422,22.1567],[72.5195,22.0884],[72.5222,22.0543],[72.5046,21.9942],[72.5071,21.9623],[72.5427,21.9108],[72.6027,21.9436],[72.6231,21.9666],[72.6935,21.9723],[72.6901,21.9388],[72.6521,21.9411],[72.6184,21.9251],[72.5855,21.8589],[72.5628,21.8394],[72.5563,21.7743],[72.5321,21.7139],[72.5503,21.6667],[72.6161,21.6855],[72.6764,21.6781],[72.7332,21.6875],[72.7981,21.6735],[72.8582,21.695],[72.9269,21.685],[73.0225,21.716],[73.1188,21.7647],[73.127,21.7468],[73.0225,21.6986],[72.9653,21.6788],[72.9356,21.6584],[72.8716,21.6365],[72.8104,21.6351],[72.7891,21.5955],[72.7512,21.5651],[72.6901,21.5407],[72.6196,21.4874],[72.5837,21.4174],[72.6125,21.4219],[72.665,21.4572],[72.7283,21.4658],[72.6351,21.4075],[72.5737,21.3901],[72.6032,21.3527],[72.5868,21.3412],[72.6061,21.2666],[72.647,21.2536],[72.721,21.1988],[72.6304,21.136],[72.615,21.1059],[72.6379,21.0854],[72.6712,21.0998],[72.6727,21.1457],[72.714,21.1641],[72.7287,21.1481],[72.7004,21.0748],[72.7996,21.1288],[72.8159,21.1215],[72.8499,21.048],[72.8231,21.0338],[72.7839,21.0404],[72.8327,20.9724],[72.8865,20.9621],[72.8367,20.9299],[72.8938,20.8701],[72.8858,20.8071],[72.945,20.77],[72.8989,20.7322],[72.9094,20.6987],[72.9026,20.6419],[72.8853,20.6192],[72.8904,20.5527],[72.8792,20.5124],[72.847,20.4683],[72.8796,20.4395],[72.8818,20.3921],[72.8181,20.3788],[72.7868,20.3522],[72.7482,20.2803],[72.7283,20.1295],[72.7081,20.0726],[72.7708,20.0997],[72.8058,20.0925],[72.8726,20.1018],[72.9472,20.1274],[72.9354,20.1919],[72.8967,20.2215],[72.9027,20.2583],[72.9453,20.2559],[72.9635,20.2952],[72.9976,20.2936],[73.0499,20.3303],[73.0713,20.2966],[73.117,20.2872],[73.1122,20.2549],[73.0468,20.2213],[73.0339,20.1924],[73.0418,20.1577],[73.0658,20.1383],[73.0963,20.1427],[73.1192,20.1824],[73.17,20.1645],[73.1663,20.1149],[73.193,20.111],[73.2433,20.1386],[73.2474,20.1753],[73.2718,20.1934],[73.3638,20.1783],[73.3839,20.1942],[73.38,20.2283],[73.3941,20.2704],[73.3833,20.3487],[73.3607,20.3694],[73.4421,20.4955],[73.4587,20.538],[73.4438,20.5867],[73.4169,20.5926],[73.4042,20.6699],[73.429,20.7104],[73.4535,20.7172],[73.4758,20.6787],[73.5995,20.6046],[73.63,20.5639],[73.6998,20.5624],[73.7923,20.6062],[73.8063,20.6264],[73.811,20.6769],[73.8892,20.7406],[73.909,20.7757],[73.9029,20.8839],[73.8683,20.9748],[73.8328,21.0037],[73.7898,21.0585],[73.7423,21.0731],[73.6952,21.1226],[73.634,21.1194],[73.5599,21.1742],[73.5769,21.1946],[73.632,21.1659],[73.6981,21.1656],[73.7774,21.2166],[73.8001,21.2809],[73.8537,21.2678],[73.9186,21.2916],[73.9602,21.3944],[74.0535,21.4657],[74.1087,21.4516],[74.2406,21.4861],[74.2915,21.5139],[74.2972,21.5531],[74.2798,21.574],[74.1916,21.5455],[74.1615,21.5662],[74.109,21.5526],[73.9959,21.5553],[73.9239,21.5313],[73.8208,21.5083],[73.7516,21.611],[73.8286,21.6509],[73.8372,21.6976],[73.8035,21.7398],[73.7976,21.8134],[73.8094,21.8365],[73.9176,21.8669],[73.9746,21.9012],[74.061,21.9403],[74.1288,21.9518],[74.129,22.0247],[74.1419,22.0628],[74.1173,22.102],[74.1065,22.1524],[74.0715,22.1978],[74.0564,22.2942],[74.0722,22.3443],[74.0985,22.3458],[74.1368,22.3209],[74.1801,22.3271],[74.2243,22.3492],[74.2445,22.3754],[74.2215,22.4094],[74.1644,22.4167],[74.113,22.4107],[74.0818,22.4278],[74.0257,22.4796],[74.0334,22.5096],[74.0631,22.5209],[74.1197,22.5044],[74.1612,22.5167],[74.1976,22.5556],[74.2727,22.6097],[74.3302,22.6152],[74.3764,22.651],[74.4581,22.8041],[74.4519,22.8409],[74.4266,22.8716],[74.365,22.875],[74.355,22.8989],[74.3439,22.9869],[74.3235,23.0361],[74.3015,23.0757],[74.2742,23.0901],[74.2333,23.1559],[74.1848,23.1775],[74.1467,23.1581],[74.109,23.1911],[74.1058,23.2477],[74.0837,23.2715],[74.03,23.2977],[73.9595,23.3588],[73.9045,23.3334],[73.8556,23.3696],[73.8119,23.4346],[73.7895,23.4398],[73.7107,23.415],[73.6661,23.4418],[73.6188,23.4519],[73.6295,23.4982],[73.6165,23.525],[73.6206,23.5826],[73.5944,23.6274],[73.5664,23.6354],[73.5136,23.5999],[73.5008,23.6073],[73.5108,23.6845],[73.498,23.7064],[73.439,23.7294],[73.4117,23.7792],[73.3617,23.7842],[73.364,23.8891],[73.3754,23.909],[73.4239,23.9409],[73.3994,23.9998],[73.3885,24.0575],[73.3541,24.1047],[73.3313,24.0938],[73.3037,24.0455],[73.2456,24.0155],[73.208,24.054],[73.1895,24.0937],[73.1173,24.139],[73.0793,24.2043],[73.1075,24.2923],[73.1372,24.3359],[73.2003,24.3396],[73.2166,24.369],[73.1967,24.3905],[73.1657,24.3784],[73.105,24.3987],[73.095,24.5036],[73.062,24.5074],[72.9997,24.4933],[72.9745,24.4642],[72.9587,24.3901],[72.9246,24.3634],[72.8974,24.3606],[72.8357,24.3769],[72.747,24.3807],[72.6906,24.4167],[72.6676,24.4609],[72.5995,24.4801],[72.5557,24.5067],[72.5009,24.4961],[72.4848,24.4438],[72.4491,24.4348],[72.4188,24.4888],[72.4186,24.5173],[72.356,24.5247],[72.3307,24.5559],[72.2752,24.5684],[72.2617,24.6082],[72.3284,24.6172],[72.3185,24.6454],[72.2063,24.6301],[72.0994,24.6566],[72.0509,24.7084],[71.9867,24.6953],[71.9479,24.6626],[71.9015,24.6618],[71.8767,24.6856],[71.8414,24.6784],[71.8215,24.6357],[71.7848,24.6431],[71.7509,24.6781],[71.6519,24.658],[71.591,24.6819],[71.5458,24.6881],[71.4496,24.6819],[71.3784,24.6467],[71.322,24.6623],[71.2515,24.6368],[71.2224,24.6368],[71.1297,24.661],[71.0566,24.6928]]]},"properties":{"name":"Gujarat","adm0_a3":"IND"}},
{"type":"Feature","geometry":{"type":"Polygon","coordinates":[[[78.381,32.528],[78.3134,32.4717],[78.2704,32.5042],[78.3041,32.5962],[78.3747,32.6488],[78.3843,32.6994],[78.3666,32.7652],[78.3177,32.7647],[78.3051,32.7295],[78.2539,32.6979],[78.1915,32.692],[78.1146,32.6677],[78.059,32.6183],[78.0089,32.6103],[77.9385,32.6953],[77.9289,32.7624],[77.8935,32.803],[77.8579,32.873],[77.7652,32.9626],[77.7211,33.0126],[77.6734,32.9994],[77.539,32.9184],[77.444,32.8945],[77.394,32.8899],[77.3487,32.8672],[77.1358,32.9268],[76.9999,33.0072],[76.9561,33.0251],[76.903,33.0738],[76.8295,33.1255],[76.7687,33.1868],[76.7398,33.1974],[76.6259,33.1893],[76.5586,33.2315],[76.5122,33.2172],[76.3967,33.1977],[76.2943,33.1479],[76.2617,33.0865],[76.2159,33.0511],[76.1008,33.0131],[75.9724,32.911],[75.9436,32.8981],[75.9117,32.9259],[75.8696,32.94],[75.8264,32.9381],[75.8049,32.8986],[75.9093,32.7727],[75.9014,32.7029],[75.9247,32.652],[75.9226,32.6173],[75.8659,32.5606],[75.8474,32.5167],[75.8706,32.4997],[75.9117,32.4314],[75.9058,32.4133],[75.8575,32.39],[75.7793,32.3366],[75.7427,32.2993],[75.6927,32.2723],[75.6229,32.2585],[75.6063,32.2259],[75.6146,32.1968],[75.6598,32.1953],[75.6394,32.1468],[75.5822,32.0923],[75.6016,32.0689],[75.7065,32.0498],[75.8797,31.9724],[75.9643,31.8488],[75.9233,31.8063],[76.0705,31.5642],[76.1259,31.4305],[76.1585,31.3386],[76.2011,31.307],[76.2428,31.3181],[76.2754,31.3104],[76.2945,31.3475],[76.3228,31.3642],[76.3221,31.4128],[76.3736,31.4192],[76.4335,31.3178],[76.4834,31.2907],[76.5611,31.2767],[76.5814,31.2311],[76.6284,31.2201],[76.6014,31.1775],[76.5998,31.1349],[76.6231,31.1073],[76.6059,31.0726],[76.6153,31.0301],[76.6452,30.9993],[76.7682,30.9076],[76.8205,30.9294],[76.847,30.8987],[76.9057,30.8993],[76.9339,30.8704],[76.9489,30.8295],[76.9946,30.802],[77.0015,30.7773],[77.1151,30.7221],[77.1503,30.664],[77.1453,30.5959],[77.1301,30.5687],[77.1478,30.5387],[77.2013,30.5002],[77.3034,30.4603],[77.3591,30.4498],[77.3805,30.4293],[77.4122,30.4356],[77.4614,30.4173],[77.5133,30.4249],[77.5851,30.3829],[77.5653,30.4149],[77.5978,30.437],[77.665,30.446],[77.813,30.5211],[77.8089,30.552],[77.7736,30.5576],[77.7433,30.6006],[77.7708,30.6351],[77.7443,30.6854],[77.7349,30.7359],[77.707,30.7594],[77.7058,30.7915],[77.7519,30.8831],[77.7872,30.8738],[77.7891,30.9306],[77.7501,30.969],[77.8082,31.004],[77.806,31.0505],[77.9411,31.1729],[78.0397,31.1722],[78.1862,31.2481],[78.2345,31.2612],[78.2842,31.2903],[78.3687,31.29],[78.4017,31.2681],[78.4427,31.262],[78.501,31.2196],[78.5817,31.2311],[78.6516,31.2154],[78.7927,31.207],[78.8197,31.1643],[78.8695,31.122],[78.9332,31.1185],[78.9932,31.1308],[78.9933,31.1634],[78.9363,31.2404],[78.8926,31.2818],[78.862,31.2915],[78.7845,31.2883],[78.7532,31.302],[78.7385,31.335],[78.7626,31.4451],[78.6954,31.4881],[78.6995,31.51],[78.797,31.5788],[78.8189,31.6074],[78.7581,31.6666],[78.7313,31.668],[78.6932,31.7185],[78.6956,31.7467],[78.6709,31.7705],[78.7003,31.8217],[78.7202,31.9029],[78.7446,31.9642],[78.7222,31.9946],[78.6493,32.0364],[78.5518,32.1504],[78.5131,32.2076],[78.458,32.2297],[78.4627,32.2818],[78.4364,32.3962],[78.4488,32.4268],[78.4092,32.4766],[78.381,32.528]]]},"properties":{"name":"Himachal Pradesh","adm0_a3":"IND"}},
{"type":"Feature","geometry":{"type":"Polygon","coordinates":[[[75.3481,34.5572],[75.2675,34.5983],[75.2129,34.645],[75.111,34.6336],[75.0178,34.6297],[74.6649,34.6883],[74.4121,34.7645],[74.3489,34.7734],[74.2858,34.7689],[74.2218,34.7478],[74.1209,34.6909],[73.9622,34.6682],[73.9193,34.6425],[73.926,34.565],[73.8631,34.5171],[73.8455,34.4565],[73.7963,34.4185],[73.7749,34.371],[73.8042,34.3275],[73.8533,34.3074],[73.9377,34.3042],[73.9544,34.2872],[73.9983,34.1968],[73.9767,34.1616],[73.9169,34.1353],[73.8844,34.0842],[73.8937,34.0543],[73.9458,34.0098],[73.9767,34.0046],[74.045,34.0194],[74.1184,34.0025],[74.2284,34.0129],[74.2597,33.9944],[74.2723,33.9621],[74.2395,33.901],[74.1775,33.8575],[74.1423,33.8442],[74.0346,33.8286],[73.9767,33.7589],[73.9608,33.6923],[73.9767,33.6484],[74.0242,33.6143],[74.0881,33.5853],[74.1416,33.5494],[74.1578,33.4942],[74.1363,33.418],[74.1055,33.3452],[74.0554,33.292],[74.0017,33.2702],[73.9885,33.2086],[74.0023,33.1777],[74.0985,33.1048],[74.1539,33.0402],[74.1909,33.0221],[74.284,33.0088],[74.322,32.972],[74.3338,32.8493],[74.3065,32.8099],[74.3293,32.7764],[74.3677,32.7635],[74.419,32.7846],[74.4553,32.7786],[74.4845,32.7535],[74.521,32.7453],[74.5738,32.7526],[74.6141,32.7704],[74.6359,32.8221],[74.6853,32.8312],[74.6823,32.7873],[74.6497,32.7231],[74.656,32.6407],[74.6296,32.5881],[74.6626,32.4984],[74.6893,32.4714],[74.725,32.4608],[74.8382,32.4749],[74.907,32.4452],[75.0237,32.4663],[75.126,32.4117],[75.1962,32.3973],[75.2984,32.3324],[75.3904,32.3355],[75.4368,32.3602],[75.4514,32.324],[75.5024,32.3006],[75.538,32.3452],[75.612,32.3955],[75.6826,32.3998],[75.7294,32.4296],[75.743,32.4644],[75.7977,32.4811],[75.8474,32.5167],[75.8659,32.5606],[75.9226,32.6173],[75.9247,32.652],[75.9014,32.7029],[75.9093,32.7727],[75.8049,32.8986],[75.8264,32.9381],[75.8696,32.94],[75.9117,32.9259],[75.9436,32.8981],[75.9724,32.911],[76.1008,33.0131],[76.2159,33.0511],[76.2617,33.0865],[76.2943,33.1479],[76.3967,33.1977],[76.5122,33.2172],[76.5586,33.2315],[76.6259,33.1893],[76.7398,33.1974],[76.6887,33.2708],[76.6466,33.3521],[76.5778,33.4277],[76.488,33.5022],[76.3857,33.5387],[76.3053,33.552],[76.2461,33.5741],[76.2327,33.6499],[76.2358,33.7288],[76.2098,33.7943],[76.1664,33.8732],[76.0733,33.922],[76.0244,33.9821],[75.9779,33.9713],[75.8796,33.9637],[75.7417,34.0664],[75.6995,34.1177],[75.6913,34.1637],[75.6634,34.1992],[75.5846,34.2101],[75.4695,34.2801],[75.3745,34.371],[75.3441,34.469],[75.3481,34.5572]]]},"properties":{"name":"Jammu and Kashmir","adm0_a3":"IND"}},
{"type":"Feature","geometry":{"type":"Polygon","coordinates":[[[88.0871,26.5391],[88.0742,26.4539],[88.0443,26.4057],[88.0066,26.3699],[87.9755,26.3666],[87.9148,26.4083],[87.8707,26.4607],[87.8216,26.4375],[87.769,26.4515],[87.7422,26.4105],[87.7109,26.4057],[87.6812,26.4242],[87.587,26.378],[87.5521,26.3867],[87.4803,26.4234],[87.4496,26.4286],[87.3842,26.4186],[87.3564,26.4037],[87.3262,26.3533],[87.3005,26.346],[87.2453,26.3702],[87.2191,26.4081],[87.135,26.3942],[87.0833,26.4321],[87.0565,26.4949],[87.0413,26.5802],[86.9724,26.532],[86.876,26.4949],[86.8657,26.4724],[86.7964,26.4315],[86.7382,26.4437],[86.7136,26.4146],[86.5377,26.4949],[86.5106,26.5201],[86.3537,26.5826],[86.3232,26.5801],[86.2844,26.612],[86.2029,26.5846],[86.1221,26.6003],[86.0417,26.6455],[86.0114,26.6544],[85.9521,26.642],[85.8664,26.5799],[85.8216,26.5717],[85.8097,26.603],[85.781,26.5992],[85.7129,26.6532],[85.7022,26.6885],[85.7096,26.7625],[85.6878,26.8119],[85.5986,26.8544],[85.5195,26.8264],[85.4396,26.7877],[85.3859,26.7884],[85.337,26.7468],[85.2873,26.737],[85.1949,26.7589],[85.1657,26.7863],[85.162,26.851],[85.1228,26.8657],[85.044,26.8437],[85.018,26.8744],[84.9527,26.8976],[84.924,26.9557],[84.8518,26.9821],[84.8019,27.0138],[84.7607,26.999],[84.6402,27.0284],[84.6215,27.058],[84.6544,27.1254],[84.6577,27.2034],[84.6319,27.277],[84.577,27.329],[84.2894,27.3761],[84.2255,27.4404],[84.1858,27.4386],[84.1657,27.4722],[84.0796,27.5095],[84.0289,27.4537],[83.9758,27.4397],[83.923,27.45],[83.8341,27.434],[83.8712,27.3894],[83.8533,27.3462],[83.8928,27.324],[83.8841,27.2866],[83.9424,27.2225],[83.9383,27.1644],[84.0234,27.06],[84.0272,26.9996],[84.0706,26.9236],[84.149,26.8763],[84.1878,26.894],[84.2408,26.8742],[84.2464,26.757],[84.3063,26.7444],[84.3814,26.6774],[84.383,26.6417],[84.2295,26.6406],[84.1649,26.6537],[84.0992,26.6496],[84.054,26.5648],[83.9944,26.5478],[83.9714,26.5209],[83.9442,26.5497],[83.9201,26.5327],[83.9201,26.474],[83.9551,26.4539],[84.0261,26.4692],[84.1035,26.4186],[84.1776,26.4043],[84.1859,26.383],[84.163,26.3459],[84.1872,26.2928],[84.167,26.2745],[84.1138,26.2782],[84.0804,26.2593],[84.0231,26.2549],[83.9927,26.2411],[83.9881,26.2086],[84.0383,26.162],[84.0649,26.1035],[84.1503,26.066],[84.1759,26.0228],[84.2107,26.007],[84.2304,25.9568],[84.2615,25.9313],[84.2983,25.9286],[84.3743,25.9403],[84.4197,25.8896],[84.4701,25.8658],[84.5316,25.8621],[84.6055,25.7998],[84.6007,25.747],[84.5422,25.7054],[84.4867,25.7007],[84.4381,25.7187],[84.3728,25.7651],[84.3147,25.7422],[84.3242,25.6589],[84.276,25.6415],[84.2389,25.648],[84.2134,25.6831],[84.2129,25.728],[84.1798,25.7459],[84.1434,25.7362],[84.0582,25.6737],[84.0034,25.6082],[83.9181,25.5493],[83.9043,25.5295],[83.8114,25.486],[83.7749,25.445],[83.5156,25.3068],[83.4836,25.2842],[83.3841,25.2359],[83.3343,25.1726],[83.3233,25.068],[83.3599,25.009],[83.3666,24.9687],[83.3602,24.8633],[83.4041,24.8317],[83.4326,24.7925],[83.5088,24.7621],[83.531,24.7036],[83.5122,24.6754],[83.5254,24.6289],[83.5231,24.5297],[83.5387,24.5313],[83.6959,24.5063],[83.7677,24.5138],[83.7879,24.5373],[83.8498,24.5351],[83.9184,24.5438],[83.9924,24.5914],[84.0116,24.6328],[84.0439,24.6239],[84.0757,24.5621],[84.0956,24.5041],[84.1394,24.4712],[84.198,24.4903],[84.1974,24.5181],[84.3054,24.5308],[84.3246,24.5029],[84.3119,24.4511],[84.3528,24.4011],[84.4345,24.3465],[84.472,24.3074],[84.5192,24.3075],[84.5883,24.3944],[84.6576,24.3751],[84.6882,24.4307],[84.7985,24.4966],[84.8256,24.4849],[84.8352,24.4379],[84.8792,24.4268],[84.889,24.3728],[84.9089,24.3537],[84.9615,24.3484],[85.0806,24.3933],[85.0976,24.3442],[85.1577,24.3956],[85.171,24.4309],[85.261,24.4618],[85.2806,24.4873],[85.3746,24.4996],[85.3914,24.5095],[85.4824,24.5093],[85.5264,24.5016],[85.5784,24.5578],[85.6437,24.5501],[85.6624,24.5689],[85.6473,24.6486],[85.6808,24.6585],[85.701,24.7245],[85.746,24.77],[85.8309,24.7709],[85.8659,24.7517],[85.9116,24.6985],[85.9593,24.7032],[86.0181,24.743],[86.0329,24.7124],[86.0977,24.6905],[86.1177,24.597],[86.1549,24.5561],[86.1914,24.553],[86.2236,24.5679],[86.2905,24.5516],[86.3046,24.5003],[86.2725,24.4545],[86.2764,24.4348],[86.3551,24.3953],[86.4387,24.3404],[86.486,24.4105],[86.4944,24.4798],[86.5857,24.5614],[86.6492,24.5427],[86.7023,24.5478],[86.7554,24.5881],[86.8132,24.5542],[86.8899,24.5316],[86.8907,24.5645],[86.9255,24.6136],[87.0298,24.584],[87.05,24.597],[87.0694,24.6681],[87.0775,24.7453],[87.0681,24.7785],[87.1192,24.8511],[87.1173,24.9709],[87.1282,25.0016],[87.1855,25.062],[87.2659,25.0722],[87.2919,25.1743],[87.3638,25.1965],[87.4067,25.181],[87.4708,25.2842],[87.5235,25.3238],[87.5702,25.3035],[87.5987,25.2667],[87.6812,25.2454],[87.7262,25.2516],[87.7702,25.237],[87.7837,25.2141],[87.8381,25.2778],[87.8137,25.3473],[87.7748,25.367],[87.7438,25.4026],[87.768,25.4363],[87.8632,25.4786],[87.8782,25.4998],[87.9558,25.5341],[88.0058,25.5012],[88.0674,25.4911],[88.0431,25.5471],[88.0568,25.6141],[88.0464,25.6689],[88.0051,25.7108],[87.9426,25.7353],[87.9105,25.7651],[87.8651,25.8439],[87.8054,25.8737],[87.7874,25.9117],[87.8171,25.9371],[87.8314,26.0106],[87.8673,26.0492],[87.9367,26.099],[87.9794,26.1458],[88.0165,26.1509],[88.0798,26.1928],[88.1805,26.2855],[88.2201,26.2995],[88.2511,26.3268],[88.2972,26.3362],[88.2922,26.3765],[88.2595,26.3908],[88.2823,26.4284],[88.2374,26.4746],[88.195,26.5015],[88.194,26.5495],[88.1219,26.5305],[88.0871,26.5391]]]},"properties":{"name":"Bihar","adm0_a3":"IND"}},
{"type":"Feature","geometry":{"type":"Polygon","coordinates":[[[83.8533,27.3462],[83.802,27.3659],[83.6634,27.4323],[83.5904,27.4566],[83.481,27.4697],[83.387,27.4705],[83.361,27.4622],[83.371,27.4102],[83.3411,27.3569],[83.3049,27.3319],[83.2494,27.3481],[83.2316,27.3812],[83.1696,27.4312],[83.1328,27.4442],[83.0105,27.4434],[82.9472,27.4573],[82.8763,27.4875],[82.7521,27.495],[82.7297,27.5182],[82.7092,27.6309],[82.6797,27.6944],[82.6521,27.7042],[82.5262,27.6752],[82.4407,27.6664],[82.4019,27.6772],[82.3479,27.726],[82.2704,27.7605],[82.151,27.8483],[82.0904,27.8723],[82.0516,27.9052],[81.9759,27.917],[81.9464,27.9054],[81.9061,27.8631],[81.8557,27.8509],[81.7501,27.9097],[81.6889,27.9632],[81.615,27.9812],[81.5619,28.026],[81.4582,28.0773],[81.4482,28.1114],[81.396,28.1606],[81.3579,28.166],[81.3381,28.1327],[81.3071,28.1238],[81.2824,28.1916],[81.2243,28.2508],[81.1904,28.3381],[81.1463,28.3722],[81.0004,28.397],[80.9878,28.431],[80.9412,28.4327],[80.8867,28.4528],[80.8723,28.4969],[80.7817,28.5147],[80.7271,28.5597],[80.6786,28.5747],[80.6483,28.6198],[80.5636,28.647],[80.5558,28.6789],[80.4975,28.6701],[80.4849,28.6393],[80.4934,28.5756],[80.4688,28.5718],[80.4265,28.6168],[80.3883,28.6272],[80.3498,28.6202],[80.3183,28.6401],[80.291,28.6897],[80.257,28.7027],[80.2333,28.7327],[80.1476,28.7633],[80.1142,28.8026],[80.0731,28.8209],[80.0555,28.7791],[80.0006,28.7373],[79.9536,28.7363],[79.8957,28.7752],[79.887,28.818],[79.8445,28.8049],[79.8286,28.8245],[79.841,28.8553],[79.8126,28.8769],[79.7433,28.8852],[79.6994,28.8504],[79.6328,28.8633],[79.5882,28.8491],[79.5665,28.8793],[79.5262,28.8784],[79.4437,28.8496],[79.4167,28.9218],[79.3712,28.9699],[79.2964,28.9716],[79.1706,29.0511],[79.1304,29.1153],[79.0559,29.1518],[78.9504,29.127],[78.9138,29.1056],[78.9051,29.1588],[78.8677,29.2152],[78.7215,29.284],[78.7309,29.3201],[78.7968,29.3208],[78.8163,29.35],[78.86,29.3503],[78.9069,29.3884],[78.9064,29.4305],[78.8064,29.4531],[78.6431,29.5376],[78.589,29.5801],[78.5542,29.6209],[78.5148,29.6891],[78.4787,29.722],[78.3806,29.7616],[78.3527,29.7878],[78.3254,29.8431],[78.2865,29.8923],[78.2283,29.9474],[78.1773,29.9526],[78.155,29.9254],[78.1607,29.8771],[78.1905,29.7926],[78.1978,29.7482],[78.1891,29.7067],[78.155,29.675],[78.1072,29.6545],[78.0761,29.6641],[77.9828,29.7188],[77.9537,29.7232],[77.923,29.701],[77.8315,29.6599],[77.7838,29.7418],[77.7677,29.8194],[77.747,29.878],[77.7464,29.9773],[77.7906,30.0395],[77.835,30.1314],[77.8692,30.1658],[77.9205,30.1987],[77.9461,30.2283],[77.9289,30.2443],[77.8116,30.2923],[77.7506,30.3256],[77.6615,30.3949],[77.619,30.402],[77.5851,30.3829],[77.5851,30.3252],[77.5701,30.2782],[77.5094,30.2324],[77.4057,30.1416],[77.4033,30.1128],[77.2847,30.0381],[77.2773,30.0176],[77.2299,29.9766],[77.2097,29.9288],[77.1804,29.8043],[77.1414,29.7333],[77.1066,29.7023],[77.0878,29.6585],[77.0998,29.589],[77.0647,29.5695],[77.0775,29.4922],[77.1203,29.4838],[77.0656,29.4248],[77.1306,29.4264],[77.1498,29.4034],[77.1339,29.3426],[77.1501,29.3133],[77.1307,29.2806],[77.1414,29.1303],[77.1694,29.0365],[77.1957,28.9976],[77.1755,28.9631],[77.2097,28.9351],[77.2199,28.906],[77.2008,28.8768],[77.2167,28.8435],[77.2063,28.8219],[77.2272,28.7836],[77.3069,28.7206],[77.3375,28.6262],[77.2978,28.5694],[77.3274,28.5197],[77.3435,28.4983],[77.4076,28.469],[77.4282,28.4307],[77.4658,28.4343],[77.4682,28.3967],[77.497,28.3933],[77.4665,28.3152],[77.4879,28.299],[77.4908,28.2635],[77.5289,28.2535],[77.5286,28.1929],[77.4949,28.1518],[77.5038,28.0929],[77.4681,28.0468],[77.5038,28.0202],[77.5265,27.9745],[77.4799,27.898],[77.4245,27.8908],[77.3902,27.8607],[77.353,27.8538],[77.2807,27.8094],[77.2942,27.722],[77.3274,27.69],[77.3347,27.6532],[77.3196,27.6297],[77.342,27.5925],[77.3456,27.5419],[77.4153,27.4593],[77.4277,27.4176],[77.4598,27.3851],[77.502,27.3749],[77.5564,27.3385],[77.6061,27.3236],[77.6105,27.2793],[77.6355,27.2254],[77.6573,27.2027],[77.6403,27.1773],[77.6041,27.1607],[77.5914,27.1307],[77.5134,27.1092],[77.5597,27.0368],[77.6236,27.0313],[77.6526,27.0391],[77.7,26.9887],[77.6285,26.9732],[77.4608,26.9042],[77.4022,26.8642],[77.3949,26.7885],[77.4319,26.7812],[77.4663,26.8334],[77.5105,26.8333],[77.6414,26.8832],[77.7046,26.9298],[77.7338,26.9335],[77.8218,26.9194],[77.8526,26.9029],[77.8888,26.915],[77.9766,26.9044],[78.0213,26.8749],[78.0293,26.91],[78.0661,26.9123],[78.1069,26.9473],[78.1519,26.9509],[78.2231,26.9371],[78.2465,26.9178],[78.1776,26.857],[78.2001,26.8236],[78.2549,26.8173],[78.286,26.8548],[78.3715,26.851],[78.3849,26.8268],[78.4281,26.8225],[78.4616,26.7923],[78.518,26.7832],[78.5635,26.7585],[78.6225,26.7773],[78.6553,26.7764],[78.6932,26.7979],[78.7241,26.7764],[78.7924,26.7621],[78.8424,26.7119],[78.9051,26.7081],[78.9358,26.6944],[78.9457,26.6356],[78.9744,26.5716],[79.0281,26.4976],[79.0493,26.4407],[79.0397,26.3751],[79.0608,26.3551],[79.0193,26.2938],[78.9633,26.2781],[78.9386,26.2305],[78.9541,26.192],[78.9271,26.1781],[78.92,26.1447],[78.9541,26.11],[78.9144,26.0428],[78.8797,25.9561],[78.8352,25.9057],[78.8083,25.8416],[78.7398,25.7898],[78.7271,25.7402],[78.7536,25.6743],[78.7476,25.6427],[78.7145,25.6259],[78.6161,25.6076],[78.5584,25.5755],[78.4607,25.5746],[78.3705,25.5527],[78.33,25.4648],[78.2619,25.4117],[78.2564,25.3767],[78.2977,25.3278],[78.3663,25.186],[78.3455,25.1392],[78.3303,25.0664],[78.3365,25.023],[78.3127,24.9875],[78.2573,24.9402],[78.1804,24.8925],[78.1691,24.8655],[78.1978,24.8394],[78.2249,24.7941],[78.2307,24.7343],[78.2613,24.6927],[78.258,24.6449],[78.2723,24.6244],[78.2648,24.5835],[78.2288,24.5327],[78.2444,24.4879],[78.2775,24.4531],[78.3505,24.408],[78.3301,24.342],[78.3565,24.3092],[78.3855,24.3012],[78.435,24.3281],[78.4527,24.3845],[78.4894,24.4108],[78.5358,24.3886],[78.6559,24.2946],[78.7466,24.2794],[78.7621,24.2357],[78.7921,24.2174],[78.8258,24.2301],[78.8668,24.2721],[78.902,24.3464],[78.955,24.3925],[78.9785,24.44],[78.9783,24.4674],[78.9285,24.4807],[78.9136,24.5005],[78.9224,24.5333],[78.8934,24.5713],[78.8787,24.6132],[78.8271,24.6471],[78.7504,24.6298],[78.7331,24.6354],[78.7154,24.6851],[78.7362,24.7255],[78.7321,24.8149],[78.6976,24.8886],[78.6591,24.9243],[78.6402,24.9641],[78.6098,25.1363],[78.5737,25.2122],[78.5159,25.2662],[78.5304,25.3157],[78.5756,25.3644],[78.5971,25.414],[78.6315,25.4155],[78.7275,25.3464],[78.7315,25.3959],[78.7488,25.4261],[78.7226,25.4617],[78.7269,25.4945],[78.7819,25.524],[78.7972,25.4998],[78.8008,25.4269],[78.8531,25.434],[78.8618,25.515],[78.9012,25.5362],[78.9191,25.5046],[78.9167,25.438],[78.9531,25.4423],[78.9549,25.3857],[78.9366,25.3572],[78.9355,25.3041],[78.885,25.2655],[78.8677,25.2377],[78.864,25.1916],[78.8911,25.1754],[78.9304,25.2138],[78.9834,25.2374],[78.9867,25.2762],[79.0143,25.2812],[79.044,25.2506],[79.0178,25.2259],[79.024,25.1746],[79.109,25.195],[79.1159,25.1538],[79.1428,25.1507],[79.1715,25.1817],[79.269,25.1641],[79.2873,25.2056],[79.2631,25.2747],[79.2643,25.3089],[79.3025,25.3646],[79.3217,25.3394],[79.297,25.3028],[79.2945,25.2594],[79.3176,25.2424],[79.3481,25.2735],[79.4049,25.2779],[79.4247,25.2572],[79.3687,25.175],[79.3391,25.1474],[79.3374,25.0811],[79.392,25.0741],[79.3926,25.1307],[79.4269,25.1451],[79.4682,25.1038],[79.4938,25.114],[79.5416,25.1766],[79.5782,25.1746],[79.6611,25.1481],[79.7736,25.1536],[79.7919,25.1338],[79.8633,25.1532],[79.8642,25.1774],[79.837,25.2111],[79.8521,25.2478],[79.9348,25.2704],[80.0153,25.3309],[80.087,25.3616],[80.1245,25.351],[80.1677,25.3803],[80.1911,25.4133],[80.2836,25.4145],[80.3123,25.3687],[80.3265,25.2823],[80.395,25.2467],[80.422,25.1807],[80.3545,25.1438],[80.3047,25.0893],[80.2653,25.0638],[80.2883,25.0162],[80.3375,25.0211],[80.3918,25.0121],[80.4114,25.0274],[80.4584,25.0151],[80.5151,25.0407],[80.4783,25.0676],[80.4578,25.1095],[80.5387,25.1053],[80.5509,25.1423],[80.5795,25.1479],[80.6059,25.1014],[80.6472,25.0701],[80.7179,25.082],[80.7173,25.1122],[80.6732,25.1387],[80.6866,25.1562],[80.7611,25.1584],[80.7878,25.1742],[80.8061,25.2122],[80.8354,25.2177],[80.8589,25.1876],[80.8299,25.1248],[80.8243,25.0874],[80.7957,25.0599],[80.7649,25.0001],[80.7787,24.9715],[80.8404,24.9706],[80.893,24.9841],[80.9437,24.9533],[80.9988,24.9657],[81.0981,24.9086],[81.1374,24.9487],[81.1848,24.9729],[81.1805,25.0251],[81.239,25.0981],[81.2432,25.1695],[81.3092,25.1719],[81.3605,25.157],[81.3696,25.1116],[81.4457,25.1074],[81.4655,25.1174],[81.4445,25.1747],[81.537,25.1998],[81.5585,25.171],[81.5852,25.0796],[81.6651,25.0645],[81.7076,25.0653],[81.7345,25.0247],[81.8172,25.0358],[81.8421,25.0271],[81.874,24.9802],[81.8666,24.9429],[81.8811,24.9215],[81.9561,24.871],[82.0332,24.8595],[82.1055,24.8134],[82.1374,24.8092],[82.1955,24.8439],[82.2164,24.8063],[82.208,24.7643],[82.2333,24.7587],[82.2664,24.7851],[82.2637,24.7226],[82.319,24.702],[82.3262,24.6799],[82.3027,24.6381],[82.3952,24.6322],[82.4236,24.6475],[82.4271,24.7186],[82.4534,24.722],[82.5491,24.6919],[82.6239,24.6919],[82.6922,24.7198],[82.7165,24.6804],[82.7721,24.6683],[82.8148,24.5963],[82.8084,24.5664],[82.756,24.5683],[82.7344,24.5516],[82.7428,24.4862],[82.7341,24.4197],[82.767,24.386],[82.7648,24.33],[82.7411,24.2778],[82.7329,24.2141],[82.6794,24.1668],[82.7388,24.1075],[82.7327,24.0726],[82.7697,24.0413],[82.8009,23.9987],[82.8394,23.9896],[82.8941,23.9422],[82.9644,23.9139],[83.0415,23.917],[83.0888,23.911],[83.2063,23.944],[83.2487,23.9939],[83.2692,24.0592],[83.3019,24.0776],[83.3371,24.1402],[83.3602,24.1983],[83.4077,24.2607],[83.4162,24.3054],[83.454,24.3616],[83.4086,24.4329],[83.3942,24.4744],[83.4017,24.4983],[83.4378,24.5209],[83.5231,24.5297],[83.5254,24.6289],[83.5122,24.6754],[83.531,24.7036],[83.5088,24.7621],[83.4326,24.7925],[83.4041,24.8317],[83.3602,24.8633],[83.3666,24.9687],[83.3599,25.009],[83.3233,25.068],[83.3343,25.1726],[83.3841,25.2359],[83.4836,25.2842],[83.5156,25.3068],[83.7749,25.445],[83.8114,25.486],[83.9043,25.5295],[83.9181,25.5493],[84.0034,25.6082],[84.0582,25.6737],[84.1434,25.7362],[84.1798,25.7459],[84.2129,25.728],[84.2134,25.6831],[84.2389,25.648],[84.276,25.6415],[84.3242,25.6589],[84.3147,25.7422],[84.3728,25.7651],[84.4381,25.7187],[84.4867,25.7007],[84.5422,25.7054],[84.6007,25.747],[84.6055,25.7998],[84.5316,25.8621],[84.4701,25.8658],[84.4197,25.8896],[84.3743,25.9403],[84.2983,25.9286],[84.2615,25.9313],[84.2304,25.9568],[84.2107,26.007],[84.1759,26.0228],[84.1503,26.066],[84.0649,26.1035],[84.0383,26.162],[83.9881,26.2086],[83.9927,26.2411],[84.0231,26.2549],[84.0804,26.2593],[84.1138,26.2782],[84.167,26.2745],[84.1872,26.2928],[84.163,26.3459],[84.1859,26.383],[84.1776,26.4043],[84.1035,26.4186],[84.0261,26.4692],[83.9551,26.4539],[83.9201,26.474],[83.9201,26.5327],[83.9442,26.5497],[83.9714,26.5209],[83.9944,26.5478],[84.054,26.5648],[84.0992,26.6496],[84.1649,26.6537],[84.2295,26.6406],[84.383,26.6417],[84.3814,26.6774],[84.3063,26.7444],[84.2464,26.757],[84.2408,26.8742],[84.1878,26.894],[84.149,26.8763],[84.0706,26.9236],[84.0272,26.9996],[84.0234,27.06],[83.9383,27.1644],[83.9424,27.2225],[83.8841,27.2866],[83.8928,27.324],[83.8533,27.3462]]]},"properties":{"name":"Uttar Pradesh","adm0_a3":"IND"}},
{"type":"Feature","geometry":{"type":"MultiPolygon","coordinates":[[[[80.9683,15.7952],[80.8884,15.8467],[80.8685,15.812],[80.918,15.7551],[80.9426,15.741],[80.9885,15.7707],[80.9683,15.7952]]],[[[80.2777,13.5125],[80.2881,13.5271],[80.259,13.5917],[80.221,13.697],[80.2455,13.7556],[80.2493,13.8003],[80.2372,13.8397],[80.1639,13.988],[80.1497,14.0277],[80.1258,14.1485],[80.1211,14.242],[80.0735,14.2019],[80.055,14.2216],[80.0872,14.2503],[80.1282,14.2565],[80.175,14.3446],[80.176,14.4687],[80.197,14.565],[80.176,14.593],[80.1598,14.6627],[80.1107,14.7048],[80.1052,14.7639],[80.0545,15.0141],[80.053,15.0926],[80.0824,15.2041],[80.0906,15.3049],[80.1403,15.4064],[80.1729,15.4383],[80.2112,15.4966],[80.1976,15.5031],[80.2632,15.6745],[80.2796,15.7007],[80.3596,15.7758],[80.4363,15.8083],[80.4691,15.8347],[80.6184,15.8877],[80.6904,15.9007],[80.7761,15.8843],[80.8027,15.8424],[80.8303,15.7476],[80.8557,15.8227],[80.8901,15.8953],[80.91,15.8527],[80.9495,15.8279],[81.0047,15.7785],[81.0191,15.7842],[80.9989,15.8467],[81.0269,15.8808],[81.0882,15.9212],[81.1554,15.9855],[81.156,16.0385],[81.18,16.0867],[81.1903,16.1389],[81.2303,16.2436],[81.2596,16.2886],[81.2485,16.3201],[81.3174,16.3675],[81.3757,16.3675],[81.4114,16.3825],[81.4167,16.3402],[81.4959,16.3607],[81.536,16.35],[81.6563,16.3373],[81.6961,16.3149],[81.763,16.3226],[81.8617,16.3754],[81.9408,16.3884],[81.9562,16.4072],[81.9927,16.4084],[82.0374,16.4477],[82.0686,16.4443],[82.1229,16.4774],[82.2035,16.5127],[82.259,16.5655],[82.3074,16.5798],[82.3142,16.6282],[82.3381,16.6784],[82.3656,16.8116],[82.3521,16.8454],[82.3142,16.8466],[82.2679,16.8675],[82.2527,16.9292],[82.2917,16.9984],[82.2993,17.0303],[82.3877,17.1269],[82.4229,17.14],[82.4749,17.206],[82.7185,17.3486],[82.7964,17.383],[82.8377,17.3928],[82.8833,17.4221],[82.8968,17.4093],[82.9758,17.4537],[83.0199,17.4909],[83.0882,17.5307],[83.1714,17.5598],[83.2389,17.593],[83.2469,17.6342],[83.2991,17.6643],[83.2927,17.6911],[83.3413,17.7174],[83.4177,17.8062],[83.4312,17.8542],[83.4729,17.9025],[83.5567,17.9735],[83.5823,18.0191],[83.6139,18.0452],[83.7752,18.1396],[84.0774,18.2716],[84.1131,18.2983],[84.1439,18.3748],[84.1883,18.418],[84.2305,18.4462],[84.2817,18.5256],[84.3329,18.5537],[84.3705,18.6013],[84.4237,18.6365],[84.4483,18.6807],[84.5418,18.7758],[84.5479,18.7961],[84.6309,18.9157],[84.665,18.9301],[84.7411,19.0281],[84.7405,19.0737],[84.72,19.1016],[84.7388,19.1477],[84.7778,19.1162],[84.763,19.1564],[84.6945,19.1606],[84.6697,19.0902],[84.6415,19.1005],[84.567,19.0663],[84.5252,19.033],[84.4756,19.0334],[84.4626,18.9463],[84.4272,18.9044],[84.3859,18.8946],[84.3518,18.8278],[84.3178,18.8092],[84.2537,18.8053],[84.1531,18.7877],[84.0714,18.8179],[83.9978,18.807],[83.9024,18.8056],[83.8542,18.86],[83.8259,18.9205],[83.8018,19],[83.7489,19.0004],[83.7519,18.9482],[83.7258,18.944],[83.7064,19.0014],[83.6464,19.0761],[83.6128,19.1298],[83.5984,19.1272],[83.5726,19.0699],[83.5396,19.0517],[83.5249,19.016],[83.4991,19.016],[83.4901,19.0516],[83.4237,18.9643],[83.3414,19.0046],[83.2999,18.9916],[83.3268,18.9297],[83.372,18.8982],[83.3942,18.8694],[83.3801,18.8431],[83.3445,18.8308],[83.2568,18.7653],[83.2017,18.7416],[83.1504,18.7663],[83.1265,18.7582],[83.0755,18.6908],[83.0281,18.6409],[83.0198,18.5953],[83.0443,18.5477],[83.0835,18.5253],[83.0365,18.4695],[83.0392,18.3904],[82.952,18.3582],[82.9041,18.3553],[82.8849,18.3704],[82.8784,18.4091],[82.8288,18.4288],[82.7797,18.4167],[82.7814,18.3578],[82.6632,18.2823],[82.6424,18.2295],[82.5867,18.2444],[82.5825,18.2819],[82.5974,18.3252],[82.5785,18.3549],[82.5113,18.4222],[82.5027,18.5106],[82.4491,18.5221],[82.4292,18.5105],[82.4094,18.4665],[82.3682,18.414],[82.3671,18.3666],[82.3525,18.3304],[82.3608,18.2916],[82.3095,18.1948],[82.3528,18.1553],[82.3346,18.1202],[82.3299,18.044],[82.2678,18.0328],[82.2401,17.9929],[82.18,18.0004],[82.1319,18.0388],[82.0922,18.0499],[82.0424,18.0433],[81.9954,18.01],[81.9236,18.0002],[81.8252,17.9379],[81.759,17.9089],[81.7866,17.8631],[81.7758,17.8332],[81.6286,17.7634],[81.5739,17.7045],[81.5352,17.6377],[81.5292,17.5884],[81.4695,17.4205],[81.4083,17.3706],[81.2904,17.345],[81.2143,17.3236],[81.1442,17.2495],[81.0591,17.2225],[80.9905,17.2182],[80.9308,17.1925],[80.8931,17.1556],[80.8779,17.0821],[80.8558,17.0531],[80.8295,17.046],[80.6697,17.0799],[80.6416,17.1169],[80.5909,17.1398],[80.5018,17.108],[80.4942,17.0594],[80.442,17.0325],[80.3974,17.0791],[80.3843,17.062],[80.3843,16.976],[80.4743,16.9366],[80.5258,16.9523],[80.5862,16.9339],[80.5952,16.907],[80.5656,16.8616],[80.5979,16.7933],[80.5606,16.7836],[80.5061,16.7925],[80.4481,16.8228],[80.3931,16.8385],[80.351,16.8621],[80.3012,16.9413],[80.2806,16.9974],[80.2541,17.0236],[80.2205,17.0333],[80.1531,17.0231],[80.0776,16.9726],[80.0127,16.9021],[80.0024,16.871],[80.0733,16.8229],[80.053,16.7852],[80.043,16.7386],[79.9717,16.6549],[79.9581,16.6304],[79.9097,16.6313],[79.8823,16.7032],[79.8263,16.6921],[79.8126,16.7115],[79.752,16.7237],[79.7209,16.689],[79.6681,16.6865],[79.6347,16.6691],[79.5918,16.6668],[79.585,16.6485],[79.5425,16.6282],[79.5043,16.6419],[79.4063,16.5872],[79.338,16.5852],[79.2656,16.5696],[79.2135,16.4932],[79.2199,16.4733],[79.2083,16.3887],[79.2334,16.3305],[79.2148,16.2445],[79.1606,16.2193],[79.0916,16.2288],[79.0217,16.2471],[78.9229,16.1898],[78.8894,16.139],[78.8534,16.1522],[78.8391,16.1248],[78.8394,16.0667],[78.7911,16.0345],[78.7341,16.0303],[78.6292,16.0711],[78.5816,16.0562],[78.5396,16.0655],[78.4998,16.0938],[78.4,16.0834],[78.2998,16.0228],[78.2444,16.0385],[78.256,16.0057],[78.2353,15.9505],[78.1851,15.9087],[78.1536,15.8972],[78.124,15.8499],[78.0875,15.833],[77.9501,15.8998],[77.888,15.9191],[77.8499,15.8939],[77.7949,15.8893],[77.749,15.8976],[77.686,15.8939],[77.6412,15.9007],[77.5825,15.928],[77.4922,15.9383],[77.4465,15.953],[77.3062,15.9571],[77.2264,15.9764],[77.1437,15.9607],[77.0736,15.921],[77.0341,15.8737],[77.0253,15.7813],[77.0849,15.6673],[77.0287,15.6599],[76.9997,15.6138],[77.0092,15.5693],[77.0048,15.5049],[76.9686,15.5015],[77.0145,15.4173],[77.0259,15.3515],[77.0742,15.3336],[77.1049,15.3082],[77.1135,15.2423],[77.1287,15.1943],[77.1281,15.1323],[77.0804,15.0367],[77.0272,15.007],[77.007,15.0295],[76.948,15.0216],[76.8634,15.041],[76.7643,15.0941],[76.7455,15.0639],[76.7449,15.0257],[76.7195,14.9897],[76.8028,14.9528],[76.8222,14.921],[76.7997,14.7948],[76.7619,14.7637],[76.7622,14.7071],[76.7439,14.6679],[76.7406,14.6129],[76.7529,14.5656],[76.7913,14.5417],[76.83,14.4787],[76.869,14.4895],[76.911,14.4867],[76.9316,14.4576],[76.9025,14.4072],[76.8609,14.3916],[76.8624,14.3472],[76.9156,14.3111],[76.9082,14.2579],[77.0455,14.2317],[77.0782,14.2375],[77.0803,14.2783],[77.1113,14.3296],[77.141,14.3435],[77.1851,14.3265],[77.2568,14.334],[77.2782,14.2956],[77.3271,14.281],[77.3673,14.2383],[77.3844,14.262],[77.3589,14.3216],[77.3896,14.334],[77.4236,14.297],[77.461,14.2901],[77.4542,14.2484],[77.4678,14.1924],[77.44,14.1741],[77.3685,14.1634],[77.3326,14.1298],[77.361,14.1064],[77.3279,14.0522],[77.3525,13.9996],[77.388,13.9629],[77.3988,13.9109],[77.3867,13.8904],[77.3324,13.9082],[77.331,13.9391],[77.2893,14.0107],[77.244,14.0222],[77.1806,14.0068],[77.1123,14.0051],[77.0819,14.0338],[76.9953,14.0664],[76.9736,14.1561],[76.922,14.1888],[76.8754,14.1627],[76.873,14.1374],[76.9328,14.0801],[76.9426,14.0611],[76.9359,14.0109],[77.0005,13.9307],[77.0104,13.905],[76.9581,13.8334],[76.9585,13.7816],[76.9938,13.7799],[77.0323,13.7462],[77.0582,13.7681],[77.1095,13.7615],[77.1332,13.7848],[77.1259,13.8309],[77.1026,13.8497],[77.1522,13.9036],[77.1618,13.8744],[77.1967,13.8919],[77.2208,13.8681],[77.2583,13.8669],[77.2921,13.8484],[77.384,13.8467],[77.4248,13.7975],[77.4407,13.744],[77.4425,13.702],[77.4995,13.7045],[77.5248,13.7249],[77.5953,13.7424],[77.5932,13.7671],[77.6405,13.7817],[77.6631,13.7602],[77.6865,13.7996],[77.7349,13.8242],[77.7916,13.8774],[77.7728,13.9103],[77.7916,13.9417],[77.8449,13.934],[77.8788,13.9166],[77.9141,13.9541],[77.9413,13.9204],[77.9093,13.8806],[77.9207,13.8305],[77.9716,13.8713],[78.0021,13.8671],[78.0327,13.8847],[78.0797,13.8569],[78.0968,13.809],[78.0822,13.7538],[78.1022,13.7174],[78.0682,13.6987],[78.0744,13.6539],[78.1182,13.6618],[78.1841,13.6015],[78.2537,13.5858],[78.3042,13.5995],[78.3747,13.5796],[78.3626,13.5286],[78.3613,13.4134],[78.3502,13.3761],[78.3809,13.3228],[78.4162,13.3276],[78.4656,13.3132],[78.5056,13.2823],[78.5684,13.2748],[78.565,13.2179],[78.5461,13.1642],[78.5236,13.1387],[78.5165,13.0891],[78.4666,13.0415],[78.4571,13.0082],[78.4158,12.9482],[78.4159,12.9269],[78.4486,12.9102],[78.44,12.8675],[78.378,12.9111],[78.3462,12.9133],[78.339,12.8701],[78.2859,12.8434],[78.244,12.8537],[78.2457,12.7817],[78.2296,12.7599],[78.2744,12.6974],[78.3528,12.6415],[78.4191,12.6326],[78.4474,12.6435],[78.4906,12.6883],[78.4978,12.74],[78.5336,12.736],[78.5826,12.7782],[78.6105,12.8499],[78.6377,12.9442],[78.6447,12.992],[78.6616,13.0137],[78.6953,13.02],[78.7362,13.061],[78.8587,13.0805],[78.9014,13.0378],[78.9442,13.0934],[79.0025,13.0807],[79.0203,13.0527],[79.0776,13.0356],[79.1616,13.0449],[79.2044,13.088],[79.2508,13.1478],[79.3149,13.132],[79.3867,13.2037],[79.4202,13.22],[79.4255,13.2682],[79.4495,13.3312],[79.4907,13.3399],[79.5442,13.3235],[79.5717,13.2841],[79.6004,13.2775],[79.6679,13.2913],[79.6885,13.2829],[79.6968,13.2358],[79.7209,13.2225],[79.7849,13.224],[79.76,13.2645],[79.7641,13.2981],[79.8163,13.2949],[79.8733,13.3172],[79.9567,13.3658],[79.962,13.4165],[79.9998,13.4565],[80.0498,13.4762],[80.0295,13.5194],[80.048,13.5344],[80.1086,13.5121],[80.0976,13.4638],[80.2023,13.4485],[80.2602,13.4685],[80.2197,13.4878],[80.1194,13.5007],[80.1013,13.5371],[80.0565,13.5952],[80.053,13.6191],[80.0913,13.6591],[80.1177,13.6389],[80.1418,13.6491],[80.1419,13.7289],[80.1836,13.6792],[80.1973,13.6436],[80.2455,13.5917],[80.2777,13.5125]]]]},"properties":{"name":"Andhra Pradesh","adm0_a3":"IND"}},
{"type":"Feature","geometry":{"type":"Polygon","coordinates":[[[87.4774,21.6136],[87.4366,21.6756],[87.4316,21.7616],[87.4085,21.7861],[87.275,21.814],[87.2315,21.8481],[87.2147,21.9241],[87.1907,21.9562],[87.1366,21.9772],[87.113,21.9714],[87.0592,21.9072],[87.0314,21.908],[87.005,21.937],[86.9937,21.9725],[87.0047,22.0001],[86.9874,22.0666],[86.9438,22.0964],[86.8927,22.1166],[86.8339,22.1218],[86.7667,22.1677],[86.7046,22.1887],[86.6865,22.218],[86.6466,22.2349],[86.6022,22.2729],[86.4866,22.3369],[86.4016,22.32],[86.366,22.3301],[86.3047,22.3971],[86.268,22.4224],[86.1025,22.5001],[86.0648,22.5459],[86.0398,22.5567],[85.9977,22.5191],[85.9388,22.5005],[85.9406,22.4681],[85.9865,22.3936],[85.9899,22.3008],[85.9646,22.2449],[85.9883,22.1875],[85.9741,22.1046],[85.9162,22.0221],[85.8775,21.9961],[85.8343,21.9861],[85.7847,22.0119],[85.7791,22.0719],[85.7966,22.0968],[85.7922,22.1291],[85.7343,22.0961],[85.6791,22.0759],[85.5507,22.1076],[85.4611,22.1581],[85.4252,22.1645],[85.3241,22.1267],[85.232,22.0353],[85.1092,22.1085],[85.0426,22.1197],[84.9852,22.1128],[85.04,22.2164],[85.0878,22.2802],[85.1047,22.3308],[85.1004,22.394],[85.0655,22.5032],[84.988,22.4522],[84.9525,22.4474],[84.9083,22.422],[84.8009,22.4502],[84.7337,22.4273],[84.5301,22.423],[84.5051,22.4106],[84.5009,22.3766],[84.4208,22.331],[84.311,22.324],[84.2309,22.3573],[84.1786,22.3644],[84.1478,22.3868],[84.1243,22.4267],[84.067,22.4996],[84.0074,22.5315],[83.9702,22.5393],[83.9965,22.4405],[83.9844,22.4103],[83.9458,22.3712],[83.8414,22.3486],[83.7331,22.2623],[83.6642,22.235],[83.6054,22.196],[83.557,22.1294],[83.5463,22.1016],[83.5649,22.0521],[83.518,22.0203],[83.5153,21.9639],[83.5706,21.9231],[83.5571,21.8349],[83.5279,21.8335],[83.5156,21.7997],[83.4732,21.8072],[83.444,21.7186],[83.3519,21.5773],[83.3277,21.4992],[83.3413,21.4362],[83.3812,21.3995],[83.3883,21.3578],[83.361,21.3368],[83.2794,21.3588],[83.2571,21.3239],[83.2571,21.2903],[83.2272,21.2496],[83.1983,21.1726],[83.1563,21.126],[83.0782,21.1146],[83.0392,21.1415],[82.9646,21.1785],[82.8223,21.1579],[82.7822,21.1449],[82.7526,21.1601],[82.6682,21.1555],[82.6447,21.1444],[82.6441,21.1043],[82.6069,21.0241],[82.5621,20.9545],[82.5146,20.9237],[82.4535,20.8469],[82.4227,20.8346],[82.3949,20.8752],[82.353,20.8805],[82.342,20.8608],[82.3442,20.7479],[82.367,20.6823],[82.3667,20.6571],[82.3402,20.5563],[82.359,20.4998],[82.3814,20.4994],[82.3964,20.4533],[82.4219,20.428],[82.4116,20.3268],[82.4271,20.294],[82.4337,20.159],[82.4134,20.0933],[82.4156,20.067],[82.4866,20.027],[82.5503,20.0245],[82.6112,19.9881],[82.6432,20.0029],[82.695,20.0005],[82.6991,19.955],[82.6855,19.8876],[82.7133,19.8555],[82.6823,19.8227],[82.5752,19.7681],[82.5791,19.8432],[82.5262,19.8503],[82.4759,19.8724],[82.3814,19.8859],[82.3415,19.8716],[82.3135,19.8262],[82.2903,19.8361],[82.2284,19.9587],[82.2036,19.9803],[82.1647,19.9794],[82.1535,20],[82.0962,20.0506],[82.0659,20.0537],[82.0461,20.0179],[82.0093,20.0445],[81.9606,20.0976],[81.9396,20.1047],[81.8976,20.0619],[81.8678,20.0467],[81.8193,19.9657],[81.8242,19.9133],[81.8453,19.8947],[81.9294,19.8493],[81.9601,19.7963],[82.0291,19.7765],[82.0378,19.7567],[82.0273,19.6956],[82.0406,19.6374],[82.029,19.5179],[82.081,19.4888],[82.1022,19.4458],[82.1426,19.4287],[82.1687,19.3866],[82.1353,19.3558],[82.1708,19.3069],[82.1454,19.2442],[82.166,19.179],[82.1597,19.1228],[82.1879,19.1009],[82.225,19.0152],[82.2245,18.9219],[82.1691,18.8787],[82.1545,18.7914],[82.1389,18.7473],[82.0916,18.7638],[82.0591,18.7124],[82.0056,18.7059],[81.969,18.6857],[81.9037,18.6219],[81.9419,18.594],[81.9409,18.5585],[81.9133,18.5449],[81.8437,18.4777],[81.7924,18.4384],[81.7406,18.3579],[81.6705,18.3249],[81.6438,18.2924],[81.5425,18.2625],[81.5129,18.1943],[81.5249,18.1603],[81.5063,18.0856],[81.4829,18.0514],[81.4822,17.9941],[81.4531,17.925],[81.4442,17.8797],[81.395,17.878],[81.394,17.8067],[81.4798,17.7875],[81.5028,17.8242],[81.5784,17.797],[81.6558,17.8509],[81.7044,17.861],[81.759,17.9089],[81.8252,17.9379],[81.9236,18.0002],[81.9954,18.01],[82.0424,18.0433],[82.0922,18.0499],[82.1319,18.0388],[82.18,18.0004],[82.2401,17.9929],[82.2678,18.0328],[82.3299,18.044],[82.3346,18.1202],[82.3528,18.1553],[82.3095,18.1948],[82.3608,18.2916],[82.3525,18.3304],[82.3671,18.3666],[82.3682,18.414],[82.4094,18.4665],[82.4292,18.5105],[82.4491,18.5221],[82.5027,18.5106],[82.5113,18.4222],[82.5785,18.3549],[82.5974,18.3252],[82.5825,18.2819],[82.5867,18.2444],[82.6424,18.2295],[82.6632,18.2823],[82.7814,18.3578],[82.7797,18.4167],[82.8288,18.4288],[82.8784,18.4091],[82.8849,18.3704],[82.9041,18.3553],[82.952,18.3582],[83.0392,18.3904],[83.0365,18.4695],[83.0835,18.5253],[83.0443,18.5477],[83.0198,18.5953],[83.0281,18.6409],[83.0755,18.6908],[83.1265,18.7582],[83.1504,18.7663],[83.2017,18.7416],[83.2568,18.7653],[83.3445,18.8308],[83.3801,18.8431],[83.3942,18.8694],[83.372,18.8982],[83.3268,18.9297],[83.2999,18.9916],[83.3414,19.0046],[83.4237,18.9643],[83.4901,19.0516],[83.4991,19.016],[83.5249,19.016],[83.5396,19.0517],[83.5726,19.0699],[83.5984,19.1272],[83.6128,19.1298],[83.6464,19.0761],[83.7064,19.0014],[83.7258,18.944],[83.7519,18.9482],[83.7489,19.0004],[83.8018,19],[83.8259,18.9205],[83.8542,18.86],[83.9024,18.8056],[83.9978,18.807],[84.0714,18.8179],[84.1531,18.7877],[84.2537,18.8053],[84.3178,18.8092],[84.3518,18.8278],[84.3859,18.8946],[84.4272,18.9044],[84.4626,18.9463],[84.4756,19.0334],[84.5252,19.033],[84.567,19.0663],[84.6415,19.1005],[84.6697,19.0902],[84.6945,19.1606],[84.763,19.1564],[84.7778,19.1162],[84.791,19.1206],[84.8721,19.2199],[84.9959,19.3233],[85.0695,19.3721],[85.1804,19.475],[85.2406,19.5181],[85.2854,19.5363],[85.311,19.6105],[85.3368,19.5961],[85.3779,19.6149],[85.4053,19.6459],[85.4032,19.6713],[85.3506,19.6776],[85.3091,19.6422],[85.2608,19.6561],[85.2332,19.6326],[85.2476,19.6087],[85.2038,19.5705],[85.2029,19.5172],[85.1514,19.4988],[85.1045,19.5149],[85.1502,19.6135],[85.1751,19.6369],[85.221,19.736],[85.2681,19.78],[85.3196,19.7936],[85.4163,19.8798],[85.4636,19.9029],[85.5703,19.8756],[85.5588,19.7381],[85.522,19.7391],[85.4369,19.7047],[85.4499,19.6667],[85.4805,19.6663],[85.5492,19.6906],[85.6143,19.7279],[85.636,19.7266],[85.7444,19.7657],[85.7888,19.7657],[85.8464,19.7958],[85.8888,19.803],[86.0135,19.8391],[86.0567,19.8569],[86.0784,19.8436],[86.2686,19.9103],[86.3724,19.965],[86.315,19.9869],[86.2932,20.0214],[86.2302,20.0353],[86.2092,20.0666],[86.2754,20.0674],[86.3484,20.0089],[86.3972,19.9829],[86.3914,20.0202],[86.4671,20.0947],[86.4951,20.1841],[86.5115,20.1975],[86.6282,20.2353],[86.7017,20.2847],[86.7197,20.3151],[86.7515,20.3281],[86.7942,20.3782],[86.7698,20.4007],[86.7205,20.3685],[86.7339,20.4622],[86.7742,20.5119],[86.9232,20.6217],[86.9762,20.6379],[87.0036,20.6571],[86.9865,20.6844],[87,20.7282],[86.9866,20.7519],[86.9107,20.7564],[86.9165,20.7881],[86.9539,20.7806],[86.9657,20.806],[86.9522,20.8491],[86.844,21.0822],[86.8373,21.1747],[86.867,21.256],[86.9177,21.3274],[87.0637,21.475],[87.113,21.508],[87.2009,21.552],[87.2561,21.562],[87.2935,21.5537],[87.3418,21.5624],[87.4774,21.6136]]]},"properties":{"name":"Odisha","adm0_a3":"IND"}},
{"type":"Feature","geometry":{"type":"MultiPolygon","coordinates":[[[[72.8181,20.3788],[72.8818,20.3921],[72.8796,20.4395],[72.847,20.4683],[72.8294,20.4379],[72.8181,20.3788]]],[[[73.1663,20.1149],[73.17,20.1645],[73.1192,20.1824],[73.0963,20.1427],[73.0658,20.1383],[73.0418,20.1577],[73.0339,20.1924],[73.0468,20.2213],[73.1122,20.2549],[73.117,20.2872],[73.0713,20.2966],[73.0499,20.3303],[72.9976,20.2936],[72.9635,20.2952],[72.9453,20.2559],[72.9027,20.2583],[72.8967,20.2215],[72.9354,20.1919],[72.9472,20.1274],[72.9972,20.0398],[73.031,20.0565],[73.0678,20.0408],[73.1099,20.0528],[73.1367,20.0272],[73.1609,20.0475],[73.1663,20.1149]]]]},"properties":{"name":"Dadra and Nagar Haveli and Daman and Diu","adm0_a3":"IND"}},
{"type":"Feature","geometry":{"type":"Polygon","coordinates":[[[73.7009,15.7232],[73.7221,15.7343],[73.7927,15.7416],[73.8131,15.7719],[73.8438,15.7492],[73.9084,15.7212],[73.9248,15.6583],[73.9428,15.6325],[73.9903,15.6135],[74.0616,15.6395],[74.1006,15.6403],[74.0929,15.6693],[74.1381,15.7295],[74.1861,15.7657],[74.2138,15.7645],[74.2235,15.7261],[74.2816,15.7299],[74.3311,15.7619],[74.3731,15.8355],[74.3545,15.8726],[74.3823,15.9081],[74.4288,15.9938],[74.4282,16.0449],[74.3846,16.0621],[74.416,16.0964],[74.4696,16.1098],[74.4763,16.2028],[74.4519,16.2539],[74.3662,16.2929],[74.3324,16.2805],[74.3058,16.3527],[74.3107,16.3819],[74.3467,16.3881],[74.3108,16.4589],[74.2844,16.459],[74.2718,16.4895],[74.2257,16.4925],[74.2436,16.5396],[74.2924,16.5284],[74.3074,16.559],[74.3532,16.5435],[74.4114,16.5927],[74.43,16.6443],[74.5246,16.6238],[74.5574,16.5517],[74.6141,16.5906],[74.6658,16.6062],[74.6445,16.6519],[74.6753,16.6776],[74.6849,16.7084],[74.7961,16.7663],[74.8576,16.7579],[74.8667,16.7762],[74.8446,16.852],[74.854,16.8656],[74.9223,16.8893],[74.948,16.9147],[74.96,16.9511],[74.9996,16.9451],[75.0434,16.9528],[75.1182,16.8822],[75.1665,16.8679],[75.2426,16.9021],[75.2414,16.9478],[75.256,16.9592],[75.3253,16.9636],[75.3708,16.9845],[75.4261,16.9849],[75.4534,16.9641],[75.5091,16.9767],[75.5538,17.0149],[75.6167,16.9747],[75.6415,17.0102],[75.6229,17.0492],[75.6468,17.0914],[75.6051,17.1581],[75.6221,17.2209],[75.6112,17.2698],[75.5874,17.2851],[75.5528,17.3659],[75.5515,17.3893],[75.5809,17.4152],[75.6131,17.4716],[75.6596,17.4671],[75.678,17.4253],[75.73,17.4182],[75.7839,17.3748],[75.8318,17.417],[75.87,17.4161],[75.8977,17.3522],[75.9365,17.3259],[76.0099,17.3537],[76.0278,17.3457],[76.0947,17.3778],[76.1463,17.3711],[76.2104,17.3889],[76.255,17.3604],[76.3438,17.3519],[76.3781,17.3898],[76.3474,17.4134],[76.3181,17.4874],[76.3401,17.5155],[76.3364,17.5683],[76.3115,17.6011],[76.3222,17.6177],[76.3906,17.6368],[76.4165,17.6714],[76.4663,17.7048],[76.4658,17.7263],[76.5014,17.7489],[76.513,17.7728],[76.5927,17.7706],[76.6607,17.7098],[76.676,17.7069],[76.7055,17.7921],[76.7557,17.8258],[76.7409,17.8984],[76.8391,17.8842],[76.8631,17.9037],[76.8851,17.9745],[76.8835,18.0294],[76.8962,18.0796],[76.8929,18.1443],[76.9495,18.18],[77.0058,18.1783],[77.0877,18.1971],[77.1179,18.2538],[77.1769,18.297],[77.2212,18.3138],[77.2311,18.3338],[77.2327,18.4107],[77.2648,18.4531],[77.3019,18.4603],[77.3437,18.4166],[77.3466,18.3515],[77.4273,18.3161],[77.4376,18.2819],[77.4615,18.2819],[77.5091,18.3146],[77.5512,18.3079],[77.5583,18.3369],[77.5026,18.3816],[77.5378,18.4172],[77.5595,18.4878],[77.5548,18.5003],[77.5923,18.5481],[77.6193,18.5626],[77.6799,18.57],[77.7098,18.6227],[77.7034,18.6691],[77.7466,18.705],[77.7811,18.7038],[77.8393,18.8096],[77.9121,18.8354],[77.8971,18.868],[77.8424,18.9092],[77.8339,18.9508],[77.8003,18.984],[77.7644,18.9935],[77.752,19.0459],[77.8336,19.1214],[77.8356,19.1708],[77.855,19.2284],[77.89,19.2714],[77.8695,19.3033],[77.92,19.3317],[77.9924,19.3227],[78.0147,19.2887],[78.0639,19.2641],[78.0939,19.2698],[78.1679,19.2641],[78.1801,19.279],[78.1744,19.3747],[78.2048,19.4282],[78.2401,19.4602],[78.3026,19.4828],[78.3033,19.5513],[78.3334,19.6433],[78.3836,19.6845],[78.3994,19.7361],[78.3632,19.7604],[78.3218,19.8633],[78.3292,19.8913],[78.3833,19.8662],[78.4149,19.8223],[78.4777,19.7991],[78.5337,19.8247],[78.5699,19.8135],[78.6166,19.8152],[78.7117,19.7743],[78.78,19.7767],[78.8475,19.7245],[78.8725,19.6501],[78.9148,19.6283],[78.9349,19.5982],[79.0243,19.5415],[79.0589,19.5471],[79.1507,19.5],[79.1977,19.4619],[79.2161,19.5043],[79.2433,19.5311],[79.266,19.5896],[79.3489,19.5801],[79.3895,19.544],[79.4204,19.5364],[79.5389,19.5338],[79.59,19.5105],[79.6089,19.5531],[79.6361,19.5698],[79.7354,19.6034],[79.7958,19.5941],[79.8419,19.5467],[79.8649,19.509],[79.9311,19.4825],[79.9574,19.4452],[79.9655,19.4019],[79.9499,19.2888],[79.9334,19.2742],[79.9306,19.2119],[79.9438,19.1692],[79.8937,19.1374],[79.8618,19.0811],[79.8821,19.0419],[79.9336,19.0531],[79.9649,18.9354],[79.9603,18.8671],[79.9169,18.8266],[80.0019,18.7856],[80.0667,18.731],[80.0905,18.6975],[80.1697,18.69],[80.2417,18.6975],[80.2704,18.7137],[80.2606,18.7555],[80.2748,18.7769],[80.3389,18.8133],[80.3442,18.8507],[80.2839,18.9203],[80.2718,18.9794],[80.2904,19.0193],[80.3462,19.0815],[80.3666,19.1174],[80.3971,19.2342],[80.4473,19.2721],[80.4711,19.3159],[80.517,19.3452],[80.5427,19.3786],[80.576,19.392],[80.6174,19.3186],[80.68,19.3215],[80.7167,19.2627],[80.7612,19.2985],[80.823,19.3261],[80.8322,19.3454],[80.8057,19.4033],[80.881,19.4279],[80.8939,19.4844],[80.831,19.5471],[80.7612,19.5801],[80.7129,19.5926],[80.685,19.6222],[80.6757,19.6766],[80.6498,19.7013],[80.5872,19.7189],[80.5656,19.7398],[80.5378,19.8109],[80.4898,19.7992],[80.4695,19.7662],[80.4115,19.7837],[80.4182,19.8059],[80.463,19.8241],[80.485,19.8663],[80.4251,19.8928],[80.4602,19.941],[80.5311,19.9207],[80.5572,20.0483],[80.5306,20.1349],[80.4263,20.1462],[80.4141,20.1652],[80.4244,20.2341],[80.4538,20.2573],[80.5342,20.2694],[80.5751,20.3029],[80.6224,20.3259],[80.6129,20.3852],[80.6144,20.4643],[80.6349,20.5123],[80.6209,20.5416],[80.6224,20.6009],[80.586,20.6165],[80.5325,20.5931],[80.497,20.5962],[80.503,20.6333],[80.5589,20.6672],[80.573,20.6976],[80.5568,20.7808],[80.5521,20.9193],[80.5339,20.9375],[80.4813,20.932],[80.4501,20.9592],[80.4353,20.9992],[80.4568,21.1255],[80.4845,21.1677],[80.5485,21.2067],[80.6256,21.2427],[80.6784,21.302],[80.679,21.3512],[80.6256,21.3265],[80.5027,21.3953],[80.4736,21.4036],[80.4099,21.3921],[80.3953,21.4149],[80.4176,21.4468],[80.3878,21.4926],[80.3375,21.5255],[80.3102,21.5802],[80.2481,21.5968],[80.1867,21.6395],[80.1641,21.6212],[80.1084,21.6042],[80.0803,21.5716],[80.0053,21.5483],[79.9779,21.562],[79.9154,21.5381],[79.8403,21.5343],[79.7984,21.5878],[79.7588,21.5941],[79.6505,21.5816],[79.6001,21.5474],[79.5516,21.55],[79.5331,21.6193],[79.4863,21.6635],[79.4131,21.6898],[79.3319,21.6903],[79.2401,21.7128],[79.2158,21.6546],[79.0815,21.6129],[78.9961,21.6034],[78.9219,21.5723],[78.9293,21.525],[78.9042,21.5093],[78.696,21.4748],[78.6267,21.4794],[78.5612,21.4961],[78.5137,21.5266],[78.4279,21.5085],[78.4133,21.6063],[78.366,21.6254],[78.3332,21.6146],[78.3102,21.5863],[78.1927,21.5511],[78.1444,21.4987],[78.0856,21.4624],[78.0292,21.4377],[77.9102,21.4006],[77.8715,21.3981],[77.7875,21.423],[77.7126,21.3803],[77.627,21.3995],[77.578,21.3845],[77.5315,21.4161],[77.4818,21.4239],[77.4331,21.4988],[77.432,21.5342],[77.4568,21.5485],[77.5552,21.5425],[77.5614,21.5835],[77.5518,21.6968],[77.4933,21.7548],[77.4607,21.77],[77.333,21.7745],[77.2855,21.7407],[77.2511,21.7312],[77.219,21.7008],[77.1789,21.7262],[77.1155,21.724],[77.0288,21.6936],[76.9174,21.6181],[76.8436,21.6134],[76.7937,21.577],[76.7855,21.5017],[76.7295,21.413],[76.6464,21.3587],[76.6334,21.341],[76.6533,21.2938],[76.654,21.2513],[76.6141,21.2025],[76.5418,21.1952],[76.4983,21.1804],[76.4366,21.1078],[76.3788,21.0868],[76.2866,21.0748],[76.1868,21.0858],[76.1439,21.1069],[76.1086,21.1531],[76.1429,21.1931],[76.1305,21.2801],[76.0829,21.3681],[76.0396,21.3657],[75.9523,21.3909],[75.8778,21.3998],[75.814,21.3834],[75.7065,21.3782],[75.6252,21.3855],[75.5347,21.3718],[75.3119,21.3815],[75.2095,21.4029],[75.1299,21.4377],[75.1062,21.4831],[75.048,21.5541],[75.005,21.5754],[74.9561,21.5779],[74.8941,21.612],[74.8539,21.6165],[74.7638,21.6084],[74.7081,21.6112],[74.6609,21.6453],[74.6082,21.6589],[74.5125,21.7269],[74.487,21.8201],[74.4942,21.917],[74.4856,21.946],[74.4077,22.023],[74.352,21.9865],[74.29,21.966],[74.2844,21.9449],[74.2049,21.9251],[74.1288,21.9518],[74.061,21.9403],[73.9746,21.9012],[73.9176,21.8669],[73.8094,21.8365],[73.7976,21.8134],[73.8035,21.7398],[73.8372,21.6976],[73.8286,21.6509],[73.7516,21.611],[73.8208,21.5083],[73.9239,21.5313],[73.9959,21.5553],[74.109,21.5526],[74.1615,21.5662],[74.1916,21.5455],[74.2798,21.574],[74.2972,21.5531],[74.2915,21.5139],[74.2406,21.4861],[74.1087,21.4516],[74.0535,21.4657],[73.9602,21.3944],[73.9186,21.2916],[73.8537,21.2678],[73.8001,21.2809],[73.7774,21.2166],[73.6981,21.1656],[73.632,21.1659],[73.5769,21.1946],[73.5599,21.1742],[73.634,21.1194],[73.6952,21.1226],[73.7423,21.0731],[73.7898,21.0585],[73.8328,21.0037],[73.8683,20.9748],[73.9029,20.8839],[73.909,20.7757],[73.8892,20.7406],[73.811,20.6769],[73.8063,20.6264],[73.7923,20.6062],[73.6998,20.5624],[73.63,20.5639],[73.5995,20.6046],[73.4758,20.6787],[73.4535,20.7172],[73.429,20.7104],[73.4042,20.6699],[73.4169,20.5926],[73.4438,20.5867],[73.4587,20.538],[73.4421,20.4955],[73.3607,20.3694],[73.3833,20.3487],[73.3941,20.2704],[73.38,20.2283],[73.3839,20.1942],[73.3638,20.1783],[73.2718,20.1934],[73.2474,20.1753],[73.2433,20.1386],[73.193,20.111],[73.1663,20.1149],[73.1609,20.0475],[73.1367,20.0272],[73.1099,20.0528],[73.0678,20.0408],[73.031,20.0565],[72.9972,20.0398],[72.9472,20.1274],[72.8726,20.1018],[72.8058,20.0925],[72.7708,20.0997],[72.7081,20.0726],[72.7078,20.0128],[72.6843,19.964],[72.6652,19.9529],[72.6642,19.8816],[72.6501,19.842],[72.6799,19.8005],[72.6758,19.7641],[72.714,19.7458],[72.7078,19.6975],[72.718,19.6067],[72.7108,19.5876],[72.7707,19.5661],[72.7959,19.5268],[72.8567,19.5413],[72.8792,19.5324],[72.7692,19.4905],[72.7468,19.468],[72.7598,19.389],[72.7876,19.3452],[72.8185,19.3303],[72.8369,19.348],[72.8989,19.307],[72.971,19.307],[73.0291,19.2593],[73.0105,19.2243],[72.9727,19.2937],[72.9303,19.2866],[72.8855,19.296],[72.867,19.3168],[72.7854,19.3139],[72.7722,19.2651],[72.7834,19.1686],[72.8122,19.1537],[72.8242,19.0535],[72.7959,18.9849],[72.8027,18.9098],[72.8276,18.9184],[72.8511,18.9871],[72.8914,18.9918],[72.9434,19.0551],[72.9356,19.1151],[72.9748,19.1631],[72.9673,19.091],[72.9919,19.0672],[72.9883,18.9986],[73.0398,19.0175],[73.0422,18.9958],[72.992,18.9825],[72.9772,18.9484],[72.9368,18.9474],[72.8968,18.8945],[72.9461,18.8583],[72.967,18.8721],[72.988,18.8249],[73.0163,18.8136],[72.9748,18.7795],[72.9269,18.8266],[72.9126,18.8],[72.8792,18.8074],[72.8524,18.7699],[72.8553,18.6811],[72.9212,18.5549],[72.8958,18.503],[72.8897,18.4413],[72.9102,18.3992],[72.9098,18.3681],[72.9509,18.333],[72.9774,18.2951],[73.0125,18.2792],[73.057,18.281],[73.074,18.2242],[72.9951,18.2451],[72.9767,18.2426],[72.9531,18.2813],[72.9269,18.2239],[72.9673,18.196],[72.981,18.0806],[73.0088,18.039],[73.0186,17.9517],[73.0652,17.8784],[73.0794,17.8246],[73.1066,17.7855],[73.1232,17.7233],[73.1082,17.6998],[73.1262,17.6554],[73.1213,17.6264],[73.1634,17.5695],[73.1317,17.5394],[73.1807,17.4777],[73.1854,17.4419],[73.1653,17.413],[73.2347,17.3023],[73.218,17.2532],[73.2551,17.1652],[73.2551,17.121],[73.2774,17.0547],[73.2546,17.0067],[73.2894,16.9838],[73.2694,16.9292],[73.2796,16.8876],[73.2747,16.8488],[73.3045,16.7935],[73.2896,16.7402],[73.3216,16.6925],[73.3122,16.6447],[73.3228,16.5762],[73.365,16.5544],[73.3192,16.5098],[73.3413,16.4321],[73.3849,16.4016],[73.3582,16.3675],[73.3787,16.3327],[73.4197,16.2167],[73.4402,16.2023],[73.4402,16.162],[73.4607,16.1447],[73.4607,16.0863],[73.447,16.0689],[73.4839,16.0282],[73.491,15.9935],[73.529,15.9492],[73.5876,15.9029],[73.6388,15.8172],[73.6436,15.7491],[73.656,15.7303],[73.7009,15.7232]]]},"properties":{"name":"Maharashtra","adm0_a3":"IND"}},
{"type":"Feature","geometry":{"type":"Polygon","coordinates":[[[74.0912,14.8876],[74.1607,14.9292],[74.1976,14.9287],[74.2412,14.956],[74.2643,15.0222],[74.2597,15.0977],[74.2928,15.1883],[74.2412,15.2378],[74.3042,15.2892],[74.2915,15.3488],[74.2635,15.3774],[74.2581,15.4282],[74.2365,15.4725],[74.2578,15.5186],[74.246,15.5872],[74.2268,15.6298],[74.1672,15.6524],[74.1408,15.6376],[74.1006,15.6403],[74.0616,15.6395],[73.9903,15.6135],[73.9428,15.6325],[73.9248,15.6583],[73.9084,15.7212],[73.8438,15.7492],[73.8131,15.7719],[73.7927,15.7416],[73.7221,15.7343],[73.7009,15.7232],[73.6868,15.7131],[73.6979,15.6628],[73.7371,15.5985],[73.7412,15.56],[73.7663,15.4973],[73.8176,15.4966],[73.7952,15.4608],[73.8859,15.4352],[73.8849,15.398],[73.7829,15.4079],[73.8274,15.3652],[73.8913,15.3432],[73.9473,15.1608],[73.9131,15.0789],[73.9644,15.0646],[73.9958,15.0107],[74.0313,14.9953],[74.036,14.9213],[74.0912,14.8876]]]},"properties":{"name":"Goa","adm0_a3":"IND"}},
{"type":"Feature","geometry":{"type":"Polygon","coordinates":[[[74.8543,12.7653],[74.8979,12.7788],[74.9452,12.7739],[74.9585,12.7321],[75.0031,12.7168],[75.0208,12.6858],[75.0481,12.7025],[75.1021,12.6789],[75.1105,12.63],[75.155,12.6291],[75.1764,12.5997],[75.2253,12.6126],[75.2709,12.6007],[75.2514,12.5369],[75.312,12.4695],[75.3643,12.4764],[75.3397,12.4046],[75.3687,12.3611],[75.3893,12.2947],[75.4262,12.2918],[75.5366,12.1689],[75.6061,12.135],[75.6292,12.1021],[75.6715,12.0984],[75.7096,12.0748],[75.7611,12.0687],[75.7762,12.0098],[75.8152,11.9672],[75.846,11.9511],[75.9606,11.9286],[75.983,11.9309],[76.0558,11.9637],[76.0836,11.95],[76.0801,11.8898],[76.1155,11.8575],[76.1389,11.8672],[76.1766,11.857],[76.2122,11.8073],[76.2507,11.8101],[76.3166,11.7469],[76.3893,11.744],[76.4009,11.6863],[76.4159,11.6668],[76.4653,11.715],[76.5322,11.7091],[76.5493,11.6845],[76.5502,11.6454],[76.6054,11.6312],[76.7508,11.6423],[76.8208,11.6256],[76.8442,11.7047],[76.9077,11.8002],[76.9974,11.8259],[77.0265,11.814],[77.0826,11.7568],[77.1074,11.7527],[77.1219,11.7925],[77.1729,11.8042],[77.221,11.8023],[77.2592,11.8169],[77.3539,11.7837],[77.4081,11.7916],[77.4339,11.8115],[77.462,11.8824],[77.4898,11.9261],[77.5177,11.9404],[77.6229,11.9497],[77.6708,11.9713],[77.7259,12.0581],[77.7594,12.0884],[77.7687,12.12],[77.7368,12.1741],[77.6678,12.2039],[77.4921,12.2055],[77.4648,12.2493],[77.4719,12.2742],[77.529,12.3082],[77.5608,12.3397],[77.6046,12.4058],[77.6189,12.4666],[77.6102,12.4954],[77.5747,12.5001],[77.5687,12.5596],[77.5858,12.6241],[77.6094,12.6728],[77.6328,12.6812],[77.7011,12.6821],[77.7653,12.7187],[77.7602,12.7628],[77.7898,12.8107],[77.8013,12.8566],[77.8458,12.8715],[77.895,12.8728],[77.9346,12.8535],[77.9649,12.8165],[78.0021,12.8072],[78.0296,12.8487],[78.0562,12.8459],[78.1638,12.7753],[78.2296,12.7599],[78.2457,12.7817],[78.244,12.8537],[78.2859,12.8434],[78.339,12.8701],[78.3462,12.9133],[78.378,12.9111],[78.44,12.8675],[78.4486,12.9102],[78.4159,12.9269],[78.4158,12.9482],[78.4571,13.0082],[78.4666,13.0415],[78.5165,13.0891],[78.5236,13.1387],[78.5461,13.1642],[78.565,13.2179],[78.5684,13.2748],[78.5056,13.2823],[78.4656,13.3132],[78.4162,13.3276],[78.3809,13.3228],[78.3502,13.3761],[78.3613,13.4134],[78.3626,13.5286],[78.3747,13.5796],[78.3042,13.5995],[78.2537,13.5858],[78.1841,13.6015],[78.1182,13.6618],[78.0744,13.6539],[78.0682,13.6987],[78.1022,13.7174],[78.0822,13.7538],[78.0968,13.809],[78.0797,13.8569],[78.0327,13.8847],[78.0021,13.8671],[77.9716,13.8713],[77.9207,13.8305],[77.9093,13.8806],[77.9413,13.9204],[77.9141,13.9541],[77.8788,13.9166],[77.8449,13.934],[77.7916,13.9417],[77.7728,13.9103],[77.7916,13.8774],[77.7349,13.8242],[77.6865,13.7996],[77.6631,13.7602],[77.6405,13.7817],[77.5932,13.7671],[77.5953,13.7424],[77.5248,13.7249],[77.4995,13.7045],[77.4425,13.702],[77.4407,13.744],[77.4248,13.7975],[77.384,13.8467],[77.2921,13.8484],[77.2583,13.8669],[77.2208,13.8681],[77.1967,13.8919],[77.1618,13.8744],[77.1522,13.9036],[77.1026,13.8497],[77.1259,13.8309],[77.1332,13.7848],[77.1095,13.7615],[77.0582,13.7681],[77.0323,13.7462],[76.9938,13.7799],[76.9585,13.7816],[76.9581,13.8334],[77.0104,13.905],[77.0005,13.9307],[76.9359,14.0109],[76.9426,14.0611],[76.9328,14.0801],[76.873,14.1374],[76.8754,14.1627],[76.922,14.1888],[76.9736,14.1561],[76.9953,14.0664],[77.0819,14.0338],[77.1123,14.0051],[77.1806,14.0068],[77.244,14.0222],[77.2893,14.0107],[77.331,13.9391],[77.3324,13.9082],[77.3867,13.8904],[77.3988,13.9109],[77.388,13.9629],[77.3525,13.9996],[77.3279,14.0522],[77.361,14.1064],[77.3326,14.1298],[77.3685,14.1634],[77.44,14.1741],[77.4678,14.1924],[77.4542,14.2484],[77.461,14.2901],[77.4236,14.297],[77.3896,14.334],[77.3589,14.3216],[77.3844,14.262],[77.3673,14.2383],[77.3271,14.281],[77.2782,14.2956],[77.2568,14.334],[77.1851,14.3265],[77.141,14.3435],[77.1113,14.3296],[77.0803,14.2783],[77.0782,14.2375],[77.0455,14.2317],[76.9082,14.2579],[76.9156,14.3111],[76.8624,14.3472],[76.8609,14.3916],[76.9025,14.4072],[76.9316,14.4576],[76.911,14.4867],[76.869,14.4895],[76.83,14.4787],[76.7913,14.5417],[76.7529,14.5656],[76.7406,14.6129],[76.7439,14.6679],[76.7622,14.7071],[76.7619,14.7637],[76.7997,14.7948],[76.8222,14.921],[76.8028,14.9528],[76.7195,14.9897],[76.7449,15.0257],[76.7455,15.0639],[76.7643,15.0941],[76.8634,15.041],[76.948,15.0216],[77.007,15.0295],[77.0272,15.007],[77.0804,15.0367],[77.1281,15.1323],[77.1287,15.1943],[77.1135,15.2423],[77.1049,15.3082],[77.0742,15.3336],[77.0259,15.3515],[77.0145,15.4173],[76.9686,15.5015],[77.0048,15.5049],[77.0092,15.5693],[76.9997,15.6138],[77.0287,15.6599],[77.0849,15.6673],[77.0253,15.7813],[77.0341,15.8737],[77.0736,15.921],[77.1437,15.9607],[77.2264,15.9764],[77.3062,15.9571],[77.4465,15.953],[77.4837,16.0021],[77.4851,16.1108],[77.479,16.1644],[77.4908,16.2616],[77.54,16.2995],[77.5526,16.3322],[77.5332,16.361],[77.4731,16.3811],[77.394,16.3811],[77.2937,16.4065],[77.2574,16.4494],[77.3709,16.5243],[77.397,16.5717],[77.432,16.5936],[77.4463,16.6408],[77.417,16.6635],[77.4413,16.6841],[77.4109,16.7206],[77.4148,16.7796],[77.4344,16.8128],[77.4334,16.9348],[77.4421,16.9747],[77.4641,17.0115],[77.4652,17.0426],[77.4335,17.0968],[77.4286,17.136],[77.3704,17.1692],[77.3744,17.2226],[77.4964,17.3746],[77.5162,17.4195],[77.561,17.4385],[77.5993,17.4869],[77.6532,17.5001],[77.682,17.555],[77.6743,17.5771],[77.6202,17.5528],[77.5826,17.5788],[77.4929,17.5776],[77.423,17.6125],[77.4115,17.6308],[77.4636,17.7134],[77.5254,17.7463],[77.5309,17.7776],[77.5003,17.8123],[77.5235,17.8521],[77.5592,17.8699],[77.6198,17.9257],[77.6213,17.9868],[77.5948,18.0446],[77.5629,18.0708],[77.5725,18.104],[77.5999,18.1148],[77.5907,18.1755],[77.5698,18.2237],[77.5833,18.2915],[77.5512,18.3079],[77.5091,18.3146],[77.4615,18.2819],[77.4376,18.2819],[77.4273,18.3161],[77.3466,18.3515],[77.3437,18.4166],[77.3019,18.4603],[77.2648,18.4531],[77.2327,18.4107],[77.2311,18.3338],[77.2212,18.3138],[77.1769,18.297],[77.1179,18.2538],[77.0877,18.1971],[77.0058,18.1783],[76.9495,18.18],[76.8929,18.1443],[76.8962,18.0796],[76.8835,18.0294],[76.8851,17.9745],[76.8631,17.9037],[76.8391,17.8842],[76.7409,17.8984],[76.7557,17.8258],[76.7055,17.7921],[76.676,17.7069],[76.6607,17.7098],[76.5927,17.7706],[76.513,17.7728],[76.5014,17.7489],[76.4658,17.7263],[76.4663,17.7048],[76.4165,17.6714],[76.3906,17.6368],[76.3222,17.6177],[76.3115,17.6011],[76.3364,17.5683],[76.3401,17.5155],[76.3181,17.4874],[76.3474,17.4134],[76.3781,17.3898],[76.3438,17.3519],[76.255,17.3604],[76.2104,17.3889],[76.1463,17.3711],[76.0947,17.3778],[76.0278,17.3457],[76.0099,17.3537],[75.9365,17.3259],[75.8977,17.3522],[75.87,17.4161],[75.8318,17.417],[75.7839,17.3748],[75.73,17.4182],[75.678,17.4253],[75.6596,17.4671],[75.6131,17.4716],[75.5809,17.4152],[75.5515,17.3893],[75.5528,17.3659],[75.5874,17.2851],[75.6112,17.2698],[75.6221,17.2209],[75.6051,17.1581],[75.6468,17.0914],[75.6229,17.0492],[75.6415,17.0102],[75.6167,16.9747],[75.5538,17.0149],[75.5091,16.9767],[75.4534,16.9641],[75.4261,16.9849],[75.3708,16.9845],[75.3253,16.9636],[75.256,16.9592],[75.2414,16.9478],[75.2426,16.9021],[75.1665,16.8679],[75.1182,16.8822],[75.0434,16.9528],[74.9996,16.9451],[74.96,16.9511],[74.948,16.9147],[74.9223,16.8893],[74.854,16.8656],[74.8446,16.852],[74.8667,16.7762],[74.8576,16.7579],[74.7961,16.7663],[74.6849,16.7084],[74.6753,16.6776],[74.6445,16.6519],[74.6658,16.6062],[74.6141,16.5906],[74.5574,16.5517],[74.5246,16.6238],[74.43,16.6443],[74.4114,16.5927],[74.3532,16.5435],[74.3074,16.559],[74.2924,16.5284],[74.2436,16.5396],[74.2257,16.4925],[74.2718,16.4895],[74.2844,16.459],[74.3108,16.4589],[74.3467,16.3881],[74.3107,16.3819],[74.3058,16.3527],[74.3324,16.2805],[74.3662,16.2929],[74.4519,16.2539],[74.4763,16.2028],[74.4696,16.1098],[74.416,16.0964],[74.3846,16.0621],[74.4282,16.0449],[74.4288,15.9938],[74.3823,15.9081],[74.3545,15.8726],[74.3731,15.8355],[74.3311,15.7619],[74.2816,15.7299],[74.2235,15.7261],[74.2138,15.7645],[74.1861,15.7657],[74.1381,15.7295],[74.0929,15.6693],[74.1006,15.6403],[74.1408,15.6376],[74.1672,15.6524],[74.2268,15.6298],[74.246,15.5872],[74.2578,15.5186],[74.2365,15.4725],[74.2581,15.4282],[74.2635,15.3774],[74.2915,15.3488],[74.3042,15.2892],[74.2412,15.2378],[74.2928,15.1883],[74.2597,15.0977],[74.2643,15.0222],[74.2412,14.956],[74.1976,14.9287],[74.1607,14.9292],[74.0912,14.8876],[74.125,14.8459],[74.1975,14.8909],[74.1595,14.8257],[74.1187,14.8319],[74.1113,14.7803],[74.1738,14.7499],[74.1943,14.7158],[74.2205,14.7381],[74.2632,14.7016],[74.2669,14.6313],[74.2871,14.6059],[74.3098,14.5194],[74.339,14.524],[74.3429,14.5637],[74.3792,14.5446],[74.3539,14.5051],[74.3942,14.4108],[74.4126,14.3448],[74.4154,14.3011],[74.447,14.254],[74.429,14.2404],[74.4675,14.1814],[74.4749,14.1057],[74.4914,14.0806],[74.5047,14.0102],[74.584,13.9039],[74.6146,13.8355],[74.6231,13.7742],[74.647,13.6921],[74.676,13.7011],[74.7238,13.6456],[74.6809,13.647],[74.6714,13.6039],[74.6771,13.5268],[74.7014,13.4614],[74.6895,13.3816],[74.7151,13.331],[74.7334,13.2628],[74.7488,13.1708],[74.7692,13.0996],[74.7703,13.0524],[74.8176,12.8618],[74.8506,12.8572],[74.867,12.83],[74.8543,12.7653]]]},"properties":{"name":"Karnataka","adm0_a3":"IND"}},
{"type":"Feature","geometry":{"type":"Polygon","coordinates":[[[75.2222,12.022],[75.2229,12.1002],[75.2762,12.101],[75.3225,12.1434],[75.3823,12.1291],[75.338,12.0984],[75.3095,12.0937],[75.3042,12.0432],[75.3147,12.0084],[75.2904,11.9811],[75.3265,11.9359],[75.3246,11.8991],[75.3558,11.8577],[75.3797,11.865],[75.5061,11.7272],[75.5308,11.6937],[75.5853,11.5634],[75.6165,11.4736],[75.6648,11.4626],[75.6952,11.42],[75.8328,11.0978],[75.8801,10.9327],[75.8945,10.8498],[75.9111,10.8092],[75.9416,10.7962],[75.922,10.7656],[75.9997,10.6055],[76.0081,10.5671],[76.0524,10.514],[76.0701,10.4328],[76.1061,10.3847],[76.1382,10.2611],[76.1775,10.1706],[76.1824,10.1057],[76.2146,10.0245],[76.2451,10.1022],[76.2551,10.0477],[76.2782,9.9779],[76.3115,9.9669],[76.3592,9.9154],[76.3941,9.8428],[76.3821,9.7747],[76.3921,9.7169],[76.4146,9.6827],[76.4197,9.5942],[76.4485,9.5634],[76.5033,9.535],[76.459,9.4973],[76.3574,9.5207],[76.3533,9.5353],[76.3729,9.6243],[76.3941,9.6789],[76.368,9.7156],[76.3389,9.6994],[76.3138,9.8613],[76.2844,9.8482],[76.2606,9.8847],[76.2847,9.9285],[76.2515,9.9631],[76.2363,9.9527],[76.2468,9.8937],[76.2774,9.8093],[76.2971,9.6584],[76.291,9.6332],[76.3118,9.493],[76.363,9.3252],[76.4426,9.1452],[76.5138,9.0021],[76.5215,8.9613],[76.5828,9.0006],[76.6033,8.9732],[76.544,8.9125],[76.5586,8.8907],[76.6445,8.819],[76.6956,8.7398],[76.8137,8.6013],[76.8265,8.5698],[76.8801,8.5207],[76.9626,8.4047],[76.9959,8.3681],[77.1103,8.2852],[77.1656,8.3075],[77.1661,8.3369],[77.2159,8.4188],[77.206,8.4562],[77.2441,8.4765],[77.2788,8.5264],[77.2691,8.5555],[77.2038,8.612],[77.1877,8.6394],[77.1789,8.6952],[77.2354,8.7841],[77.2493,8.8591],[77.2026,8.8942],[77.1649,9.001],[77.2101,9.0352],[77.2545,9.1221],[77.3121,9.3009],[77.3389,9.344],[77.3635,9.4162],[77.4038,9.4611],[77.3986,9.5],[77.3406,9.58],[77.3087,9.5787],[77.2632,9.5574],[77.1927,9.5881],[77.1877,9.6128],[77.2354,9.7647],[77.2259,9.8589],[77.2602,9.9622],[77.2243,10.0578],[77.2748,10.1736],[77.277,10.2101],[77.2487,10.2446],[77.2416,10.2844],[77.1915,10.3513],[77.0646,10.2963],[76.9863,10.2313],[76.928,10.2356],[76.8415,10.3107],[76.8381,10.3729],[76.8086,10.4371],[76.8267,10.5516],[76.8211,10.6332],[76.8293,10.653],[76.8755,10.6785],[76.8897,10.78],[76.848,10.8254],[76.8198,10.876],[76.7196,10.914],[76.6904,10.9334],[76.6725,10.9893],[76.7003,11.0413],[76.7626,11.0366],[76.7192,11.1387],[76.6886,11.1738],[76.6984,11.2401],[76.6412,11.2086],[76.5311,11.2028],[76.4958,11.2151],[76.4663,11.2052],[76.4442,11.2341],[76.4737,11.2707],[76.5338,11.3131],[76.4954,11.3848],[76.4482,11.4063],[76.4091,11.4368],[76.3008,11.4703],[76.2563,11.4784],[76.2305,11.5291],[76.2408,11.604],[76.2995,11.5875],[76.3392,11.5915],[76.3742,11.6316],[76.4153,11.6487],[76.4159,11.6668],[76.4009,11.6863],[76.3893,11.744],[76.3166,11.7469],[76.2507,11.8101],[76.2122,11.8073],[76.1766,11.857],[76.1389,11.8672],[76.1155,11.8575],[76.0801,11.8898],[76.0836,11.95],[76.0558,11.9637],[75.983,11.9309],[75.9606,11.9286],[75.846,11.9511],[75.8152,11.9672],[75.7762,12.0098],[75.7611,12.0687],[75.7096,12.0748],[75.6715,12.0984],[75.6292,12.1021],[75.6061,12.135],[75.5366,12.1689],[75.4262,12.2918],[75.3893,12.2947],[75.3687,12.3611],[75.3397,12.4046],[75.3643,12.4764],[75.312,12.4695],[75.2514,12.5369],[75.2709,12.6007],[75.2253,12.6126],[75.1764,12.5997],[75.155,12.6291],[75.1105,12.63],[75.1021,12.6789],[75.0481,12.7025],[75.0208,12.6858],[75.0031,12.7168],[74.9585,12.7321],[74.9452,12.7739],[74.8979,12.7788],[74.8543,12.7653],[74.8796,12.7255],[74.9553,12.5373],[74.9854,12.4914],[75.0184,12.4147],[75.0829,12.3059],[75.1055,12.2213],[75.1309,12.2078],[75.1438,12.1613],[75.1805,12.0773],[75.1937,12.0223],[75.2222,12.022]]]},"properties":{"name":"Kerala","adm0_a3":"IND"}},
{"type":"Feature","geometry":{"type":"MultiPolygon","coordinates":[[[[75.3042,12.0432],[75.3095,12.0937],[75.338,12.0984],[75.3823,12.1291],[75.3225,12.1434],[75.2762,12.101],[75.2229,12.1002],[75.2222,12.022],[75.2456,12.0029],[75.3042,12.0432]]],[[[79.8467,10.9798],[79.8061,10.9854],[79.785,10.9709],[79.7375,10.9862],[79.7055,10.9104],[79.7674,10.8886],[79.8146,10.8187],[79.8473,10.8096],[79.8407,10.9501],[79.8467,10.9798]]],[[[79.8496,11.9552],[79.7911,11.9168],[79.7543,11.9339],[79.7729,11.9669],[79.7312,11.9729],[79.686,11.9999],[79.6726,11.9697],[79.6907,11.9537],[79.711,11.8963],[79.7,11.869],[79.7271,11.8416],[79.8109,11.833],[79.8203,11.8786],[79.8496,11.9552]]]]},"properties":{"name":"Puducherry","adm0_a3":"IND"}},
{"type":"Feature","geometry":{"type":"Polygon","coordinates":[[[79.8473,10.8096],[79.8146,10.8187],[79.7674,10.8886],[79.7055,10.9104],[79.7375,10.9862],[79.785,10.9709],[79.8061,10.9854],[79.8467,10.9798],[79.8522,11.007],[79.8553,11.1599],[79.835,11.2639],[79.833,11.342],[79.7969,11.359],[79.752,11.3405],[79.6963,11.3034],[79.6843,11.3122],[79.7588,11.3784],[79.8103,11.3789],[79.822,11.3911],[79.8167,11.4431],[79.786,11.4262],[79.7808,11.4651],[79.7573,11.5361],[79.752,11.577],[79.7859,11.7692],[79.8109,11.833],[79.7271,11.8416],[79.7,11.869],[79.711,11.8963],[79.6907,11.9537],[79.6726,11.9697],[79.686,11.9999],[79.7312,11.9729],[79.7729,11.9669],[79.7543,11.9339],[79.7911,11.9168],[79.8496,11.9552],[79.8618,12.022],[79.897,12.0688],[79.9275,12.1299],[80.0051,12.2418],[80.0575,12.3312],[80.0872,12.351],[80.156,12.4745],[80.1797,12.5326],[80.2039,12.6321],[80.2287,12.675],[80.2517,12.7625],[80.2632,12.8354],[80.2691,12.9573],[80.2858,13.0676],[80.3137,13.1058],[80.3069,13.1461],[80.3328,13.1981],[80.3137,13.215],[80.3342,13.2429],[80.3478,13.3491],[80.327,13.4304],[80.2931,13.4291],[80.2602,13.4685],[80.2023,13.4485],[80.0976,13.4638],[80.1086,13.5121],[80.048,13.5344],[80.0295,13.5194],[80.0498,13.4762],[79.9998,13.4565],[79.962,13.4165],[79.9567,13.3658],[79.8733,13.3172],[79.8163,13.2949],[79.7641,13.2981],[79.76,13.2645],[79.7849,13.224],[79.7209,13.2225],[79.6968,13.2358],[79.6885,13.2829],[79.6679,13.2913],[79.6004,13.2775],[79.5717,13.2841],[79.5442,13.3235],[79.4907,13.3399],[79.4495,13.3312],[79.4255,13.2682],[79.4202,13.22],[79.3867,13.2037],[79.3149,13.132],[79.2508,13.1478],[79.2044,13.088],[79.1616,13.0449],[79.0776,13.0356],[79.0203,13.0527],[79.0025,13.0807],[78.9442,13.0934],[78.9014,13.0378],[78.8587,13.0805],[78.7362,13.061],[78.6953,13.02],[78.6616,13.0137],[78.6447,12.992],[78.6377,12.9442],[78.6105,12.8499],[78.5826,12.7782],[78.5336,12.736],[78.4978,12.74],[78.4906,12.6883],[78.4474,12.6435],[78.4191,12.6326],[78.3528,12.6415],[78.2744,12.6974],[78.2296,12.7599],[78.1638,12.7753],[78.0562,12.8459],[78.0296,12.8487],[78.0021,12.8072],[77.9649,12.8165],[77.9346,12.8535],[77.895,12.8728],[77.8458,12.8715],[77.8013,12.8566],[77.7898,12.8107],[77.7602,12.7628],[77.7653,12.7187],[77.7011,12.6821],[77.6328,12.6812],[77.6094,12.6728],[77.5858,12.6241],[77.5687,12.5596],[77.5747,12.5001],[77.6102,12.4954],[77.6189,12.4666],[77.6046,12.4058],[77.5608,12.3397],[77.529,12.3082],[77.4719,12.2742],[77.4648,12.2493],[77.4921,12.2055],[77.6678,12.2039],[77.7368,12.1741],[77.7687,12.12],[77.7594,12.0884],[77.7259,12.0581],[77.6708,11.9713],[77.6229,11.9497],[77.5177,11.9404],[77.4898,11.9261],[77.462,11.8824],[77.4339,11.8115],[77.4081,11.7916],[77.3539,11.7837],[77.2592,11.8169],[77.221,11.8023],[77.1729,11.8042],[77.1219,11.7925],[77.1074,11.7527],[77.0826,11.7568],[77.0265,11.814],[76.9974,11.8259],[76.9077,11.8002],[76.8442,11.7047],[76.8208,11.6256],[76.7508,11.6423],[76.6054,11.6312],[76.5502,11.6454],[76.5493,11.6845],[76.5322,11.7091],[76.4653,11.715],[76.4159,11.6668],[76.4153,11.6487],[76.3742,11.6316],[76.3392,11.5915],[76.2995,11.5875],[76.2408,11.604],[76.2305,11.5291],[76.2563,11.4784],[76.3008,11.4703],[76.4091,11.4368],[76.4482,11.4063],[76.4954,11.3848],[76.5338,11.3131],[76.4737,11.2707],[76.4442,11.2341],[76.4663,11.2052],[76.4958,11.2151],[76.5311,11.2028],[76.6412,11.2086],[76.6984,11.2401],[76.6886,11.1738],[76.7192,11.1387],[76.7626,11.0366],[76.7003,11.0413],[76.6725,10.9893],[76.6904,10.9334],[76.7196,10.914],[76.8198,10.876],[76.848,10.8254],[76.8897,10.78],[76.8755,10.6785],[76.8293,10.653],[76.8211,10.6332],[76.8267,10.5516],[76.8086,10.4371],[76.8381,10.3729],[76.8415,10.3107],[76.928,10.2356],[76.9863,10.2313],[77.0646,10.2963],[77.1915,10.3513],[77.2416,10.2844],[77.2487,10.2446],[77.277,10.2101],[77.2748,10.1736],[77.2243,10.0578],[77.2602,9.9622],[77.2259,9.8589],[77.2354,9.7647],[77.1877,9.6128],[77.1927,9.5881],[77.2632,9.5574],[77.3087,9.5787],[77.3406,9.58],[77.3986,9.5],[77.4038,9.4611],[77.3635,9.4162],[77.3389,9.344],[77.3121,9.3009],[77.2545,9.1221],[77.2101,9.0352],[77.1649,9.001],[77.2026,8.8942],[77.2493,8.8591],[77.2354,8.7841],[77.1789,8.6952],[77.1877,8.6394],[77.2038,8.612],[77.2691,8.5555],[77.2788,8.5264],[77.2441,8.4765],[77.206,8.4562],[77.2159,8.4188],[77.1661,8.3369],[77.1656,8.3075],[77.1103,8.2852],[77.2253,8.1844],[77.263,8.1684],[77.3156,8.1278],[77.4497,8.0875],[77.5109,8.076],[77.5653,8.0825],[77.561,8.1146],[77.5952,8.139],[77.6438,8.1557],[77.7525,8.1738],[77.8062,8.2287],[77.9998,8.3449],[78.0628,8.3732],[78.0798,8.432],[78.1283,8.488],[78.1423,8.5931],[78.1146,8.6579],[78.1367,8.6699],[78.1692,8.7336],[78.1758,8.7639],[78.1779,8.8611],[78.2176,8.939],[78.2398,8.9656],[78.3775,9.0775],[78.4499,9.1166],[78.6188,9.1405],[78.6489,9.1514],[78.6763,9.1841],[78.7278,9.1874],[78.7771,9.2194],[78.8438,9.244],[78.929,9.2538],[78.9568,9.2748],[79.0257,9.2737],[79.0872,9.2538],[79.1294,9.2563],[79.1654,9.2742],[79.2927,9.2503],[79.361,9.2134],[79.424,9.1591],[79.4382,9.1763],[79.3679,9.2276],[79.3357,9.2676],[79.3411,9.3159],[79.3201,9.3233],[79.2517,9.2885],[79.1156,9.2912],[79.0399,9.3147],[78.9597,9.385],[78.9334,9.4164],[78.9133,9.4743],[78.9315,9.5617],[78.9808,9.6672],[79.0388,9.7472],[79.0941,9.8023],[79.1419,9.8912],[79.2004,9.9703],[79.2791,10.0358],[79.2542,10.0543],[79.2443,10.0849],[79.2363,10.1666],[79.2692,10.1978],[79.2722,10.2344],[79.3049,10.2681],[79.3981,10.3247],[79.4597,10.3083],[79.5322,10.3232],[79.5801,10.2959],[79.7598,10.2582],[79.7308,10.289],[79.7036,10.289],[79.6331,10.3286],[79.7571,10.3091],[79.7951,10.2692],[79.8513,10.2822],[79.8638,10.3787],[79.8596,10.5515],[79.8503,10.5921],[79.8473,10.8096]]]},"properties":{"name":"Tamil Nadu","adm0_a3":"IND"}},
{"type":"Feature","geometry":{"type":"Polygon","coordinates":[[[73.0772,8.3153],[73.073,8.2954],[73.0632,8.2795],[73.0484,8.2676],[73.0293,8.26],[73.0327,8.2495],[73.0447,8.2524],[73.0661,8.2705],[73.084,8.3085],[73.0772,8.3153]]]},"properties":{"name":"Lakshadweep","adm0_a3":"IND"}},
{"type":"Feature","geometry":{"type":"MultiPolygon","coordinates":[[[[93.9203,7.0243],[93.8871,7.0893],[93.865,7.2007],[93.814,7.2418],[93.7721,7.2117],[93.7173,7.1877],[93.6764,7.1819],[93.6497,7.1196],[93.6492,7.0131],[93.6843,7.0209],[93.7175,6.9926],[93.7481,6.9236],[93.7796,6.8902],[93.7844,6.8364],[93.8137,6.8083],[93.8127,6.754],[93.8342,6.7456],[93.8594,6.8043],[93.8899,6.801],[93.8936,6.8768],[93.9299,6.9591],[93.9203,7.0243]]],[[[93.7312,7.3694],[93.6995,7.3987],[93.6167,7.3673],[93.6069,7.3264],[93.6179,7.26],[93.6442,7.2575],[93.6792,7.2983],[93.7285,7.3371],[93.7312,7.3694]]],[[[93.4295,7.9553],[93.4012,7.968],[93.3914,8.0156],[93.3226,8.0021],[93.305,7.9499],[93.3137,7.9292],[93.3678,7.8786],[93.4212,7.8918],[93.4544,7.8693],[93.4598,7.9108],[93.4295,7.9553]]],[[[93.5659,7.9993],[93.5403,8.0162],[93.5115,7.9955],[93.5183,7.9658],[93.574,7.9249],[93.5659,7.9993]]],[[[93.5319,8.0347],[93.5376,8.0573],[93.5086,8.1288],[93.5105,8.1666],[93.531,8.1938],[93.5234,8.2258],[93.4859,8.2201],[93.4465,8.1645],[93.4574,8.09],[93.4956,8.0494],[93.4773,8.031],[93.495,7.9963],[93.5319,8.0347]]],[[[93.1345,8.2402],[93.104,8.2756],[93.1014,8.3458],[93.0698,8.3466],[93.0596,8.2914],[93.0816,8.2424],[93.1025,8.2215],[93.1345,8.2402]]],[[[93.6077,8.548],[93.6004,8.4503],[93.6183,8.4539],[93.6268,8.5058],[93.6077,8.548]]],[[[92.8114,9.2312],[92.763,9.2641],[92.7451,9.2291],[92.7085,9.2016],[92.7312,9.1308],[92.7996,9.1102],[92.832,9.145],[92.8338,9.2024],[92.8114,9.2312]]],[[[92.5851,10.7713],[92.5651,10.8493],[92.5276,10.8955],[92.4828,10.8856],[92.429,10.8508],[92.4154,10.7989],[92.3757,10.775],[92.3795,10.6721],[92.417,10.6291],[92.4026,10.5752],[92.3781,10.5413],[92.4065,10.5293],[92.4441,10.5451],[92.4796,10.5161],[92.513,10.508],[92.5354,10.5249],[92.5742,10.5806],[92.5418,10.5917],[92.5398,10.6207],[92.5959,10.6784],[92.5851,10.7713]]],[[[92.6765,11.4125],[92.6963,11.4544],[92.6751,11.4904],[92.6356,11.508],[92.6276,11.4774],[92.6372,11.4302],[92.6008,11.4063],[92.5935,11.3784],[92.646,11.3591],[92.6999,11.3844],[92.6765,11.4125]]],[[[92.2668,11.5895],[92.2302,11.5773],[92.2345,11.5404],[92.2732,11.5311],[92.2869,11.5632],[92.2668,11.5895]]],[[[93.0425,11.9612],[93.0147,12.0372],[92.9807,12.0363],[92.947,11.9897],[92.9906,11.9544],[93.0249,11.9401],[93.0493,11.8961],[93.0664,11.8991],[93.0425,11.9612]]],[[[93.1033,12.1905],[93.0663,12.1898],[93.0596,12.1387],[93.0742,12.1103],[93.1033,12.102],[93.095,12.1518],[93.1033,12.1905]]],[[[92.7331,12.9725],[92.7083,12.9887],[92.6828,12.9617],[92.6703,12.8677],[92.6971,12.8382],[92.7244,12.8724],[92.7331,12.9725]]],[[[93.0527,13.2839],[93.0042,13.331],[93.0469,13.3574],[93.0596,13.4068],[93.055,13.5031],[93.0664,13.5371],[93.0425,13.5712],[92.9585,13.5502],[92.938,13.5014],[92.895,13.4546],[92.8869,13.3935],[92.8474,13.3449],[92.8499,13.289],[92.864,13.2355],[92.8428,13.227],[92.8542,13.1461],[92.8296,13.1035],[92.808,13.0201],[92.8347,13.002],[92.8132,12.9581],[92.8132,12.9065],[92.8003,12.8578],[92.7654,12.8451],[92.7375,12.8072],[92.7477,12.6927],[92.76,12.6511],[92.7217,12.5994],[92.7178,12.3625],[92.7337,12.3181],[92.7785,12.3101],[92.7942,12.2832],[92.7824,12.2486],[92.7927,12.2077],[92.7654,12.1803],[92.7195,12.1763],[92.721,12.2265],[92.6818,12.2196],[92.6401,12.1361],[92.6419,12.0363],[92.6213,11.9879],[92.6294,11.9438],[92.6213,11.8749],[92.5772,11.9274],[92.5397,11.8944],[92.5344,11.8469],[92.5632,11.8339],[92.5603,11.7414],[92.5798,11.7142],[92.6038,11.7189],[92.6336,11.5826],[92.6897,11.5156],[92.7267,11.5062],[92.7449,11.5571],[92.7476,11.5978],[92.7654,11.6186],[92.76,11.7087],[92.7969,11.8651],[92.7879,11.9345],[92.7538,11.9316],[92.7375,11.9612],[92.7456,11.9966],[92.7713,12.0361],[92.7688,12.0847],[92.7993,12.0895],[92.8337,12.1182],[92.8274,12.1401],[92.8745,12.1837],[92.8926,12.2145],[92.8799,12.2436],[92.9019,12.269],[92.8792,12.313],[92.9128,12.3336],[92.8941,12.3681],[92.8636,12.3855],[92.8467,12.4335],[92.9387,12.4381],[92.9559,12.4774],[92.9906,12.5192],[92.989,12.5921],[92.9729,12.6281],[92.9906,12.7011],[92.9844,12.7451],[92.9566,12.783],[92.968,12.8032],[92.964,12.8649],[92.9155,12.9196],[92.8768,12.9115],[92.9053,12.9822],[92.9562,12.9817],[92.9326,13.013],[92.964,13.0369],[93.0195,13.0336],[93.0368,13.0622],[93.0527,13.133],[93.0569,13.2248],[93.0794,13.2598],[93.0527,13.2839]]]]},"properties":{"name":"Andaman and Nicobar","adm0_a3":"IND"}},
{"type":"Feature","geometry":{"type":"Polygon","coordinates":[[[83.3371,24.1402],[83.3906,24.1248],[83.4423,24.1218],[83.5107,24.0829],[83.5218,24.0659],[83.5269,23.9845],[83.5568,23.9358],[83.6966,23.8187],[83.7353,23.7383],[83.7208,23.6762],[83.7433,23.6225],[83.7809,23.5865],[83.8446,23.5887],[83.9064,23.5647],[83.9228,23.576],[83.9237,23.6235],[83.9763,23.6436],[83.9912,23.6318],[84.0145,23.554],[83.9522,23.4749],[83.9469,23.37],[84.0154,23.3826],[84.0386,23.3094],[84.0315,23.2301],[84.02,23.1871],[84.0289,23.1461],[84.0891,23.0848],[84.115,22.9989],[84.1937,23.0032],[84.2358,22.994],[84.2917,22.9972],[84.331,22.9703],[84.3522,22.8856],[84.3245,22.8497],[84.2605,22.7994],[84.2283,22.7831],[84.191,22.7009],[84.1033,22.6412],[84.0619,22.641],[83.9962,22.5927],[83.9702,22.5393],[84.0074,22.5315],[84.067,22.4996],[84.1243,22.4267],[84.1478,22.3868],[84.1786,22.3644],[84.2309,22.3573],[84.311,22.324],[84.4208,22.331],[84.5009,22.3766],[84.5051,22.4106],[84.5301,22.423],[84.7337,22.4273],[84.8009,22.4502],[84.9083,22.422],[84.9525,22.4474],[84.988,22.4522],[85.0655,22.5032],[85.1004,22.394],[85.1047,22.3308],[85.0878,22.2802],[85.04,22.2164],[84.9852,22.1128],[85.0426,22.1197],[85.1092,22.1085],[85.232,22.0353],[85.3241,22.1267],[85.4252,22.1645],[85.4611,22.1581],[85.5507,22.1076],[85.6791,22.0759],[85.7343,22.0961],[85.7922,22.1291],[85.7966,22.0968],[85.7791,22.0719],[85.7847,22.0119],[85.8343,21.9861],[85.8775,21.9961],[85.9162,22.0221],[85.9741,22.1046],[85.9883,22.1875],[85.9646,22.2449],[85.9899,22.3008],[85.9865,22.3936],[85.9406,22.4681],[85.9388,22.5005],[85.9977,22.5191],[86.0398,22.5567],[86.0648,22.5459],[86.1025,22.5001],[86.268,22.4224],[86.3047,22.3971],[86.366,22.3301],[86.4016,22.32],[86.4866,22.3369],[86.6022,22.2729],[86.6466,22.2349],[86.6865,22.218],[86.7339,22.2467],[86.7619,22.2406],[86.7803,22.2867],[86.8339,22.2883],[86.8484,22.3101],[86.8033,22.3484],[86.7899,22.4156],[86.7181,22.4694],[86.7126,22.5008],[86.7571,22.5058],[86.7494,22.5448],[86.7265,22.5716],[86.6854,22.5908],[86.6114,22.6043],[86.5946,22.6325],[86.5869,22.6807],[86.4987,22.7431],[86.4523,22.7454],[86.3991,22.785],[86.4019,22.8729],[86.4148,22.9435],[86.4415,22.964],[86.5011,22.9793],[86.4505,23.0042],[86.314,23.0086],[86.218,23.0199],[86.1929,23.0077],[86.1425,23.0283],[86.0202,23.1526],[85.9826,23.175],[85.9425,23.1803],[85.8884,23.1631],[85.8712,23.2107],[85.8298,23.2608],[85.844,23.307],[85.8748,23.3468],[85.8948,23.4165],[85.8472,23.4259],[85.8231,23.4539],[85.8289,23.4831],[85.903,23.5027],[85.9964,23.5115],[86.0144,23.5384],[86.0004,23.5795],[86.0247,23.6068],[86.0564,23.6025],[86.1345,23.5589],[86.1215,23.5009],[86.1848,23.4723],[86.2143,23.4492],[86.273,23.4537],[86.3365,23.5084],[86.3484,23.5679],[86.3799,23.598],[86.4585,23.6386],[86.5424,23.6602],[86.6461,23.6969],[86.764,23.7148],[86.7998,23.7255],[86.8224,23.7769],[86.8097,23.8181],[86.8272,23.8558],[86.8772,23.9131],[86.9073,23.9058],[86.9799,23.8639],[87.0156,23.8596],[87.0797,23.8152],[87.1319,23.8031],[87.1663,23.8102],[87.1447,23.8781],[87.2054,23.8689],[87.2412,23.8508],[87.2476,23.8975],[87.2756,23.9155],[87.2762,23.9661],[87.2257,24.0273],[87.2355,24.0404],[87.3016,24.0569],[87.3381,24.0018],[87.3972,24.0234],[87.4466,24.0167],[87.4887,24.0469],[87.4869,24.1241],[87.5173,24.1389],[87.5721,24.1176],[87.5893,24.1708],[87.6616,24.1862],[87.6315,24.2694],[87.6661,24.2802],[87.7206,24.3178],[87.7758,24.4193],[87.7753,24.4555],[87.8005,24.5008],[87.7908,24.5625],[87.823,24.5814],[87.8773,24.5887],[87.9,24.621],[87.8734,24.6443],[87.8954,24.6703],[87.8533,24.7584],[87.862,24.8515],[87.8819,24.892],[87.8775,24.9389],[87.8441,25.0415],[87.781,25.0899],[87.7687,25.1592],[87.7837,25.2141],[87.7702,25.237],[87.7262,25.2516],[87.6812,25.2454],[87.5987,25.2667],[87.5702,25.3035],[87.5235,25.3238],[87.4708,25.2842],[87.4067,25.181],[87.3638,25.1965],[87.2919,25.1743],[87.2659,25.0722],[87.1855,25.062],[87.1282,25.0016],[87.1173,24.9709],[87.1192,24.8511],[87.0681,24.7785],[87.0775,24.7453],[87.0694,24.6681],[87.05,24.597],[87.0298,24.584],[86.9255,24.6136],[86.8907,24.5645],[86.8899,24.5316],[86.8132,24.5542],[86.7554,24.5881],[86.7023,24.5478],[86.6492,24.5427],[86.5857,24.5614],[86.4944,24.4798],[86.486,24.4105],[86.4387,24.3404],[86.3551,24.3953],[86.2764,24.4348],[86.2725,24.4545],[86.3046,24.5003],[86.2905,24.5516],[86.2236,24.5679],[86.1914,24.553],[86.1549,24.5561],[86.1177,24.597],[86.0977,24.6905],[86.0329,24.7124],[86.0181,24.743],[85.9593,24.7032],[85.9116,24.6985],[85.8659,24.7517],[85.8309,24.7709],[85.746,24.77],[85.701,24.7245],[85.6808,24.6585],[85.6473,24.6486],[85.6624,24.5689],[85.6437,24.5501],[85.5784,24.5578],[85.5264,24.5016],[85.4824,24.5093],[85.3914,24.5095],[85.3746,24.4996],[85.2806,24.4873],[85.261,24.4618],[85.171,24.4309],[85.1577,24.3956],[85.0976,24.3442],[85.0806,24.3933],[84.9615,24.3484],[84.9089,24.3537],[84.889,24.3728],[84.8792,24.4268],[84.8352,24.4379],[84.8256,24.4849],[84.7985,24.4966],[84.6882,24.4307],[84.6576,24.3751],[84.5883,24.3944],[84.5192,24.3075],[84.472,24.3074],[84.4345,24.3465],[84.3528,24.4011],[84.3119,24.4511],[84.3246,24.5029],[84.3054,24.5308],[84.1974,24.5181],[84.198,24.4903],[84.1394,24.4712],[84.0956,24.5041],[84.0757,24.5621],[84.0439,24.6239],[84.0116,24.6328],[83.9924,24.5914],[83.9184,24.5438],[83.8498,24.5351],[83.7879,24.5373],[83.7677,24.5138],[83.6959,24.5063],[83.5387,24.5313],[83.5231,24.5297],[83.4378,24.5209],[83.4017,24.4983],[83.3942,24.4744],[83.4086,24.4329],[83.454,24.3616],[83.4162,24.3054],[83.4077,24.2607],[83.3602,24.1983],[83.3371,24.1402]]]},"properties":{"name":"Jharkhand","adm0_a3":"IND"}},
{"type":"Feature","geometry":{"type":"Polygon","coordinates":[[[77.2008,28.8768],[77.1552,28.8616],[77.068,28.8821],[77.0362,28.8533],[77.0036,28.8544],[76.9544,28.8355],[76.9365,28.8147],[76.9364,28.7251],[76.9473,28.6962],[76.9104,28.6368],[76.8723,28.6282],[76.8369,28.5872],[76.8727,28.5194],[76.985,28.5377],[77.0034,28.5589],[77.0709,28.5286],[77.1005,28.4756],[77.1936,28.4326],[77.2405,28.4526],[77.2227,28.4774],[77.2697,28.5103],[77.3274,28.5197],[77.2978,28.5694],[77.3375,28.6262],[77.3069,28.7206],[77.2272,28.7836],[77.2063,28.8219],[77.2167,28.8435],[77.2008,28.8768]]]},"properties":{"name":"Delhi","adm0_a3":"IND"}},
{"type":"Feature","geometry":{"type":"Polygon","coordinates":[[[76.8146,30.7891],[76.774,30.799],[76.7038,30.7814],[76.7018,30.7446],[76.7756,30.6774],[76.8273,30.6807],[76.8266,30.7353],[76.8146,30.7891]]]},"properties":{"name":"Chandigarh","adm0_a3":"IND"}},
{"type":"Feature","geometry":{"type":"Polygon","coordinates":[[[82.8009,23.9987],[82.7697,24.0413],[82.7327,24.0726],[82.7388,24.1075],[82.6794,24.1668],[82.7329,24.2141],[82.7411,24.2778],[82.7648,24.33],[82.767,24.386],[82.7341,24.4197],[82.7428,24.4862],[82.7344,24.5516],[82.756,24.5683],[82.8084,24.5664],[82.8148,24.5963],[82.7721,24.6683],[82.7165,24.6804],[82.6922,24.7198],[82.6239,24.6919],[82.5491,24.6919],[82.4534,24.722],[82.4271,24.7186],[82.4236,24.6475],[82.3952,24.6322],[82.3027,24.6381],[82.3262,24.6799],[82.319,24.702],[82.2637,24.7226],[82.2664,24.7851],[82.2333,24.7587],[82.208,24.7643],[82.2164,24.8063],[82.1955,24.8439],[82.1374,24.8092],[82.1055,24.8134],[82.0332,24.8595],[81.9561,24.871],[81.8811,24.9215],[81.8666,24.9429],[81.874,24.9802],[81.8421,25.0271],[81.8172,25.0358],[81.7345,25.0247],[81.7076,25.0653],[81.6651,25.0645],[81.5852,25.0796],[81.5585,25.171],[81.537,25.1998],[81.4445,25.1747],[81.4655,25.1174],[81.4457,25.1074],[81.3696,25.1116],[81.3605,25.157],[81.3092,25.1719],[81.2432,25.1695],[81.239,25.0981],[81.1805,25.0251],[81.1848,24.9729],[81.1374,24.9487],[81.0981,24.9086],[80.9988,24.9657],[80.9437,24.9533],[80.893,24.9841],[80.8404,24.9706],[80.7787,24.9715],[80.7649,25.0001],[80.7957,25.0599],[80.8243,25.0874],[80.8299,25.1248],[80.8589,25.1876],[80.8354,25.2177],[80.8061,25.2122],[80.7878,25.1742],[80.7611,25.1584],[80.6866,25.1562],[80.6732,25.1387],[80.7173,25.1122],[80.7179,25.082],[80.6472,25.0701],[80.6059,25.1014],[80.5795,25.1479],[80.5509,25.1423],[80.5387,25.1053],[80.4578,25.1095],[80.4783,25.0676],[80.5151,25.0407],[80.4584,25.0151],[80.4114,25.0274],[80.3918,25.0121],[80.3375,25.0211],[80.2883,25.0162],[80.2653,25.0638],[80.3047,25.0893],[80.3545,25.1438],[80.422,25.1807],[80.395,25.2467],[80.3265,25.2823],[80.3123,25.3687],[80.2836,25.4145],[80.1911,25.4133],[80.1677,25.3803],[80.1245,25.351],[80.087,25.3616],[80.0153,25.3309],[79.9348,25.2704],[79.8521,25.2478],[79.837,25.2111],[79.8642,25.1774],[79.8633,25.1532],[79.7919,25.1338],[79.7736,25.1536],[79.6611,25.1481],[79.5782,25.1746],[79.5416,25.1766],[79.4938,25.114],[79.4682,25.1038],[79.4269,25.1451],[79.3926,25.1307],[79.392,25.0741],[79.3374,25.0811],[79.3391,25.1474],[79.3687,25.175],[79.4247,25.2572],[79.4049,25.2779],[79.3481,25.2735],[79.3176,25.2424],[79.2945,25.2594],[79.297,25.3028],[79.3217,25.3394],[79.3025,25.3646],[79.2643,25.3089],[79.2631,25.2747],[79.2873,25.2056],[79.269,25.1641],[79.1715,25.1817],[79.1428,25.1507],[79.1159,25.1538],[79.109,25.195],[79.024,25.1746],[79.0178,25.2259],[79.044,25.2506],[79.0143,25.2812],[78.9867,25.2762],[78.9834,25.2374],[78.9304,25.2138],[78.8911,25.1754],[78.864,25.1916],[78.8677,25.2377],[78.885,25.2655],[78.9355,25.3041],[78.9366,25.3572],[78.9549,25.3857],[78.9531,25.4423],[78.9167,25.438],[78.9191,25.5046],[78.9012,25.5362],[78.8618,25.515],[78.8531,25.434],[78.8008,25.4269],[78.7972,25.4998],[78.7819,25.524],[78.7269,25.4945],[78.7226,25.4617],[78.7488,25.4261],[78.7315,25.3959],[78.7275,25.3464],[78.6315,25.4155],[78.5971,25.414],[78.5756,25.3644],[78.5304,25.3157],[78.5159,25.2662],[78.5737,25.2122],[78.6098,25.1363],[78.6402,24.9641],[78.6591,24.9243],[78.6976,24.8886],[78.7321,24.8149],[78.7362,24.7255],[78.7154,24.6851],[78.7331,24.6354],[78.7504,24.6298],[78.8271,24.6471],[78.8787,24.6132],[78.8934,24.5713],[78.9224,24.5333],[78.9136,24.5005],[78.9285,24.4807],[78.9783,24.4674],[78.9785,24.44],[78.955,24.3925],[78.902,24.3464],[78.8668,24.2721],[78.8258,24.2301],[78.7921,24.2174],[78.7621,24.2357],[78.7466,24.2794],[78.6559,24.2946],[78.5358,24.3886],[78.4894,24.4108],[78.4527,24.3845],[78.435,24.3281],[78.3855,24.3012],[78.3565,24.3092],[78.3301,24.342],[78.3505,24.408],[78.2775,24.4531],[78.2444,24.4879],[78.2288,24.5327],[78.2648,24.5835],[78.2723,24.6244],[78.258,24.6449],[78.2613,24.6927],[78.2307,24.7343],[78.2249,24.7941],[78.1978,24.8394],[78.1691,24.8655],[78.1804,24.8925],[78.2573,24.9402],[78.3127,24.9875],[78.3365,25.023],[78.3303,25.0664],[78.3455,25.1392],[78.3663,25.186],[78.2977,25.3278],[78.2564,25.3767],[78.2619,25.4117],[78.33,25.4648],[78.3705,25.5527],[78.4607,25.5746],[78.5584,25.5755],[78.6161,25.6076],[78.7145,25.6259],[78.7476,25.6427],[78.7536,25.6743],[78.7271,25.7402],[78.7398,25.7898],[78.8083,25.8416],[78.8352,25.9057],[78.8797,25.9561],[78.9144,26.0428],[78.9541,26.11],[78.92,26.1447],[78.9271,26.1781],[78.9541,26.192],[78.9386,26.2305],[78.9633,26.2781],[79.0193,26.2938],[79.0608,26.3551],[79.0397,26.3751],[79.0493,26.4407],[79.0281,26.4976],[78.9744,26.5716],[78.9457,26.6356],[78.9358,26.6944],[78.9051,26.7081],[78.8424,26.7119],[78.7924,26.7621],[78.7241,26.7764],[78.6932,26.7979],[78.6553,26.7764],[78.6225,26.7773],[78.5635,26.7585],[78.518,26.7832],[78.4616,26.7923],[78.4281,26.8225],[78.3849,26.8268],[78.3715,26.851],[78.286,26.8548],[78.2549,26.8173],[78.2001,26.8236],[78.169,26.8222],[78.1515,26.7832],[78.1012,26.7951],[78.1004,26.7429],[78.0794,26.6829],[78.0128,26.6956],[77.95,26.6698],[77.9028,26.664],[77.8699,26.6193],[77.8192,26.6051],[77.8315,26.5758],[77.744,26.5362],[77.7151,26.506],[77.6168,26.483],[77.4999,26.4116],[77.4596,26.4168],[77.4315,26.4001],[77.4313,26.3737],[77.3496,26.3649],[77.3234,26.352],[77.2881,26.3],[77.2097,26.242],[77.1247,26.2379],[77.0825,26.1853],[77.0104,26.1662],[76.9919,26.1359],[76.908,26.0986],[76.8875,26.0638],[76.8155,26.0188],[76.7961,25.9645],[76.727,25.9163],[76.6518,25.9227],[76.6275,25.893],[76.546,25.8483],[76.5179,25.7993],[76.5127,25.7446],[76.4784,25.7198],[76.4922,25.6868],[76.5215,25.5502],[76.5514,25.4601],[76.6107,25.4308],[76.6523,25.3792],[76.7171,25.368],[76.7802,25.332],[76.8278,25.3446],[76.8697,25.3379],[76.9135,25.3093],[77.0015,25.3176],[77.0806,25.3532],[77.1413,25.342],[77.2016,25.3556],[77.2225,25.4027],[77.2555,25.4335],[77.3277,25.4432],[77.3586,25.4071],[77.3428,25.3677],[77.3653,25.3244],[77.363,25.2621],[77.3989,25.2122],[77.3824,25.1429],[77.3413,25.114],[77.3097,25.11],[77.2798,25.1269],[77.1874,25.1275],[77.088,25.0937],[76.9994,25.0877],[76.861,25.0338],[76.8455,25.0066],[76.8782,24.9354],[76.8832,24.897],[76.8473,24.8624],[76.7972,24.855],[76.7806,24.8371],[76.8481,24.7597],[76.8778,24.7439],[76.9668,24.7375],[77.0374,24.6703],[77.0591,24.6023],[77.0589,24.5616],[77.0352,24.5384],[76.9429,24.5002],[76.8979,24.5039],[76.8805,24.5619],[76.8284,24.5766],[76.8062,24.5558],[76.8142,24.5019],[76.8058,24.4621],[76.8164,24.4261],[76.8146,24.3601],[76.8316,24.3162],[76.8916,24.2409],[76.8703,24.1817],[76.7666,24.1603],[76.6692,24.2236],[76.654,24.2405],[76.6729,24.2838],[76.6492,24.3094],[76.5725,24.2732],[76.5427,24.2152],[76.4948,24.2144],[76.4775,24.2535],[76.4561,24.265],[76.3586,24.2651],[76.3047,24.2831],[76.2303,24.2779],[76.1902,24.3106],[76.189,24.3521],[76.1327,24.3294],[76.1167,24.2514],[76.1166,24.134],[76.0832,24.0981],[75.999,24.0511],[75.9802,24.026],[75.9979,23.9839],[75.9734,23.9554],[75.8994,23.9183],[75.8124,23.8869],[75.7765,23.8831],[75.7483,23.9123],[75.7203,23.9065],[75.7285,23.8674],[75.6998,23.7932],[75.6376,23.8138],[75.5971,23.8179],[75.5782,23.8757],[75.5242,23.905],[75.4903,23.9399],[75.4861,23.9889],[75.513,24.036],[75.5389,24.0414],[75.6218,23.9952],[75.6728,24.0224],[75.73,24.0007],[75.7653,24.0554],[75.7941,24.0804],[75.805,24.1191],[75.7518,24.1534],[75.7478,24.19],[75.7948,24.2516],[75.8009,24.3063],[75.7591,24.334],[75.7344,24.424],[75.745,24.4688],[75.7922,24.4942],[75.8376,24.47],[75.8749,24.5143],[75.8694,24.5994],[75.8201,24.6513],[75.8134,24.7177],[75.7588,24.7774],[75.7175,24.7747],[75.649,24.7383],[75.5499,24.7258],[75.448,24.7031],[75.3876,24.7047],[75.3086,24.7247],[75.2037,24.725],[75.172,24.7625],[75.2104,24.821],[75.1881,24.8671],[75.1937,24.8958],[75.2622,24.8453],[75.2975,24.8394],[75.355,24.8473],[75.4014,24.8823],[75.3873,24.9046],[75.3442,24.8917],[75.2681,24.8933],[75.2514,24.9365],[75.3052,24.926],[75.3179,24.9552],[75.2916,24.9963],[75.3206,25.0439],[75.3049,25.058],[75.2351,25.0402],[75.1333,25.04],[75.0938,24.9778],[75.1031,24.9404],[75.0844,24.8889],[75.043,24.8959],[74.9814,24.863],[74.8996,24.8972],[74.8759,24.9194],[74.8243,24.9325],[74.8153,24.9165],[74.8375,24.8594],[74.8378,24.7971],[74.9743,24.7857],[74.9654,24.694],[74.9323,24.6691],[74.8697,24.6656],[74.8065,24.7358],[74.7714,24.7636],[74.7705,24.7047],[74.7843,24.6681],[74.7119,24.5239],[74.7202,24.5003],[74.8171,24.4746],[74.8468,24.4355],[74.8237,24.4045],[74.7664,24.3587],[74.754,24.3041],[74.7335,24.2773],[74.7593,24.2567],[74.8072,24.263],[74.87,24.2361],[74.885,24.205],[74.8931,24.1345],[74.9292,24.0772],[74.9682,24.0328],[74.9468,24.002],[74.9083,23.8967],[74.9066,23.7913],[74.9322,23.7524],[74.939,23.6874],[74.8994,23.6204],[74.8718,23.5519],[74.823,23.5001],[74.779,23.4874],[74.7224,23.4522],[74.6482,23.4306],[74.5695,23.3679],[74.5213,23.2897],[74.5364,23.2509],[74.6115,23.2281],[74.6584,23.2265],[74.7159,23.1792],[74.6119,23.1127],[74.55,23.0987],[74.4761,23.0624],[74.4079,23.0723],[74.3633,23.0651],[74.3235,23.0361],[74.3439,22.9869],[74.355,22.8989],[74.365,22.875],[74.4266,22.8716],[74.4519,22.8409],[74.4581,22.8041],[74.3764,22.651],[74.3302,22.6152],[74.2727,22.6097],[74.1976,22.5556],[74.1612,22.5167],[74.1197,22.5044],[74.0631,22.5209],[74.0334,22.5096],[74.0257,22.4796],[74.0818,22.4278],[74.113,22.4107],[74.1644,22.4167],[74.2215,22.4094],[74.2445,22.3754],[74.2243,22.3492],[74.1801,22.3271],[74.1368,22.3209],[74.0985,22.3458],[74.0722,22.3443],[74.0564,22.2942],[74.0715,22.1978],[74.1065,22.1524],[74.1173,22.102],[74.1419,22.0628],[74.129,22.0247],[74.1288,21.9518],[74.2049,21.9251],[74.2844,21.9449],[74.29,21.966],[74.352,21.9865],[74.4077,22.023],[74.4856,21.946],[74.4942,21.917],[74.487,21.8201],[74.5125,21.7269],[74.6082,21.6589],[74.6609,21.6453],[74.7081,21.6112],[74.7638,21.6084],[74.8539,21.6165],[74.8941,21.612],[74.9561,21.5779],[75.005,21.5754],[75.048,21.5541],[75.1062,21.4831],[75.1299,21.4377],[75.2095,21.4029],[75.3119,21.3815],[75.5347,21.3718],[75.6252,21.3855],[75.7065,21.3782],[75.814,21.3834],[75.8778,21.3998],[75.9523,21.3909],[76.0396,21.3657],[76.0829,21.3681],[76.1305,21.2801],[76.1429,21.1931],[76.1086,21.1531],[76.1439,21.1069],[76.1868,21.0858],[76.2866,21.0748],[76.3788,21.0868],[76.4366,21.1078],[76.4983,21.1804],[76.5418,21.1952],[76.6141,21.2025],[76.654,21.2513],[76.6533,21.2938],[76.6334,21.341],[76.6464,21.3587],[76.7295,21.413],[76.7855,21.5017],[76.7937,21.577],[76.8436,21.6134],[76.9174,21.6181],[77.0288,21.6936],[77.1155,21.724],[77.1789,21.7262],[77.219,21.7008],[77.2511,21.7312],[77.2855,21.7407],[77.333,21.7745],[77.4607,21.77],[77.4933,21.7548],[77.5518,21.6968],[77.5614,21.5835],[77.5552,21.5425],[77.4568,21.5485],[77.432,21.5342],[77.4331,21.4988],[77.4818,21.4239],[77.5315,21.4161],[77.578,21.3845],[77.627,21.3995],[77.7126,21.3803],[77.7875,21.423],[77.8715,21.3981],[77.9102,21.4006],[78.0292,21.4377],[78.0856,21.4624],[78.1444,21.4987],[78.1927,21.5511],[78.3102,21.5863],[78.3332,21.6146],[78.366,21.6254],[78.4133,21.6063],[78.4279,21.5085],[78.5137,21.5266],[78.5612,21.4961],[78.6267,21.4794],[78.696,21.4748],[78.9042,21.5093],[78.9293,21.525],[78.9219,21.5723],[78.9961,21.6034],[79.0815,21.6129],[79.2158,21.6546],[79.2401,21.7128],[79.3319,21.6903],[79.4131,21.6898],[79.4863,21.6635],[79.5331,21.6193],[79.5516,21.55],[79.6001,21.5474],[79.6505,21.5816],[79.7588,21.5941],[79.7984,21.5878],[79.8403,21.5343],[79.9154,21.5381],[79.9779,21.562],[80.0053,21.5483],[80.0803,21.5716],[80.1084,21.6042],[80.1641,21.6212],[80.1867,21.6395],[80.2481,21.5968],[80.3102,21.5802],[80.3375,21.5255],[80.3878,21.4926],[80.4176,21.4468],[80.3953,21.4149],[80.4099,21.3921],[80.4736,21.4036],[80.5027,21.3953],[80.6256,21.3265],[80.679,21.3512],[80.7214,21.4732],[80.7176,21.5856],[80.7305,21.7143],[80.7541,21.7565],[80.8051,21.7743],[80.8379,21.8461],[80.8351,21.951],[80.8849,22.0574],[80.919,22.0975],[80.9498,22.0929],[80.9777,22.0528],[81.0034,22.0777],[80.9873,22.108],[81.0208,22.1409],[81.0235,22.194],[81.0537,22.2336],[81.0954,22.2567],[81.1189,22.2946],[81.1225,22.4005],[81.1309,22.4229],[81.178,22.4784],[81.2349,22.4445],[81.2773,22.4698],[81.3726,22.4927],[81.4178,22.4375],[81.4482,22.4498],[81.5396,22.52],[81.6423,22.5508],[81.6696,22.6093],[81.7664,22.664],[81.7618,22.7164],[81.7852,22.7443],[81.7768,22.8129],[81.7885,22.8529],[81.8653,22.8815],[81.9402,22.9458],[81.9334,22.9992],[81.9461,23.043],[82.0205,23.0714],[82.0708,23.1003],[82.1294,23.0965],[82.1566,23.1483],[82.1646,23.2102],[82.1897,23.2887],[82.1737,23.3264],[82.0982,23.3717],[82.0434,23.3636],[81.9914,23.4005],[81.9506,23.4667],[81.9072,23.5052],[81.8582,23.5077],[81.8006,23.531],[81.7446,23.5426],[81.6441,23.4821],[81.6283,23.4878],[81.5914,23.5612],[81.6147,23.5918],[81.6189,23.6273],[81.6556,23.6485],[81.6862,23.6903],[81.6809,23.7248],[81.622,23.8338],[81.6195,23.8676],[81.6413,23.8853],[81.6819,23.8851],[81.7782,23.8019],[81.8361,23.7954],[81.9369,23.8407],[82.0049,23.8364],[82.0774,23.8014],[82.2036,23.8005],[82.2625,23.7856],[82.4154,23.7831],[82.4987,23.7724],[82.5317,23.7754],[82.5679,23.8041],[82.6508,23.8448],[82.6577,23.8845],[82.6916,23.9051],[82.7681,23.929],[82.8009,23.9987]]]},"properties":{"name":"Madhya Pradesh","adm0_a3":"IND"}},
{"type":"Feature","geometry":{"type":"Polygon","coordinates":[[[83.3371,24.1402],[83.3019,24.0776],[83.2692,24.0592],[83.2487,23.9939],[83.2063,23.944],[83.0888,23.911],[83.0415,23.917],[82.9644,23.9139],[82.8941,23.9422],[82.8394,23.9896],[82.8009,23.9987],[82.7681,23.929],[82.6916,23.9051],[82.6577,23.8845],[82.6508,23.8448],[82.5679,23.8041],[82.5317,23.7754],[82.4987,23.7724],[82.4154,23.7831],[82.2625,23.7856],[82.2036,23.8005],[82.0774,23.8014],[82.0049,23.8364],[81.9369,23.8407],[81.8361,23.7954],[81.7782,23.8019],[81.6819,23.8851],[81.6413,23.8853],[81.6195,23.8676],[81.622,23.8338],[81.6809,23.7248],[81.6862,23.6903],[81.6556,23.6485],[81.6189,23.6273],[81.6147,23.5918],[81.5914,23.5612],[81.6283,23.4878],[81.6441,23.4821],[81.7446,23.5426],[81.8006,23.531],[81.8582,23.5077],[81.9072,23.5052],[81.9506,23.4667],[81.9914,23.4005],[82.0434,23.3636],[82.0982,23.3717],[82.1737,23.3264],[82.1897,23.2887],[82.1646,23.2102],[82.1566,23.1483],[82.1294,23.0965],[82.0708,23.1003],[82.0205,23.0714],[81.9461,23.043],[81.9334,22.9992],[81.9402,22.9458],[81.8653,22.8815],[81.7885,22.8529],[81.7768,22.8129],[81.7852,22.7443],[81.7618,22.7164],[81.7664,22.664],[81.6696,22.6093],[81.6423,22.5508],[81.5396,22.52],[81.4482,22.4498],[81.4178,22.4375],[81.3726,22.4927],[81.2773,22.4698],[81.2349,22.4445],[81.178,22.4784],[81.1309,22.4229],[81.1225,22.4005],[81.1189,22.2946],[81.0954,22.2567],[81.0537,22.2336],[81.0235,22.194],[81.0208,22.1409],[80.9873,22.108],[81.0034,22.0777],[80.9777,22.0528],[80.9498,22.0929],[80.919,22.0975],[80.8849,22.0574],[80.8351,21.951],[80.8379,21.8461],[80.8051,21.7743],[80.7541,21.7565],[80.7305,21.7143],[80.7176,21.5856],[80.7214,21.4732],[80.679,21.3512],[80.6784,21.302],[80.6256,21.2427],[80.5485,21.2067],[80.4845,21.1677],[80.4568,21.1255],[80.4353,20.9992],[80.4501,20.9592],[80.4813,20.932],[80.5339,20.9375],[80.5521,20.9193],[80.5568,20.7808],[80.573,20.6976],[80.5589,20.6672],[80.503,20.6333],[80.497,20.5962],[80.5325,20.5931],[80.586,20.6165],[80.6224,20.6009],[80.6209,20.5416],[80.6349,20.5123],[80.6144,20.4643],[80.6129,20.3852],[80.6224,20.3259],[80.5751,20.3029],[80.5342,20.2694],[80.4538,20.2573],[80.4244,20.2341],[80.4141,20.1652],[80.4263,20.1462],[80.5306,20.1349],[80.5572,20.0483],[80.5311,19.9207],[80.4602,19.941],[80.4251,19.8928],[80.485,19.8663],[80.463,19.8241],[80.4182,19.8059],[80.4115,19.7837],[80.4695,19.7662],[80.4898,19.7992],[80.5378,19.8109],[80.5656,19.7398],[80.5872,19.7189],[80.6498,19.7013],[80.6757,19.6766],[80.685,19.6222],[80.7129,19.5926],[80.7612,19.5801],[80.831,19.5471],[80.8939,19.4844],[80.881,19.4279],[80.8057,19.4033],[80.8322,19.3454],[80.823,19.3261],[80.7612,19.2985],[80.7167,19.2627],[80.68,19.3215],[80.6174,19.3186],[80.576,19.392],[80.5427,19.3786],[80.517,19.3452],[80.4711,19.3159],[80.4473,19.2721],[80.3971,19.2342],[80.3666,19.1174],[80.3462,19.0815],[80.2904,19.0193],[80.2718,18.9794],[80.2839,18.9203],[80.3442,18.8507],[80.3389,18.8133],[80.2748,18.7769],[80.2606,18.7555],[80.2704,18.7137],[80.3031,18.7051],[80.3199,18.6422],[80.3445,18.6107],[80.3721,18.6156],[80.4091,18.5889],[80.4644,18.6067],[80.5026,18.6],[80.5834,18.5414],[80.6962,18.4123],[80.7723,18.2327],[80.7321,18.2073],[80.7534,18.1642],[80.7994,18.1687],[80.8203,18.2129],[80.8524,18.1964],[80.857,18.1556],[80.8849,18.1369],[80.9345,18.1553],[80.9614,18.1398],[80.9375,18.0863],[80.9416,18.0482],[80.979,17.9639],[80.9856,17.8405],[81.0154,17.7852],[81.0449,17.7761],[81.1477,17.8366],[81.2452,17.8037],[81.3194,17.8089],[81.394,17.8067],[81.395,17.878],[81.4442,17.8797],[81.4531,17.925],[81.4822,17.9941],[81.4829,18.0514],[81.5063,18.0856],[81.5249,18.1603],[81.5129,18.1943],[81.5425,18.2625],[81.6438,18.2924],[81.6705,18.3249],[81.7406,18.3579],[81.7924,18.4384],[81.8437,18.4777],[81.9133,18.5449],[81.9409,18.5585],[81.9419,18.594],[81.9037,18.6219],[81.969,18.6857],[82.0056,18.7059],[82.0591,18.7124],[82.0916,18.7638],[82.1389,18.7473],[82.1545,18.7914],[82.1691,18.8787],[82.2245,18.9219],[82.225,19.0152],[82.1879,19.1009],[82.1597,19.1228],[82.166,19.179],[82.1454,19.2442],[82.1708,19.3069],[82.1353,19.3558],[82.1687,19.3866],[82.1426,19.4287],[82.1022,19.4458],[82.081,19.4888],[82.029,19.5179],[82.0406,19.6374],[82.0273,19.6956],[82.0378,19.7567],[82.0291,19.7765],[81.9601,19.7963],[81.9294,19.8493],[81.8453,19.8947],[81.8242,19.9133],[81.8193,19.9657],[81.8678,20.0467],[81.8976,20.0619],[81.9396,20.1047],[81.9606,20.0976],[82.0093,20.0445],[82.0461,20.0179],[82.0659,20.0537],[82.0962,20.0506],[82.1535,20],[82.1647,19.9794],[82.2036,19.9803],[82.2284,19.9587],[82.2903,19.8361],[82.3135,19.8262],[82.3415,19.8716],[82.3814,19.8859],[82.4759,19.8724],[82.5262,19.8503],[82.5791,19.8432],[82.5752,19.7681],[82.6823,19.8227],[82.7133,19.8555],[82.6855,19.8876],[82.6991,19.955],[82.695,20.0005],[82.6432,20.0029],[82.6112,19.9881],[82.5503,20.0245],[82.4866,20.027],[82.4156,20.067],[82.4134,20.0933],[82.4337,20.159],[82.4271,20.294],[82.4116,20.3268],[82.4219,20.428],[82.3964,20.4533],[82.3814,20.4994],[82.359,20.4998],[82.3402,20.5563],[82.3667,20.6571],[82.367,20.6823],[82.3442,20.7479],[82.342,20.8608],[82.353,20.8805],[82.3949,20.8752],[82.4227,20.8346],[82.4535,20.8469],[82.5146,20.9237],[82.5621,20.9545],[82.6069,21.0241],[82.6441,21.1043],[82.6447,21.1444],[82.6682,21.1555],[82.7526,21.1601],[82.7822,21.1449],[82.8223,21.1579],[82.9646,21.1785],[83.0392,21.1415],[83.0782,21.1146],[83.1563,21.126],[83.1983,21.1726],[83.2272,21.2496],[83.2571,21.2903],[83.2571,21.3239],[83.2794,21.3588],[83.361,21.3368],[83.3883,21.3578],[83.3812,21.3995],[83.3413,21.4362],[83.3277,21.4992],[83.3519,21.5773],[83.444,21.7186],[83.4732,21.8072],[83.5156,21.7997],[83.5279,21.8335],[83.5571,21.8349],[83.5706,21.9231],[83.5153,21.9639],[83.518,22.0203],[83.5649,22.0521],[83.5463,22.1016],[83.557,22.1294],[83.6054,22.196],[83.6642,22.235],[83.7331,22.2623],[83.8414,22.3486],[83.9458,22.3712],[83.9844,22.4103],[83.9965,22.4405],[83.9702,22.5393],[83.9962,22.5927],[84.0619,22.641],[84.1033,22.6412],[84.191,22.7009],[84.2283,22.7831],[84.2605,22.7994],[84.3245,22.8497],[84.3522,22.8856],[84.331,22.9703],[84.2917,22.9972],[84.2358,22.994],[84.1937,23.0032],[84.115,22.9989],[84.0891,23.0848],[84.0289,23.1461],[84.02,23.1871],[84.0315,23.2301],[84.0386,23.3094],[84.0154,23.3826],[83.9469,23.37],[83.9522,23.4749],[84.0145,23.554],[83.9912,23.6318],[83.9763,23.6436],[83.9237,23.6235],[83.9228,23.576],[83.9064,23.5647],[83.8446,23.5887],[83.7809,23.5865],[83.7433,23.6225],[83.7208,23.6762],[83.7353,23.7383],[83.6966,23.8187],[83.5568,23.9358],[83.5269,23.9845],[83.5218,24.0659],[83.5107,24.0829],[83.4423,24.1218],[83.3906,24.1248],[83.3371,24.1402]]]},"properties":{"name":"Chhattisgarh","adm0_a3":"IND"}},
{"type":"Feature","geometry":{"type":"Polygon","coordinates":[[[77.5851,30.3829],[77.5133,30.4249],[77.4614,30.4173],[77.4122,30.4356],[77.3805,30.4293],[77.3591,30.4498],[77.3034,30.4603],[77.2013,30.5002],[77.1478,30.5387],[77.1301,30.5687],[77.1453,30.5959],[77.1503,30.664],[77.1151,30.7221],[77.0015,30.7773],[76.9946,30.802],[76.9489,30.8295],[76.9339,30.8704],[76.9057,30.8993],[76.847,30.8987],[76.8205,30.9294],[76.7682,30.9076],[76.7969,30.862],[76.8328,30.8423],[76.8146,30.7891],[76.8266,30.7353],[76.8273,30.6807],[76.8866,30.6338],[76.9015,30.5988],[76.8931,30.5438],[76.9104,30.5142],[76.896,30.4866],[76.9049,30.3841],[76.8692,30.3624],[76.8453,30.4175],[76.7529,30.4305],[76.7214,30.4106],[76.7143,30.3371],[76.6056,30.2744],[76.5908,30.2467],[76.6374,30.2054],[76.6248,30.1428],[76.5314,30.084],[76.462,30.097],[76.4296,30.1404],[76.3939,30.1545],[76.3793,30.1199],[76.3389,30.1412],[76.3172,30.1066],[76.2667,30.1137],[76.2288,30.1387],[76.2014,30.1256],[76.2463,30.0849],[76.2033,30.0217],[76.1781,29.9547],[76.1881,29.9095],[76.2256,29.8691],[76.1473,29.8233],[76.0844,29.8021],[76.052,29.7644],[75.9569,29.7386],[75.8867,29.7492],[75.8519,29.805],[75.786,29.831],[75.7275,29.8104],[75.7177,29.778],[75.6044,29.7647],[75.5395,29.7875],[75.4458,29.8062],[75.3848,29.7223],[75.3116,29.6562],[75.2906,29.6215],[75.2953,29.5749],[75.2346,29.5618],[75.2179,29.6147],[75.1943,29.6386],[75.1721,29.6882],[75.2071,29.7076],[75.2105,29.7474],[75.2382,29.7488],[75.1879,29.8347],[75.1513,29.7964],[75.1052,29.8214],[75.0932,29.8721],[75.0728,29.8911],[74.9957,29.873],[74.9457,29.9056],[74.9035,29.9548],[74.8415,29.9656],[74.8234,29.985],[74.7107,29.9684],[74.6507,29.9141],[74.5165,29.9472],[74.5143,29.9154],[74.5448,29.888],[74.547,29.8608],[74.4857,29.8267],[74.4665,29.7989],[74.468,29.7444],[74.5063,29.7368],[74.5919,29.769],[74.6027,29.7264],[74.5834,29.6743],[74.5748,29.5897],[74.6119,29.5307],[74.6021,29.4704],[74.5577,29.4675],[74.5371,29.4414],[74.6128,29.3328],[74.6491,29.3635],[74.7094,29.3711],[74.7586,29.3643],[74.8214,29.4029],[74.9072,29.3785],[74.931,29.3591],[74.9696,29.2843],[75.0421,29.2857],[75.0649,29.2467],[75.1066,29.2382],[75.1742,29.2722],[75.2141,29.2537],[75.2497,29.2564],[75.277,29.2822],[75.3284,29.2962],[75.3238,29.2606],[75.3434,29.235],[75.3915,29.2527],[75.4082,29.1905],[75.3763,29.1701],[75.3929,29.106],[75.4521,29.0239],[75.515,28.9965],[75.5162,28.9575],[75.486,28.9268],[75.5264,28.8044],[75.5936,28.6427],[75.6986,28.5206],[75.7744,28.4631],[75.7819,28.4283],[75.8182,28.4308],[75.8871,28.4038],[75.9578,28.3435],[76.0262,28.2622],[76.0814,28.1746],[76.0325,28.1878],[75.9947,28.151],[75.9619,28.1395],[75.9486,28.1031],[75.9855,28.0869],[75.9928,28.0507],[75.9661,27.9998],[75.9861,27.9706],[75.9357,27.9557],[75.9315,27.9181],[75.9733,27.8886],[75.9999,27.8427],[76.1203,27.8519],[76.1791,27.8077],[76.215,27.8415],[76.1801,27.9096],[76.1791,27.9576],[76.1578,28.0197],[76.1633,28.0579],[76.2667,28.0775],[76.3047,28.0488],[76.3465,28.0758],[76.3044,28.1176],[76.3407,28.1397],[76.2995,28.1764],[76.3435,28.1841],[76.368,28.1564],[76.4535,28.1628],[76.4825,28.1221],[76.4499,28.0593],[76.5165,28.0421],[76.5531,27.9712],[76.5905,28.001],[76.658,28.017],[76.6468,28.0855],[76.7581,28.1597],[76.8039,28.2191],[76.8566,28.229],[76.9253,28.1664],[76.9406,28.123],[76.9209,28.0335],[76.9374,27.9807],[76.9406,27.8521],[76.9154,27.8153],[76.9009,27.7344],[76.9189,27.7117],[76.9105,27.6704],[76.973,27.6793],[77.02,27.7362],[77.0717,27.7411],[77.0379,27.7736],[77.0408,27.8073],[77.1172,27.7931],[77.158,27.817],[77.1992,27.8162],[77.2234,27.796],[77.2807,27.8094],[77.353,27.8538],[77.3902,27.8607],[77.4245,27.8908],[77.4799,27.898],[77.5265,27.9745],[77.5038,28.0202],[77.4681,28.0468],[77.5038,28.0929],[77.4949,28.1518],[77.5286,28.1929],[77.5289,28.2535],[77.4908,28.2635],[77.4879,28.299],[77.4665,28.3152],[77.497,28.3933],[77.4682,28.3967],[77.4658,28.4343],[77.4282,28.4307],[77.4076,28.469],[77.3435,28.4983],[77.3274,28.5197],[77.2697,28.5103],[77.2227,28.4774],[77.2405,28.4526],[77.1936,28.4326],[77.1005,28.4756],[77.0709,28.5286],[77.0034,28.5589],[76.985,28.5377],[76.8727,28.5194],[76.8369,28.5872],[76.8723,28.6282],[76.9104,28.6368],[76.9473,28.6962],[76.9364,28.7251],[76.9365,28.8147],[76.9544,28.8355],[77.0036,28.8544],[77.0362,28.8533],[77.068,28.8821],[77.1552,28.8616],[77.2008,28.8768],[77.2199,28.906],[77.2097,28.9351],[77.1755,28.9631],[77.1957,28.9976],[77.1694,29.0365],[77.1414,29.1303],[77.1307,29.2806],[77.1501,29.3133],[77.1339,29.3426],[77.1498,29.4034],[77.1306,29.4264],[77.0656,29.4248],[77.1203,29.4838],[77.0775,29.4922],[77.0647,29.5695],[77.0998,29.589],[77.0878,29.6585],[77.1066,29.7023],[77.1414,29.7333],[77.1804,29.8043],[77.2097,29.9288],[77.2299,29.9766],[77.2773,30.0176],[77.2847,30.0381],[77.4033,30.1128],[77.4057,30.1416],[77.5094,30.2324],[77.5701,30.2782],[77.5851,30.3252],[77.5851,30.3829]]]},"properties":{"name":"Haryana","adm0_a3":"IND"}},
{"type":"Feature","geometry":{"type":"Polygon","coordinates":[[[77.5512,18.3079],[77.5833,18.2915],[77.5698,18.2237],[77.5907,18.1755],[77.5999,18.1148],[77.5725,18.104],[77.5629,18.0708],[77.5948,18.0446],[77.6213,17.9868],[77.6198,17.9257],[77.5592,17.8699],[77.5235,17.8521],[77.5003,17.8123],[77.5309,17.7776],[77.5254,17.7463],[77.4636,17.7134],[77.4115,17.6308],[77.423,17.6125],[77.4929,17.5776],[77.5826,17.5788],[77.6202,17.5528],[77.6743,17.5771],[77.682,17.555],[77.6532,17.5001],[77.5993,17.4869],[77.561,17.4385],[77.5162,17.4195],[77.4964,17.3746],[77.3744,17.2226],[77.3704,17.1692],[77.4286,17.136],[77.4335,17.0968],[77.4652,17.0426],[77.4641,17.0115],[77.4421,16.9747],[77.4334,16.9348],[77.4344,16.8128],[77.4148,16.7796],[77.4109,16.7206],[77.4413,16.6841],[77.417,16.6635],[77.4463,16.6408],[77.432,16.5936],[77.397,16.5717],[77.3709,16.5243],[77.2574,16.4494],[77.2937,16.4065],[77.394,16.3811],[77.4731,16.3811],[77.5332,16.361],[77.5526,16.3322],[77.54,16.2995],[77.4908,16.2616],[77.479,16.1644],[77.4851,16.1108],[77.4837,16.0021],[77.4465,15.953],[77.4922,15.9383],[77.5825,15.928],[77.6412,15.9007],[77.686,15.8939],[77.749,15.8976],[77.7949,15.8893],[77.8499,15.8939],[77.888,15.9191],[77.9501,15.8998],[78.0875,15.833],[78.124,15.8499],[78.1536,15.8972],[78.1851,15.9087],[78.2353,15.9505],[78.256,16.0057],[78.2444,16.0385],[78.2998,16.0228],[78.4,16.0834],[78.4998,16.0938],[78.5396,16.0655],[78.5816,16.0562],[78.6292,16.0711],[78.7341,16.0303],[78.7911,16.0345],[78.8394,16.0667],[78.8391,16.1248],[78.8534,16.1522],[78.8894,16.139],[78.9229,16.1898],[79.0217,16.2471],[79.0916,16.2288],[79.1606,16.2193],[79.2148,16.2445],[79.2334,16.3305],[79.2083,16.3887],[79.2199,16.4733],[79.2135,16.4932],[79.2656,16.5696],[79.338,16.5852],[79.4063,16.5872],[79.5043,16.6419],[79.5425,16.6282],[79.585,16.6485],[79.5918,16.6668],[79.6347,16.6691],[79.6681,16.6865],[79.7209,16.689],[79.752,16.7237],[79.8126,16.7115],[79.8263,16.6921],[79.8823,16.7032],[79.9097,16.6313],[79.9581,16.6304],[79.9717,16.6549],[80.043,16.7386],[80.053,16.7852],[80.0733,16.8229],[80.0024,16.871],[80.0127,16.9021],[80.0776,16.9726],[80.1531,17.0231],[80.2205,17.0333],[80.2541,17.0236],[80.2806,16.9974],[80.3012,16.9413],[80.351,16.8621],[80.3931,16.8385],[80.4481,16.8228],[80.5061,16.7925],[80.5606,16.7836],[80.5979,16.7933],[80.5656,16.8616],[80.5952,16.907],[80.5862,16.9339],[80.5258,16.9523],[80.4743,16.9366],[80.3843,16.976],[80.3843,17.062],[80.3974,17.0791],[80.442,17.0325],[80.4942,17.0594],[80.5018,17.108],[80.5909,17.1398],[80.6416,17.1169],[80.6697,17.0799],[80.8295,17.046],[80.8558,17.0531],[80.8779,17.0821],[80.8931,17.1556],[80.9308,17.1925],[80.9905,17.2182],[81.0591,17.2225],[81.1442,17.2495],[81.2143,17.3236],[81.2904,17.345],[81.4083,17.3706],[81.4695,17.4205],[81.5292,17.5884],[81.5352,17.6377],[81.5739,17.7045],[81.6286,17.7634],[81.7758,17.8332],[81.7866,17.8631],[81.759,17.9089],[81.7044,17.861],[81.6558,17.8509],[81.5784,17.797],[81.5028,17.8242],[81.4798,17.7875],[81.394,17.8067],[81.3194,17.8089],[81.2452,17.8037],[81.1477,17.8366],[81.0449,17.7761],[81.0154,17.7852],[80.9856,17.8405],[80.979,17.9639],[80.9416,18.0482],[80.9375,18.0863],[80.9614,18.1398],[80.9345,18.1553],[80.8849,18.1369],[80.857,18.1556],[80.8524,18.1964],[80.8203,18.2129],[80.7994,18.1687],[80.7534,18.1642],[80.7321,18.2073],[80.7723,18.2327],[80.6962,18.4123],[80.5834,18.5414],[80.5026,18.6],[80.4644,18.6067],[80.4091,18.5889],[80.3721,18.6156],[80.3445,18.6107],[80.3199,18.6422],[80.3031,18.7051],[80.2704,18.7137],[80.2417,18.6975],[80.1697,18.69],[80.0905,18.6975],[80.0667,18.731],[80.0019,18.7856],[79.9169,18.8266],[79.9603,18.8671],[79.9649,18.9354],[79.9336,19.0531],[79.8821,19.0419],[79.8618,19.0811],[79.8937,19.1374],[79.9438,19.1692],[79.9306,19.2119],[79.9334,19.2742],[79.9499,19.2888],[79.9655,19.4019],[79.9574,19.4452],[79.9311,19.4825],[79.8649,19.509],[79.8419,19.5467],[79.7958,19.5941],[79.7354,19.6034],[79.6361,19.5698],[79.6089,19.5531],[79.59,19.5105],[79.5389,19.5338],[79.4204,19.5364],[79.3895,19.544],[79.3489,19.5801],[79.266,19.5896],[79.2433,19.5311],[79.2161,19.5043],[79.1977,19.4619],[79.1507,19.5],[79.0589,19.5471],[79.0243,19.5415],[78.9349,19.5982],[78.9148,19.6283],[78.8725,19.6501],[78.8475,19.7245],[78.78,19.7767],[78.7117,19.7743],[78.6166,19.8152],[78.5699,19.8135],[78.5337,19.8247],[78.4777,19.7991],[78.4149,19.8223],[78.3833,19.8662],[78.3292,19.8913],[78.3218,19.8633],[78.3632,19.7604],[78.3994,19.7361],[78.3836,19.6845],[78.3334,19.6433],[78.3033,19.5513],[78.3026,19.4828],[78.2401,19.4602],[78.2048,19.4282],[78.1744,19.3747],[78.1801,19.279],[78.1679,19.2641],[78.0939,19.2698],[78.0639,19.2641],[78.0147,19.2887],[77.9924,19.3227],[77.92,19.3317],[77.8695,19.3033],[77.89,19.2714],[77.855,19.2284],[77.8356,19.1708],[77.8336,19.1214],[77.752,19.0459],[77.7644,18.9935],[77.8003,18.984],[77.8339,18.9508],[77.8424,18.9092],[77.8971,18.868],[77.9121,18.8354],[77.8393,18.8096],[77.7811,18.7038],[77.7466,18.705],[77.7034,18.6691],[77.7098,18.6227],[77.6799,18.57],[77.6193,18.5626],[77.5923,18.5481],[77.5548,18.5003],[77.5595,18.4878],[77.5378,18.4172],[77.5026,18.3816],[77.5583,18.3369],[77.5512,18.3079]]]},"properties":{"name":"Telangana","adm0_a3":"IND"}}
]}