{"type":"FeatureCollection","features":[{"type":"Feature","geometry":{"type":"Polygon","coordinates":[[[82.1159,23.1038],[82.1292,23.114],[82.131,23.129],[82.1511,23.1417],[82.1514,23.1606],[82.1401,23.1637],[82.1377,23.1881],[82.1467,23.2094],[82.1425,23.2277],[82.147,23.2319],[82.1665,23.2614],[82.1681,23.2674],[82.174,23.2725],[82.1842,23.2753],[82.1899,23.3035],[82.1875,23.3222],[82.179,23.3271],[82.1581,23.3333],[82.1555,23.3355],[82.1428,23.3544],[82.1291,23.361],[82.1144,23.354],[82.1079,23.3585],[82.1052,23.3828],[82.1008,23.3908],[82.0988,23.3947],[82.0949,23.3985],[82.0631,23.3925],[82.0568,23.3935],[82.0527,23.3851],[82.0457,23.3779],[82.0145,23.3879],[82.0136,23.3903],[82.0199,23.4009],[82.0184,23.4211],[82.016,23.4235],[81.9995,23.4128],[81.9919,23.4193],[81.9761,23.4131],[81.9736,23.4176],[81.9667,23.4018],[81.9717,23.3967],[81.9696,23.3932],[81.9512,23.3726],[81.9291,23.3816],[81.9261,23.3512],[81.8954,23.3362],[81.8855,23.3232],[81.8773,23.3078],[81.8688,23.2983],[81.8648,23.2984],[81.8548,23.3139],[81.8478,23.3197],[81.8289,23.3097],[81.8123,23.3014],[81.8235,23.3011],[81.8488,23.2811],[81.8567,23.2773],[81.861,23.2709],[81.8744,23.2449],[81.8757,23.2397],[81.8706,23.2389],[81.8642,23.2397],[81.821,23.2581],[81.7882,23.261],[81.7754,23.2526],[81.7586,23.2393],[81.7506,23.2147],[81.7457,23.213],[81.7319,23.2116],[81.7216,23.2097],[81.7154,23.2059],[81.7005,23.2067],[81.6622,23.2125],[81.6515,23.1983],[81.6389,23.1953],[81.6121,23.196],[81.6064,23.198],[81.6081,23.2098],[81.6221,23.2209],[81.6267,23.2264],[81.6242,23.2309],[81.6065,23.226],[81.5889,23.2271],[81.5793,23.2254],[81.5653,23.2169],[81.5657,23.2095],[81.5886,23.1998],[81.5946,23.1939],[81.5898,23.1715],[81.5529,23.1497],[81.557,23.138],[81.557,23.1351],[81.5425,23.1261],[81.5311,23.1186],[81.5385,23.1124],[81.545,23.0926],[81.57,23.0842],[81.577,23.0776],[81.6044,23.0726],[81.5998,23.037],[81.5874,23.0377],[81.5743,23.0359],[81.5562,23.0271],[81.568,23.0104],[81.5895,23.0199],[81.6056,23.002],[81.6322,23.002],[81.6406,23.0137],[81.6447,23.002],[81.6784,22.9598],[81.6827,22.9441],[81.6865,22.9398],[81.6983,22.937],[81.7069,22.9231],[81.7209,22.917],[81.7354,22.9097],[81.7359,22.9001],[81.7577,22.8967],[81.7697,22.8888],[81.7859,22.8771],[81.8264,22.8823],[81.8611,22.8939],[81.86,22.915],[81.8746,22.9133],[81.8865,22.9252],[81.9015,22.9331],[81.9057,22.9405],[81.9234,22.9512],[81.9402,22.9571],[81.9424,22.9753],[81.9412,22.9849],[81.9385,23.0008],[81.937,23.0033],[81.9323,23.0174],[81.9194,23.0367],[81.9261,23.0622],[81.9381,23.0778],[81.9526,23.0765],[81.9693,23.0794],[81.9821,23.0862],[81.9905,23.0847],[82.0022,23.0784],[82.0162,23.0793],[82.0283,23.0817],[82.0457,23.0991],[82.0614,23.1159],[82.0691,23.1149],[82.0859,23.1093],[82.1159,23.1038]]]},"properties":{"NAME_1":"Madhya Pradesh","NAME_2":"Anuppur"}},{"type":"Feature","geometry":{"type":"Polygon","coordinates":[[[78.1653,24.8482],[78.1057,24.8401],[78.0427,24.8608],[78.0253,24.8423],[77.9936,24.855],[77.9677,24.8498],[77.9636,24.8787],[77.9821,24.8921],[77.9812,24.9265],[78.0057,24.9447],[78.0018,24.9661],[77.9567,24.9701],[77.9513,24.9889],[77.9069,24.9871],[77.8995,25.0043],[77.8791,25.0111],[77.8649,25.0024],[77.8201,25.0045],[77.8161,24.983],[77.7827,24.9378],[77.7639,24.9038],[77.7489,24.8997],[77.7424,24.8717],[77.7004,24.857],[77.6674,24.8702],[77.6468,24.8948],[77.6149,24.9133],[77.6047,24.9323],[77.5868,24.9308],[77.5916,24.9594],[77.5765,24.9658],[77.538,24.9197],[77.5432,24.9008],[77.5732,24.8899],[77.5573,24.876],[77.5244,24.8489],[77.5145,24.8314],[77.5234,24.792],[77.5345,24.7875],[77.5441,24.7603],[77.5475,24.727],[77.5254,24.6939],[77.5073,24.6827],[77.484,24.6544],[77.4701,24.5981],[77.4863,24.5624],[77.4847,24.5012],[77.4889,24.4695],[77.4723,24.4707],[77.4713,24.4374],[77.4982,24.4307],[77.5024,24.4106],[77.5525,24.3979],[77.5862,24.3839],[77.617,24.4218],[77.6326,24.4317],[77.6504,24.4076],[77.6764,24.4052],[77.7245,24.4197],[77.7163,24.3927],[77.6836,24.3938],[77.6612,24.3692],[77.6198,24.3571],[77.6149,24.3364],[77.6437,24.3197],[77.7104,24.3069],[77.7496,24.3131],[77.7705,24.3087],[77.7814,24.3223],[77.8077,24.313],[77.8743,24.3222],[77.8918,24.308],[77.8804,24.2842],[77.9196,24.274],[77.942,24.2361],[77.9606,24.2524],[77.9897,24.2434],[78.0088,24.2476],[78.0191,24.2853],[78.0413,24.2886],[78.0667,24.2608],[78.0914,24.2656],[78.0791,24.3041],[78.0869,24.3236],[78.1222,24.3439],[78.1538,24.3735],[78.1548,24.3929],[78.2039,24.4109],[78.2571,24.4435],[78.2607,24.4539],[78.2697,24.4731],[78.2396,24.4895],[78.2381,24.5117],[78.2197,24.5228],[78.2242,24.5413],[78.2553,24.5523],[78.2699,24.6154],[78.2567,24.6486],[78.268,24.6696],[78.2508,24.7056],[78.2263,24.7362],[78.2199,24.7582],[78.2258,24.7766],[78.209,24.8131],[78.1869,24.8428],[78.1653,24.8482]]]},"properties":{"NAME_1":"Madhya Pradesh","NAME_2":"Ashoknagar"}},{"type":"Feature","geometry":{"type":"Polygon","coordinates":[[[80.8381,22.3831],[80.7922,22.3977],[80.7886,22.3941],[80.7906,22.3804],[80.7879,22.3723],[80.7921,22.3667],[80.7859,22.352],[80.7805,22.3135],[80.7665,22.3154],[80.7472,22.3033],[80.7385,22.2919],[80.7124,22.2742],[80.6974,22.2513],[80.7175,22.2338],[80.721,22.218],[80.7042,22.2061],[80.6927,22.2054],[80.6775,22.213],[80.6664,22.2164],[80.6517,22.2222],[80.6399,22.2273],[80.6032,22.2284],[80.5949,22.2328],[80.5763,22.2313],[80.5291,22.2414],[80.522,22.2455],[80.5136,22.2641],[80.509,22.2655],[80.504,22.2725],[80.5,22.2756],[80.4843,22.2721],[80.4777,22.2777],[80.458,22.2801],[80.4448,22.2644],[80.4316,22.2473],[80.4115,22.2465],[80.4125,22.2815],[80.3951,22.3013],[80.3761,22.3087],[80.3646,22.3036],[80.3415,22.3],[80.3293,22.3065],[80.338,22.3296],[80.3275,22.3406],[80.3187,22.3459],[80.3069,22.345],[80.2955,22.3389],[80.2652,22.3111],[80.2294,22.3019],[80.2253,22.3048],[80.2106,22.3113],[80.2071,22.3159],[80.1944,22.3201],[80.1726,22.3279],[80.1626,22.3285],[80.1617,22.3347],[80.1633,22.3451],[80.1436,22.3494],[80.102,22.3464],[80.0936,22.3416],[80.0762,22.2998],[80.0861,22.2829],[80.0905,22.2461],[80.082,22.2281],[80.06,22.2185],[80.0292,22.1875],[80.0372,22.1613],[80.0386,22.128],[80.0514,22.1186],[80.064,22.0824],[79.9986,22.0835],[79.9875,22.0705],[79.9343,22.0712],[79.923,22.0629],[79.9161,22.0013],[79.9176,21.9716],[79.8575,21.9671],[79.8324,21.9399],[79.8863,21.9295],[79.8552,21.9001],[79.7945,21.8589],[79.7632,21.8075],[79.7426,21.7994],[79.7079,21.8053],[79.6862,21.8003],[79.6851,21.7665],[79.6757,21.7456],[79.6515,21.7347],[79.6661,21.6943],[79.6496,21.6912],[79.6312,21.7043],[79.5951,21.7089],[79.6015,21.6769],[79.5647,21.6348],[79.535,21.6271],[79.5309,21.5998],[79.5058,21.5903],[79.5395,21.5652],[79.5366,21.5442],[79.5761,21.5434],[79.6087,21.5559],[79.6506,21.5588],[79.6581,21.5773],[79.6848,21.5807],[79.7326,21.6025],[79.7918,21.5814],[79.825,21.5467],[79.8571,21.5309],[79.9158,21.5245],[79.9272,21.5537],[79.9718,21.5551],[79.9936,21.5347],[80.0262,21.5567],[80.0636,21.5546],[80.1186,21.6089],[80.1439,21.605],[80.1882,21.6342],[80.2206,21.6196],[80.2602,21.6201],[80.2954,21.5755],[80.3202,21.5736],[80.338,21.5387],[80.3706,21.521],[80.3753,21.4911],[80.401,21.4654],[80.4113,21.4382],[80.3891,21.4074],[80.3994,21.3805],[80.4429,21.3738],[80.4483,21.4023],[80.5194,21.3896],[80.5369,21.3691],[80.5642,21.3579],[80.5932,21.3248],[80.6178,21.3192],[80.6565,21.3308],[80.6842,21.3726],[80.6993,21.4141],[80.6975,21.4272],[80.718,21.4454],[80.7302,21.4721],[80.722,21.4956],[80.7307,21.5387],[80.7135,21.5557],[80.7195,21.5715],[80.7094,21.604],[80.7217,21.6172],[80.7191,21.6437],[80.7074,21.6716],[80.7237,21.6936],[80.7263,21.731],[80.7401,21.7565],[80.7621,21.7579],[80.7827,21.7396],[80.8112,21.7475],[80.8116,21.764],[80.8317,21.8048],[80.8371,21.8318],[80.8396,21.8754],[80.8254,21.8867],[80.8245,21.9084],[80.8359,21.9279],[80.8334,21.9466],[80.8686,22.0112],[80.879,22.0606],[80.8912,22.066],[80.8982,22.1013],[80.9172,22.1209],[80.9505,22.113],[80.9655,22.082],[80.9634,22.0584],[80.9789,22.0483],[80.9992,22.0615],[81.004,22.0945],[80.9903,22.1091],[80.9867,22.1309],[81.0158,22.1327],[81.0191,22.1653],[81.0117,22.184],[81.0258,22.1977],[81.0194,22.2292],[81.0404,22.2406],[81.0203,22.2706],[80.9929,22.2887],[80.9841,22.2906],[80.9557,22.2823],[80.9091,22.2788],[80.9049,22.2886],[80.897,22.2952],[80.9024,22.3149],[80.9025,22.3177],[80.9091,22.3287],[80.9217,22.3259],[80.916,22.3361],[80.8944,22.3407],[80.8864,22.3339],[80.874,22.3348],[80.8754,22.3463],[80.8852,22.3497],[80.8854,22.35],[80.8838,22.3517],[80.8718,22.358],[80.8664,22.3587],[80.8587,22.3649],[80.8547,22.3792],[80.8463,22.3843],[80.8381,22.3831]]]},"properties":{"NAME_1":"Madhya Pradesh","NAME_2":"Balaghat"}},{"type":"Feature","geometry":{"type":"Polygon","coordinates":[[[75.6194,21.3935],[75.6069,21.4043],[75.594,21.439],[75.6121,21.4584],[75.5842,21.4774],[75.5368,21.4815],[75.5287,21.4918],[75.5033,21.4903],[75.4673,21.5189],[75.4632,21.5455],[75.5017,21.6199],[75.4719,21.6276],[75.4422,21.6625],[75.4413,21.6783],[75.3926,21.6803],[75.3413,21.6689],[75.2931,21.6378],[75.2662,21.6859],[75.2221,21.6974],[75.2106,21.7318],[75.2336,21.7445],[75.2655,21.7477],[75.2863,21.7823],[75.2774,21.8015],[75.2968,21.8165],[75.311,21.8415],[75.3007,21.8658],[75.2852,21.871],[75.2807,21.8895],[75.2928,21.9254],[75.317,21.9093],[75.3343,21.9121],[75.3398,21.9507],[75.3553,21.961],[75.3595,21.989],[75.4004,21.9925],[75.4458,22.0269],[75.4209,22.0303],[75.4168,22.0602],[75.3947,22.0725],[75.3975,22.094],[75.3624,22.1052],[75.3439,22.1264],[75.32,22.1363],[75.2928,22.127],[75.2321,22.1232],[75.2,22.1072],[75.1506,22.1055],[75.1111,22.0965],[75.0663,22.0965],[75.0185,22.0882],[74.9066,22.0846],[74.8321,22.0623],[74.7914,22.0806],[74.7654,22.0744],[74.6941,22.0485],[74.6786,22.0359],[74.6413,22.0381],[74.6096,22.0262],[74.5638,22.0241],[74.5382,22.0508],[74.5061,22.0464],[74.4886,22.0465],[74.4355,22.031],[74.4445,22.016],[74.443,21.9831],[74.4517,21.9675],[74.4934,21.9545],[74.5156,21.9339],[74.5275,21.9088],[74.5178,21.8862],[74.5118,21.8212],[74.5036,21.8072],[74.517,21.7672],[74.5114,21.7285],[74.5243,21.7179],[74.551,21.7194],[74.5605,21.688],[74.5847,21.6841],[74.589,21.6653],[74.6564,21.6543],[74.6948,21.6334],[74.724,21.624],[74.775,21.6155],[74.8252,21.6102],[74.8663,21.6311],[74.9028,21.6298],[74.926,21.6107],[74.9807,21.596],[75.0178,21.5726],[75.0577,21.5649],[75.09,21.5143],[75.1067,21.4696],[75.1298,21.4493],[75.188,21.4273],[75.2075,21.4158],[75.2323,21.4166],[75.254,21.4061],[75.3018,21.4148],[75.3032,21.3952],[75.3538,21.3935],[75.3845,21.3856],[75.4684,21.3942],[75.5246,21.3872],[75.5481,21.3725],[75.5813,21.3799],[75.5913,21.3917],[75.6194,21.3935]]]},"properties":{"NAME_1":"Madhya Pradesh","NAME_2":"Barwani"}},{"type":"Feature","geometry":{"type":"Polygon","coordinates":[[[78.3368,21.5905],[78.3458,21.6297],[78.3625,21.622],[78.3759,21.6404],[78.3938,21.6481],[78.3905,21.6774],[78.4109,21.6852],[78.4248,21.7201],[78.4536,21.7198],[78.4622,21.744],[78.4565,21.7616],[78.4684,21.787],[78.4938,21.794],[78.4647,21.8171],[78.4955,21.8359],[78.5209,21.8386],[78.5416,21.869],[78.5344,21.9015],[78.5158,21.9112],[78.5149,21.9316],[78.4859,21.9427],[78.4685,21.9603],[78.4404,21.9624],[78.4116,21.9534],[78.3852,21.9286],[78.3823,21.966],[78.3987,21.9932],[78.3973,22.0073],[78.374,22.0334],[78.3558,22.0395],[78.3424,22.057],[78.3376,22.1131],[78.3008,22.097],[78.2749,22.0916],[78.2723,22.1332],[78.2594,22.1948],[78.2652,22.2294],[78.2901,22.2557],[78.2617,22.2695],[78.2471,22.3294],[78.2782,22.355],[78.2774,22.3866],[78.2683,22.4048],[78.2485,22.3988],[78.1809,22.3997],[78.1478,22.3887],[78.114,22.3693],[78.0882,22.3614],[78.0316,22.3326],[78.0037,22.335],[77.9838,22.3202],[77.9633,22.3282],[77.9317,22.3298],[77.8917,22.303],[77.875,22.2833],[77.8523,22.2981],[77.8573,22.3487],[77.8335,22.3596],[77.7909,22.3315],[77.7673,22.3318],[77.7548,22.3438],[77.7387,22.3212],[77.6762,22.3249],[77.6704,22.3133],[77.6341,22.3128],[77.6108,22.3343],[77.5792,22.3459],[77.549,22.3398],[77.5404,22.3579],[77.4966,22.3104],[77.4969,22.283],[77.4759,22.2617],[77.4501,22.2523],[77.4397,22.2218],[77.382,22.2293],[77.376,22.2511],[77.3529,22.2521],[77.3538,22.2375],[77.3591,22.2211],[77.3769,22.2178],[77.3868,22.209],[77.401,22.1967],[77.4046,22.1916],[77.4104,22.1814],[77.4222,22.1761],[77.4369,22.1758],[77.444,22.1766],[77.4559,22.1746],[77.4629,22.17],[77.4636,22.1641],[77.4602,22.1547],[77.4585,22.1446],[77.4568,22.138],[77.4639,22.1241],[77.46,22.1158],[77.4551,22.1111],[77.454,22.105],[77.4546,22.099],[77.4515,22.094],[77.451,22.0909],[77.4523,22.0857],[77.4551,22.0844],[77.4607,22.0871],[77.4715,22.0861],[77.4774,22.0824],[77.4822,22.081],[77.498,22.0752],[77.4949,22.0675],[77.4951,22.061],[77.4983,22.0581],[77.498,22.0567],[77.4961,22.0484],[77.4953,22.0446],[77.4953,22.0385],[77.4903,22.0346],[77.4633,22.0294],[77.453,22.0273],[77.4433,22.027],[77.4373,22.0268],[77.4085,22.0273],[77.3936,22.0277],[77.3866,22.0142],[77.3874,22.0112],[77.3769,21.9948],[77.3601,21.986],[77.3318,21.9748],[77.2814,21.9662],[77.2674,21.959],[77.2564,21.9399],[77.2505,21.9302],[77.2464,21.9188],[77.2384,21.9129],[77.2159,21.9079],[77.1868,21.8646],[77.1646,21.8703],[77.1597,21.8521],[77.1675,21.8105],[77.187,21.8086],[77.1879,21.7881],[77.1383,21.7854],[77.0766,21.7721],[77.0562,21.7359],[77.0621,21.715],[77.1211,21.7253],[77.1475,21.7147],[77.188,21.7226],[77.1843,21.7045],[77.2074,21.694],[77.2246,21.7179],[77.258,21.7158],[77.2869,21.7364],[77.2771,21.7598],[77.3213,21.757],[77.3374,21.7616],[77.4011,21.7562],[77.4499,21.7634],[77.4969,21.7492],[77.5422,21.701],[77.5586,21.6687],[77.5722,21.5877],[77.571,21.5626],[77.5907,21.5616],[77.6071,21.5428],[77.5892,21.5303],[77.567,21.5298],[77.5292,21.5408],[77.5044,21.5547],[77.4575,21.5566],[77.4235,21.5426],[77.4208,21.5163],[77.4392,21.4893],[77.4383,21.4729],[77.4693,21.4569],[77.4692,21.437],[77.4818,21.4157],[77.487,21.3778],[77.5484,21.3812],[77.6015,21.3653],[77.6006,21.3891],[77.6459,21.3934],[77.67,21.3729],[77.7043,21.3777],[77.7052,21.3591],[77.7383,21.3666],[77.7465,21.3842],[77.7934,21.3907],[77.7994,21.4123],[77.818,21.4087],[77.8632,21.3881],[77.899,21.3784],[77.9388,21.3869],[77.9411,21.399],[77.9803,21.4028],[78.0435,21.435],[78.0637,21.4389],[78.1693,21.4985],[78.1711,21.5287],[78.1809,21.5587],[78.2155,21.5537],[78.2387,21.5655],[78.2693,21.5707],[78.2711,21.593],[78.3187,21.5756],[78.3368,21.5905]]]},"properties":{"NAME_1":"Madhya Pradesh","NAME_2":"Betul"}},{"type":"Feature","geometry":{"type":"Polygon","coordinates":[[[78.7707,26.7642],[78.7411,26.7925],[78.7153,26.8002],[78.6774,26.7924],[78.659,26.7692],[78.6204,26.7752],[78.602,26.7561],[78.5658,26.7577],[78.535,26.7717],[78.5293,26.7394],[78.5061,26.7267],[78.514,26.7148],[78.4936,26.6781],[78.4544,26.6772],[78.4614,26.6544],[78.4328,26.6476],[78.4218,26.6148],[78.4027,26.5961],[78.3921,26.6086],[78.363,26.5943],[78.3433,26.5658],[78.3038,26.5566],[78.2939,26.5794],[78.2732,26.5817],[78.2603,26.5409],[78.2316,26.5497],[78.2074,26.5345],[78.2483,26.4487],[78.2815,26.4443],[78.2871,26.4203],[78.279,26.3961],[78.2543,26.3648],[78.2564,26.3433],[78.2771,26.3521],[78.3241,26.3527],[78.4124,26.3356],[78.4079,26.3023],[78.4314,26.2843],[78.4323,26.2698],[78.454,26.2624],[78.4865,26.2699],[78.5114,26.2333],[78.5315,26.2213],[78.5387,26.1974],[78.5578,26.1976],[78.5758,26.2202],[78.6047,26.205],[78.6212,26.1624],[78.6395,26.1759],[78.6865,26.1707],[78.6933,26.1839],[78.684,26.204],[78.6899,26.2204],[78.7104,26.2317],[78.734,26.2319],[78.7618,26.2717],[78.7842,26.2943],[78.8137,26.2904],[78.8164,26.2657],[78.7841,26.2313],[78.8075,26.2092],[78.7973,26.1689],[78.8147,26.1574],[78.8163,26.1314],[78.8356,26.12],[78.7932,26.0907],[78.8071,26.0773],[78.7681,26.0258],[78.7782,25.991],[78.7754,25.9702],[78.8099,25.9442],[78.8327,25.9478],[78.8552,25.9126],[78.8764,25.9157],[78.9274,25.9555],[78.9432,25.9907],[78.9505,26.0258],[78.9443,26.037],[78.9825,26.0738],[79.0032,26.0818],[78.9718,26.1087],[78.9665,26.1257],[78.9444,26.1375],[78.9603,26.1543],[79.0007,26.155],[79.0023,26.1968],[79.0182,26.2125],[79.0171,26.2322],[79.0406,26.2293],[79.0579,26.2838],[79.0777,26.2872],[79.098,26.3146],[79.1266,26.316],[79.1166,26.3536],[79.0768,26.3627],[79.0891,26.3771],[79.0807,26.4055],[79.1172,26.4171],[79.1268,26.4448],[79.0929,26.4573],[79.0691,26.4465],[79.0471,26.4614],[79.0643,26.4868],[79.0609,26.5033],[79.0313,26.5248],[79.0331,26.536],[78.998,26.5509],[78.9982,26.5742],[78.9821,26.5942],[79.0057,26.6105],[78.9869,26.6474],[79.0012,26.6739],[78.9839,26.6857],[78.9479,26.6626],[78.937,26.6723],[78.9481,26.6967],[78.9039,26.7134],[78.8649,26.7047],[78.8407,26.7261],[78.8114,26.7655],[78.7707,26.7642]]]},"properties":{"NAME_1":"Madhya Pradesh","NAME_2":"Bhind"}},{"type":"Feature","geometry":{"type":"Polygon","coordinates":[[[77.2232,23.9002],[77.2175,23.8702],[77.2178,23.8248],[77.1805,23.7195],[77.1659,23.6908],[77.1996,23.663],[77.218,23.6704],[77.227,23.6522],[77.2208,23.6371],[77.2718,23.6146],[77.2731,23.5971],[77.2916,23.5893],[77.2815,23.5698],[77.295,23.5183],[77.2826,23.4957],[77.2935,23.4789],[77.2829,23.454],[77.2942,23.4356],[77.2812,23.4164],[77.241,23.4101],[77.2582,23.3911],[77.227,23.3607],[77.2233,23.3321],[77.2117,23.3312],[77.2001,23.3636],[77.186,23.3637],[77.1787,23.3145],[77.2171,23.3027],[77.2108,23.2594],[77.1863,23.2463],[77.2134,23.2072],[77.2374,23.1982],[77.2553,23.1479],[77.2761,23.1402],[77.2821,23.1077],[77.3233,23.112],[77.3289,23.1002],[77.3794,23.0931],[77.5019,23.1099],[77.5133,23.1257],[77.5391,23.1316],[77.5636,23.1483],[77.5621,23.1836],[77.5815,23.19],[77.5943,23.2483],[77.5917,23.2769],[77.581,23.2868],[77.5885,23.3096],[77.6211,23.3329],[77.6235,23.358],[77.5788,23.3572],[77.571,23.3778],[77.5459,23.3953],[77.5545,23.4277],[77.4879,23.4311],[77.4921,23.4596],[77.5175,23.5216],[77.5024,23.5451],[77.5085,23.5852],[77.5556,23.6051],[77.5752,23.6568],[77.6062,23.6671],[77.6272,23.6662],[77.6459,23.7025],[77.5998,23.7347],[77.6091,23.7516],[77.5695,23.7728],[77.5455,23.7619],[77.5111,23.7716],[77.5028,23.7815],[77.4665,23.7647],[77.4131,23.809],[77.3702,23.8883],[77.3141,23.8981],[77.266,23.8941],[77.2232,23.9002]]]},"properties":{"NAME_1":"Madhya Pradesh","NAME_2":"Bhopal"}},{"type":"Feature","geometry":{"type":"Polygon","coordinates":[[[76.7802,21.5625],[76.7728,21.5597],[76.7583,21.5575],[76.7507,21.5613],[76.7481,21.5697],[76.7428,21.5786],[76.7143,21.5674],[76.6824,21.5713],[76.6713,21.5681],[76.6287,21.569],[76.5932,21.5712],[76.5512,21.5693],[76.5413,21.5665],[76.5108,21.5636],[76.4837,21.5796],[76.4533,21.5836],[76.4325,21.5911],[76.4261,21.5862],[76.4179,21.6001],[76.3752,21.5984],[76.354,21.5683],[76.2939,21.5781],[76.2916,21.5813],[76.2866,21.5867],[76.2476,21.5837],[76.2128,21.5711],[76.1979,21.5619],[76.1904,21.5486],[76.1566,21.5511],[76.1502,21.5796],[76.1259,21.5888],[76.1218,21.5874],[76.0788,21.5746],[76.0414,21.5619],[76.019,21.5531],[75.9578,21.5491],[75.9525,21.5112],[75.9561,21.4834],[75.9622,21.4826],[75.9716,21.4832],[75.9796,21.4871],[75.9862,21.4859],[76.006,21.4823],[76.0103,21.4602],[76.0069,21.4547],[76.0099,21.4268],[76.0104,21.423],[76.0083,21.413],[76.0059,21.4087],[76.0042,21.4022],[76.0003,21.4004],[76,21.3998],[75.9998,21.3995],[75.9994,21.3989],[75.999,21.3983],[75.9987,21.3977],[75.9982,21.3966],[75.9979,21.3958],[75.9975,21.3947],[75.9973,21.3942],[75.9971,21.3938],[75.9969,21.3933],[75.9967,21.3928],[75.9965,21.3924],[75.9962,21.3917],[75.9956,21.3902],[75.9954,21.3898],[75.9952,21.3893],[75.9948,21.3884],[75.9947,21.3879],[75.9944,21.3874],[75.9942,21.3869],[75.9937,21.3856],[75.9935,21.385],[75.9933,21.3841],[75.9931,21.3836],[75.9929,21.3827],[75.9927,21.3818],[75.9926,21.3812],[75.9923,21.3799],[75.9922,21.379],[75.992,21.378],[75.9919,21.3774],[75.9918,21.3767],[75.9916,21.3761],[76.016,21.3699],[76.0346,21.3653],[76.042,21.3589],[76.047,21.3552],[76.0524,21.3527],[76.0657,21.3592],[76.0772,21.3643],[76.095,21.3727],[76.1069,21.3602],[76.1222,21.3216],[76.1293,21.2975],[76.1399,21.289],[76.1471,21.2814],[76.1543,21.2491],[76.1455,21.2332],[76.1615,21.2167],[76.1671,21.2036],[76.1659,21.1955],[76.1668,21.1707],[76.1551,21.1726],[76.1274,21.1779],[76.1143,21.1705],[76.1189,21.1601],[76.1317,21.1527],[76.1409,21.136],[76.1342,21.1303],[76.1674,21.1063],[76.1693,21.1014],[76.167,21.0896],[76.1773,21.0855],[76.1839,21.09],[76.2275,21.0914],[76.2692,21.093],[76.2818,21.0753],[76.2971,21.0772],[76.3348,21.0772],[76.3613,21.08],[76.3658,21.0791],[76.381,21.0791],[76.3828,21.0796],[76.4337,21.1067],[76.4375,21.1076],[76.4559,21.1319],[76.4575,21.1383],[76.467,21.1432],[76.469,21.1506],[76.477,21.1553],[76.4825,21.1882],[76.4981,21.1961],[76.5208,21.1892],[76.5413,21.1963],[76.5594,21.2058],[76.6123,21.1959],[76.62,21.1954],[76.6313,21.2156],[76.6317,21.2289],[76.6426,21.2477],[76.6594,21.2621],[76.6611,21.2824],[76.6397,21.3106],[76.6245,21.3351],[76.6684,21.3695],[76.7321,21.4088],[76.7434,21.4431],[76.7758,21.4601],[76.7918,21.4899],[76.7629,21.5226],[76.7753,21.532],[76.7846,21.5461],[76.7802,21.5625]]]},"properties":{"NAME_1":"Madhya Pradesh","NAME_2":"Burhanpur"}},{"type":"Feature","geometry":{"type":"Polygon","coordinates":[[[80.2669,25.0302],[80.282,25.0632],[80.3048,25.0755],[80.3486,25.1407],[80.3868,25.1629],[80.4237,25.1741],[80.4017,25.221],[80.3991,25.243],[80.378,25.2375],[80.3577,25.2511],[80.341,25.2786],[80.312,25.2822],[80.3027,25.297],[80.3117,25.3342],[80.3026,25.3583],[80.3132,25.3723],[80.3091,25.3918],[80.2737,25.425],[80.2559,25.4287],[80.2452,25.4049],[80.1888,25.4064],[80.1879,25.3836],[80.1592,25.3776],[80.1271,25.3406],[80.0961,25.3516],[80.07,25.3431],[80.0207,25.3432],[80.0099,25.3248],[80.0126,25.3017],[79.9939,25.2888],[79.9973,25.2701],[79.9492,25.2653],[79.921,25.2507],[79.8936,25.2462],[79.8725,25.2538],[79.8452,25.2366],[79.863,25.2192],[79.8519,25.2035],[79.8626,25.177],[79.8606,25.1561],[79.8427,25.1163],[79.8272,25.1001],[79.7692,25.1253],[79.7396,25.143],[79.7073,25.1333],[79.6766,25.137],[79.6662,25.1271],[79.6329,25.1328],[79.5503,25.1694],[79.5287,25.1374],[79.5138,25.1257],[79.5172,25.1018],[79.4899,25.0828],[79.4605,25.0963],[79.4702,25.1307],[79.4364,25.1078],[79.4353,25.1265],[79.4092,25.1157],[79.3893,25.1206],[79.3802,25.1491],[79.3839,25.1703],[79.4039,25.1896],[79.4096,25.2088],[79.4321,25.2028],[79.4424,25.221],[79.4342,25.2418],[79.4529,25.2565],[79.4012,25.2624],[79.4019,25.2793],[79.3726,25.2933],[79.3657,25.2681],[79.3345,25.3174],[79.3459,25.333],[79.2947,25.3402],[79.2765,25.327],[79.2601,25.3102],[79.2565,25.2795],[79.2711,25.2665],[79.2865,25.2811],[79.3147,25.2614],[79.3401,25.2728],[79.3411,25.2305],[79.3108,25.2195],[79.2933,25.2402],[79.278,25.2106],[79.2835,25.1895],[79.3019,25.1753],[79.3139,25.151],[79.3304,25.1264],[79.3372,25.0807],[79.3243,25.0505],[79.3277,25.005],[79.3364,24.9804],[79.3325,24.9631],[79.342,24.9159],[79.3403,24.8967],[79.3163,24.8605],[79.3005,24.7956],[79.3124,24.775],[79.3122,24.7378],[79.2981,24.7122],[79.2899,24.6791],[79.2375,24.6615],[79.2234,24.6685],[79.2008,24.6525],[79.2007,24.6265],[79.174,24.6142],[79.1391,24.6284],[79.1036,24.6283],[79.0849,24.6346],[79.0597,24.6275],[79.0652,24.6017],[79.0353,24.5587],[79.0111,24.5395],[79.0092,24.5177],[78.9907,24.4802],[78.982,24.4472],[78.9869,24.4232],[78.9994,24.3953],[79.031,24.3742],[79.0477,24.374],[79.0666,24.407],[79.1282,24.4165],[79.1609,24.4341],[79.1889,24.431],[79.1992,24.4203],[79.2318,24.4204],[79.2407,24.3802],[79.2261,24.3432],[79.2094,24.3353],[79.1527,24.3765],[79.1595,24.4099],[79.1441,24.4092],[79.1461,24.3786],[79.1593,24.3464],[79.1775,24.3295],[79.1625,24.3096],[79.166,24.2813],[79.1488,24.2773],[79.1309,24.2573],[79.1054,24.2674],[79.0861,24.2472],[79.0608,24.2668],[79.0562,24.2306],[79.0431,24.2274],[79.0493,24.1748],[79.0609,24.1672],[79.0692,24.133],[79.1079,24.124],[79.1184,24.1059],[79.1392,24.1049],[79.1534,24.1248],[79.1783,24.1222],[79.2185,24.1444],[79.3205,24.1494],[79.2968,24.1759],[79.3112,24.1873],[79.3572,24.1956],[79.3813,24.2169],[79.3796,24.2423],[79.397,24.3161],[79.3919,24.3291],[79.4041,24.3522],[79.3859,24.3724],[79.3884,24.3898],[79.4189,24.3949],[79.4333,24.416],[79.4526,24.4109],[79.466,24.3909],[79.5043,24.4035],[79.5554,24.3922],[79.5567,24.4053],[79.5393,24.4265],[79.5578,24.4322],[79.5639,24.4496],[79.6239,24.4075],[79.6127,24.3936],[79.6531,24.3734],[79.6776,24.3963],[79.7021,24.3847],[79.7141,24.403],[79.7495,24.4169],[79.7701,24.3857],[79.7901,24.3768],[79.8071,24.3896],[79.8343,24.3778],[79.8351,24.3581],[79.8523,24.3539],[79.8762,24.3782],[79.8652,24.4218],[79.8607,24.4618],[79.8757,24.4805],[79.8604,24.5111],[79.8765,24.5218],[79.8661,24.5523],[79.8807,24.574],[79.8821,24.5952],[79.8549,24.5852],[79.837,24.601],[79.8698,24.6556],[79.8781,24.6846],[79.8897,24.6972],[79.9203,24.6916],[79.9297,24.6696],[79.9522,24.6607],[79.9804,24.6923],[79.9901,24.7273],[80.0104,24.7504],[80.0568,24.7861],[80.0853,24.8276],[80.083,24.8443],[80.0549,24.8634],[80.0274,24.926],[80.0466,24.9423],[80.1079,24.9435],[80.1422,24.9405],[80.1543,24.9662],[80.1888,24.9763],[80.2117,24.9974],[80.2669,25.0302]]]},"properties":{"NAME_1":"Madhya Pradesh","NAME_2":"Chhatarpur"}},{"type":"Feature","geometry":{"type":"Polygon","coordinates":[[[79.3195,22.6179],[79.2928,22.6204],[79.2983,22.6388],[79.2826,22.649],[79.2787,22.6948],[79.2541,22.6931],[79.2389,22.7233],[79.2548,22.7361],[79.2398,22.7542],[79.2348,22.8016],[79.2234,22.8176],[79.1877,22.8078],[79.1721,22.7886],[79.1315,22.7908],[79.1162,22.768],[79.0708,22.7464],[79.0388,22.7615],[79.0112,22.7421],[79.0212,22.7108],[79.0064,22.6817],[79.0123,22.6671],[79.0048,22.6314],[78.9884,22.6208],[78.9575,22.6224],[78.9169,22.6467],[78.9112,22.6707],[78.8854,22.681],[78.8352,22.6853],[78.813,22.6582],[78.7808,22.6528],[78.7785,22.6318],[78.7359,22.6265],[78.7044,22.6564],[78.6847,22.6565],[78.6743,22.7022],[78.6318,22.6864],[78.6122,22.6583],[78.5783,22.6642],[78.5386,22.6607],[78.5175,22.6671],[78.4944,22.6371],[78.4957,22.5955],[78.5431,22.5348],[78.531,22.5007],[78.5118,22.4791],[78.5487,22.4563],[78.5569,22.4308],[78.5197,22.4197],[78.4776,22.387],[78.4561,22.3825],[78.4202,22.3859],[78.387,22.417],[78.3161,22.4271],[78.2783,22.4172],[78.2683,22.4048],[78.2774,22.3866],[78.2782,22.355],[78.2471,22.3294],[78.2617,22.2695],[78.2901,22.2557],[78.2652,22.2294],[78.2594,22.1948],[78.2723,22.1332],[78.2749,22.0916],[78.3008,22.097],[78.3376,22.1131],[78.3424,22.057],[78.3558,22.0395],[78.374,22.0334],[78.3973,22.0073],[78.3987,21.9932],[78.3823,21.966],[78.3852,21.9286],[78.4116,21.9534],[78.4404,21.9624],[78.4685,21.9603],[78.4859,21.9427],[78.5149,21.9316],[78.5158,21.9112],[78.5344,21.9015],[78.5416,21.869],[78.5209,21.8386],[78.4955,21.8359],[78.4647,21.8171],[78.4938,21.794],[78.4684,21.787],[78.4565,21.7616],[78.4622,21.744],[78.4536,21.7198],[78.4248,21.7201],[78.4109,21.6852],[78.3905,21.6774],[78.3938,21.6481],[78.3759,21.6404],[78.3625,21.622],[78.3458,21.6297],[78.3368,21.5905],[78.361,21.5783],[78.3776,21.5956],[78.3717,21.615],[78.4226,21.6019],[78.4135,21.5777],[78.4322,21.5199],[78.4301,21.5018],[78.4804,21.5061],[78.5086,21.5284],[78.56,21.5146],[78.5849,21.4869],[78.6054,21.4884],[78.621,21.4775],[78.6375,21.4842],[78.6841,21.482],[78.7242,21.4644],[78.761,21.4898],[78.8442,21.49],[78.8515,21.4957],[78.8854,21.4856],[78.8958,21.5006],[78.9318,21.4874],[78.9363,21.5194],[78.9234,21.5238],[78.9127,21.5631],[78.9132,21.5924],[78.9403,21.5938],[78.9748,21.6176],[78.9944,21.6187],[79.0096,21.6015],[79.031,21.6056],[79.1041,21.6094],[79.1411,21.6395],[79.1478,21.6605],[79.2166,21.6502],[79.2284,21.6714],[79.2182,21.6813],[79.2281,21.7219],[79.2237,21.7563],[79.2531,21.7792],[79.2709,21.7746],[79.2882,21.811],[79.2709,21.8323],[79.2973,21.8707],[79.3224,21.9194],[79.3426,21.9252],[79.3502,21.9662],[79.3684,21.973],[79.3702,21.993],[79.3912,21.9926],[79.4027,22.0419],[79.3827,22.0472],[79.372,22.0907],[79.3872,22.1037],[79.3522,22.1314],[79.3372,22.1611],[79.3265,22.2164],[79.3618,22.2295],[79.3577,22.2654],[79.3052,22.2886],[79.2822,22.3247],[79.3263,22.3482],[79.3479,22.3515],[79.3406,22.3852],[79.2927,22.3814],[79.2839,22.3888],[79.293,22.4167],[79.3309,22.4251],[79.3113,22.4449],[79.2602,22.4555],[79.2308,22.4489],[79.2228,22.4264],[79.1986,22.4326],[79.1937,22.4501],[79.2165,22.4551],[79.2315,22.4755],[79.2996,22.4852],[79.3358,22.4852],[79.3366,22.508],[79.3148,22.5305],[79.3165,22.5446],[79.3445,22.5749],[79.3653,22.6059],[79.338,22.6179],[79.3195,22.6179]]]},"properties":{"NAME_1":"Madhya Pradesh","NAME_2":"Chhindwara"}},{"type":"Feature","geometry":{"type":"Polygon","coordinates":[[[79.7901,24.3768],[79.7701,24.3857],[79.7495,24.4169],[79.7141,24.403],[79.7021,24.3847],[79.6776,24.3963],[79.6531,24.3734],[79.6127,24.3936],[79.6239,24.4075],[79.5639,24.4496],[79.5578,24.4322],[79.5393,24.4265],[79.5567,24.4053],[79.5554,24.3922],[79.5043,24.4035],[79.466,24.3909],[79.4526,24.4109],[79.4333,24.416],[79.4189,24.3949],[79.3884,24.3898],[79.3859,24.3724],[79.4041,24.3522],[79.3919,24.3291],[79.397,24.3161],[79.3796,24.2423],[79.3813,24.2169],[79.3572,24.1956],[79.3112,24.1873],[79.2968,24.1759],[79.3205,24.1494],[79.2185,24.1444],[79.1783,24.1222],[79.1534,24.1248],[79.1392,24.1049],[79.1484,24.0758],[79.1638,24.0591],[79.1754,24.0305],[79.175,24.0115],[79.144,23.9998],[79.125,23.9804],[79.1109,23.9815],[79.0692,23.9351],[79.0504,23.9254],[79.0647,23.9102],[79.0879,23.922],[79.1063,23.8834],[79.1448,23.8511],[79.1717,23.8502],[79.1767,23.8371],[79.2076,23.8444],[79.2395,23.8322],[79.2151,23.788],[79.2788,23.7483],[79.2922,23.7105],[79.2769,23.7015],[79.2961,23.6792],[79.3135,23.6777],[79.3455,23.6576],[79.3294,23.6329],[79.2946,23.6411],[79.2916,23.5766],[79.3253,23.5292],[79.293,23.5164],[79.2826,23.4914],[79.218,23.4585],[79.2131,23.4393],[79.1764,23.4341],[79.187,23.3667],[79.2135,23.3612],[79.2299,23.342],[79.2047,23.3164],[79.2238,23.293],[79.2045,23.2596],[79.1696,23.2596],[79.1685,23.2259],[79.1833,23.2231],[79.1905,23.2422],[79.2206,23.2274],[79.2357,23.2529],[79.2591,23.2432],[79.2613,23.2186],[79.2948,23.2311],[79.328,23.1504],[79.3656,23.1671],[79.4191,23.1951],[79.4357,23.2161],[79.5052,23.2679],[79.5332,23.2639],[79.5584,23.2808],[79.6538,23.3344],[79.6884,23.3589],[79.6976,23.3886],[79.7103,23.391],[79.7309,23.427],[79.7536,23.4352],[79.7949,23.4679],[79.8216,23.5152],[79.8438,23.5082],[79.8719,23.5523],[79.8991,23.5848],[79.914,23.5877],[79.9349,23.6225],[79.9455,23.6676],[79.9297,23.6809],[79.8958,23.6822],[79.853,23.6974],[79.8212,23.7003],[79.8134,23.743],[79.8232,23.77],[79.8592,23.8321],[79.8507,23.8477],[79.8636,23.8936],[79.8581,23.9156],[79.8318,23.9366],[79.8499,23.9954],[79.8381,24.0001],[79.8383,24.0253],[79.8174,24.0329],[79.781,24.0345],[79.7321,24.0585],[79.733,24.0753],[79.7549,24.0763],[79.7636,24.1131],[79.7797,24.1213],[79.7886,24.153],[79.8053,24.1626],[79.8063,24.1985],[79.8275,24.2064],[79.8378,24.2505],[79.8023,24.2691],[79.8066,24.2874],[79.8371,24.2882],[79.8515,24.3024],[79.8288,24.3234],[79.8014,24.3212],[79.8142,24.3452],[79.7901,24.3768]]]},"properties":{"NAME_1":"Madhya Pradesh","NAME_2":"Damoh"}},{"type":"Feature","geometry":{"type":"Polygon","coordinates":[[[78.8764,25.9157],[78.8552,25.9126],[78.8327,25.9478],[78.8099,25.9442],[78.7754,25.9702],[78.7782,25.991],[78.7681,26.0258],[78.8071,26.0773],[78.7932,26.0907],[78.8356,26.12],[78.8163,26.1314],[78.8147,26.1574],[78.7973,26.1689],[78.8075,26.2092],[78.7841,26.2313],[78.8164,26.2657],[78.8137,26.2904],[78.7842,26.2943],[78.7618,26.2717],[78.734,26.2319],[78.7104,26.2317],[78.6899,26.2204],[78.684,26.204],[78.6933,26.1839],[78.6865,26.1707],[78.6395,26.1759],[78.6212,26.1624],[78.6319,26.1341],[78.6084,26.1368],[78.6002,26.1047],[78.6337,26.0892],[78.6252,26.0571],[78.6004,26.0529],[78.5751,26.0107],[78.5336,25.9802],[78.4802,25.9684],[78.4593,25.9099],[78.3807,25.8555],[78.3827,25.8409],[78.3336,25.8393],[78.3106,25.8228],[78.3145,25.7995],[78.2737,25.7864],[78.2738,25.7555],[78.2541,25.7505],[78.2217,25.7308],[78.2092,25.7046],[78.2437,25.6989],[78.2532,25.7244],[78.276,25.7069],[78.3027,25.7036],[78.3043,25.6875],[78.337,25.6657],[78.3685,25.6661],[78.3817,25.6128],[78.4031,25.6034],[78.3851,25.5824],[78.4072,25.5751],[78.4372,25.5998],[78.4604,25.5897],[78.4371,25.5644],[78.46,25.5646],[78.4811,25.5804],[78.5275,25.5729],[78.5471,25.5647],[78.5812,25.5643],[78.6042,25.5873],[78.6202,25.5736],[78.6486,25.5656],[78.677,25.5941],[78.7112,25.6066],[78.7328,25.6031],[78.7945,25.6175],[78.8112,25.6455],[78.8113,25.6745],[78.7912,25.7105],[78.7607,25.7208],[78.7468,25.7491],[78.7758,25.7615],[78.7996,25.7994],[78.8205,25.7994],[78.8158,25.8311],[78.841,25.8206],[78.8413,25.8052],[78.8633,25.8021],[78.8658,25.8344],[78.844,25.8453],[78.8578,25.872],[78.8837,25.8765],[78.8872,25.899],[78.8764,25.9157]]]},"properties":{"NAME_1":"Madhya Pradesh","NAME_2":"Datia"}},{"type":"Feature","geometry":{"type":"Polygon","coordinates":[[[76.1114,23.2449],[76.0709,23.2409],[76.0686,23.2121],[76.0865,23.2048],[76.1223,23.2135],[76.1381,23.1977],[76.1251,23.1795],[76.0699,23.1657],[76.0493,23.1829],[76.0463,23.1465],[76.0587,23.1426],[76.1008,23.0957],[76.1082,23.0638],[76.0754,23.0526],[76.0702,23.0693],[76.0513,23.0818],[76.0553,23.1009],[76.0315,23.1444],[76.0285,23.184],[76.0024,23.2111],[75.9983,23.2506],[75.9759,23.2483],[75.9731,23.2682],[75.9906,23.2839],[75.9605,23.3252],[75.9472,23.3234],[75.9321,23.2999],[75.9276,23.2766],[75.9328,23.228],[75.9494,23.2297],[75.9526,23.1846],[75.9322,23.1383],[75.9584,23.1298],[75.9886,23.0903],[75.9781,23.0463],[75.954,23.0269],[75.9295,23.0345],[75.9024,23.0291],[75.8992,23.0038],[75.9781,22.9253],[75.9841,22.8899],[76.0031,22.8633],[76.0315,22.8475],[76.0353,22.8311],[76.0572,22.8028],[76.1021,22.7046],[76.1298,22.7031],[76.1577,22.6919],[76.1892,22.6931],[76.2109,22.6657],[76.2439,22.6468],[76.229,22.6204],[76.1985,22.6283],[76.1819,22.6204],[76.1612,22.6258],[76.14,22.6062],[76.0884,22.5905],[76.0858,22.5506],[76.1009,22.4794],[76.1608,22.4401],[76.2141,22.4214],[76.2368,22.3957],[76.2122,22.3326],[76.2519,22.2957],[76.301,22.2979],[76.3424,22.3083],[76.4,22.3415],[76.4466,22.3503],[76.4383,22.3736],[76.4444,22.3887],[76.4789,22.4084],[76.5085,22.4183],[76.5579,22.4066],[76.6035,22.4113],[76.6213,22.3813],[76.6625,22.3548],[76.655,22.3378],[76.6837,22.3052],[76.7162,22.3169],[76.7416,22.3004],[76.7682,22.3245],[76.7797,22.3505],[76.7808,22.3534],[76.7811,22.3557],[76.7824,22.3651],[76.7813,22.3701],[76.7802,22.3738],[76.7796,22.3765],[76.7805,22.3819],[76.7813,22.3851],[76.7837,22.3928],[76.7858,22.3984],[76.7885,22.4044],[76.7888,22.4153],[76.787,22.4199],[76.7864,22.4231],[76.787,22.4319],[76.7921,22.4352],[76.8066,22.4426],[76.8116,22.4474],[76.8223,22.4528],[76.8285,22.454],[76.8394,22.4565],[76.8481,22.4592],[76.8556,22.4632],[76.8569,22.4651],[76.8766,22.4787],[76.8848,22.4833],[76.8983,22.4899],[76.9136,22.4938],[76.9261,22.4963],[76.9597,22.4975],[76.9682,22.4968],[76.9819,22.4977],[76.9849,22.4979],[76.9888,22.4986],[76.9997,22.5018],[77.0257,22.5029],[77.0674,22.5153],[77.0996,22.5408],[77.1123,22.5542],[77.1203,22.5627],[77.1244,22.5822],[77.1153,22.6031],[77.0816,22.6291],[77.0851,22.6569],[77.0379,22.6752],[77.0326,22.7358],[77.0164,22.7409],[77.0246,22.7708],[77.0073,22.7998],[76.9969,22.8719],[76.9845,22.8816],[76.9555,22.8678],[76.944,22.8821],[76.9221,22.8774],[76.9151,22.8644],[76.8766,22.8877],[76.8686,22.8758],[76.8238,22.8716],[76.7867,22.8373],[76.7509,22.8215],[76.7021,22.814],[76.7019,22.7977],[76.6749,22.7882],[76.6233,22.8018],[76.5742,22.7702],[76.5174,22.8213],[76.5247,22.8405],[76.5182,22.8653],[76.4937,22.8829],[76.4888,22.8994],[76.4622,22.9051],[76.451,22.9301],[76.4644,22.9647],[76.4449,22.9944],[76.4608,22.9995],[76.4468,23.0277],[76.46,23.0749],[76.5151,23.0779],[76.5163,23.0915],[76.4922,23.099],[76.4995,23.1187],[76.5217,23.1165],[76.5358,23.1324],[76.5064,23.1826],[76.456,23.1864],[76.4548,23.1954],[76.4119,23.1995],[76.4068,23.2209],[76.357,23.2341],[76.3518,23.2286],[76.2797,23.231],[76.2452,23.2166],[76.2219,23.2255],[76.1957,23.2226],[76.1765,23.23],[76.1564,23.2252],[76.1114,23.2449]]]},"properties":{"NAME_1":"Madhya Pradesh","NAME_2":"Dewas"}},{"type":"Feature","geometry":{"type":"Polygon","coordinates":[[[75.4376,22.8727],[75.3745,22.8714],[75.3565,22.8374],[75.332,22.8419],[75.3343,22.8752],[75.325,22.8854],[75.3201,22.9324],[75.3061,22.9574],[75.326,22.9601],[75.3244,22.9909],[75.3031,22.9983],[75.3122,23.0492],[75.3384,23.0464],[75.3386,23.0619],[75.3019,23.1322],[75.2415,23.1391],[75.2419,23.0964],[75.2352,23.0907],[75.1853,23.0948],[75.1795,23.1024],[75.1047,23.1134],[75.0756,23.1064],[75.0363,23.1151],[75.0098,23.1138],[75.0129,23.0844],[75.0071,23.0679],[75.0144,23.0465],[75.0071,23.0196],[75.0088,22.9434],[75.0043,22.9144],[74.9903,22.8965],[74.9871,22.8684],[74.9625,22.847],[74.9542,22.8098],[74.9401,22.7937],[74.9085,22.775],[74.9046,22.7596],[74.8269,22.7518],[74.7946,22.7625],[74.7665,22.7498],[74.7785,22.721],[74.7859,22.6767],[74.7979,22.6598],[74.7842,22.5814],[74.7328,22.5548],[74.72,22.5331],[74.7285,22.5056],[74.7137,22.4958],[74.7156,22.4656],[74.7401,22.4515],[74.7168,22.4256],[74.6935,22.4158],[74.6954,22.3701],[74.6868,22.3638],[74.653,22.3723],[74.6347,22.3646],[74.6258,22.3316],[74.6449,22.3055],[74.6662,22.3062],[74.6495,22.2746],[74.6041,22.2705],[74.592,22.2438],[74.5684,22.2466],[74.5486,22.2361],[74.5307,22.2389],[74.516,22.2214],[74.5183,22.2024],[74.4993,22.1757],[74.506,22.1567],[74.5304,22.1448],[74.5374,22.1167],[74.4765,22.1146],[74.4812,22.0963],[74.5173,22.1019],[74.496,22.0654],[74.5061,22.0464],[74.5382,22.0508],[74.5638,22.0241],[74.6096,22.0262],[74.6413,22.0381],[74.6786,22.0359],[74.6941,22.0485],[74.7654,22.0744],[74.7914,22.0806],[74.8321,22.0623],[74.9066,22.0846],[75.0185,22.0882],[75.0663,22.0965],[75.1111,22.0965],[75.1506,22.1055],[75.2,22.1072],[75.2321,22.1232],[75.2928,22.127],[75.32,22.1363],[75.3765,22.1457],[75.409,22.1411],[75.4409,22.1533],[75.505,22.1604],[75.5184,22.1756],[75.5225,22.2089],[75.5358,22.2288],[75.5306,22.2741],[75.5155,22.2842],[75.5163,22.3094],[75.4972,22.3392],[75.5036,22.3656],[75.5386,22.3608],[75.5591,22.3778],[75.5453,22.4133],[75.5625,22.4257],[75.5718,22.4561],[75.5639,22.4908],[75.5716,22.5154],[75.5982,22.5263],[75.5927,22.5589],[75.6318,22.5628],[75.6783,22.5838],[75.7139,22.6223],[75.6606,22.6389],[75.6041,22.6363],[75.5857,22.6616],[75.5679,22.6584],[75.5634,22.6397],[75.527,22.6349],[75.5085,22.6977],[75.5153,22.7101],[75.5089,22.7341],[75.4791,22.737],[75.4886,22.7649],[75.4372,22.7764],[75.441,22.7977],[75.4251,22.8126],[75.4232,22.8307],[75.4436,22.8649],[75.4376,22.8727]]]},"properties":{"NAME_1":"Madhya Pradesh","NAME_2":"Dhar"}},{"type":"Feature","geometry":{"type":"Polygon","coordinates":[[[81.1176,23.2178],[81.1139,23.2192],[81.1052,23.2125],[81.0968,23.2036],[81.0932,23.2036],[81.0605,23.196],[81.0501,23.2085],[81.0263,23.2086],[81.0125,23.2243],[80.9874,23.2341],[80.9304,23.2908],[80.9153,23.282],[80.9079,23.2608],[80.8645,23.2387],[80.8553,23.2237],[80.8265,23.2423],[80.7861,23.2518],[80.7819,23.2245],[80.7555,23.2215],[80.7357,23.2362],[80.7374,23.2539],[80.7177,23.265],[80.71,23.2825],[80.7185,23.3049],[80.7476,23.3221],[80.7498,23.3461],[80.7042,23.3634],[80.6944,23.3731],[80.6674,23.3646],[80.6237,23.3625],[80.5871,23.3492],[80.5669,23.354],[80.5663,23.3389],[80.5638,23.3275],[80.5764,23.31],[80.577,23.2899],[80.5743,23.2851],[80.5646,23.2839],[80.563,23.2803],[80.5591,23.272],[80.5415,23.2732],[80.5278,23.261],[80.5165,23.2592],[80.5142,23.2462],[80.5114,23.2378],[80.5005,23.2204],[80.4957,23.2098],[80.4729,23.2002],[80.5089,23.1705],[80.5158,23.1588],[80.5452,23.1695],[80.5479,23.1685],[80.5513,23.1531],[80.5729,23.1418],[80.5734,23.1331],[80.5685,23.1279],[80.5606,23.1237],[80.5451,23.1134],[80.5366,23.1084],[80.521,23.1076],[80.5198,23.1038],[80.5221,23.0842],[80.5182,23.0806],[80.5523,23.0322],[80.5791,22.9621],[80.5791,22.923],[80.5667,22.89],[80.5654,22.8771],[80.5683,22.8687],[80.5786,22.8625],[80.6343,22.8531],[80.6512,22.8406],[80.663,22.8386],[80.6756,22.8385],[80.6768,22.8408],[80.6774,22.8507],[80.6836,22.8502],[80.7052,22.8567],[80.7115,22.8633],[80.7265,22.8594],[80.729,22.8579],[80.7359,22.8458],[80.7302,22.8409],[80.723,22.8393],[80.7247,22.8141],[80.7409,22.8164],[80.7525,22.8143],[80.7715,22.8179],[80.819,22.8344],[80.8276,22.851],[80.8373,22.8526],[80.8502,22.8525],[80.8647,22.85],[80.8594,22.8393],[80.8504,22.822],[80.862,22.8074],[80.8629,22.7638],[80.8748,22.7592],[80.9209,22.755],[80.9342,22.7433],[80.9104,22.7124],[80.9213,22.7071],[80.9175,22.6822],[80.9362,22.6753],[80.9383,22.667],[80.9489,22.641],[80.9578,22.6379],[80.9577,22.6443],[80.9929,22.6423],[80.9929,22.6203],[80.9757,22.6119],[80.9597,22.5935],[80.9585,22.5912],[80.9348,22.5865],[80.9288,22.5855],[80.9279,22.5775],[80.9284,22.574],[80.9398,22.5558],[80.9509,22.5594],[80.9617,22.5431],[80.9685,22.5212],[80.9396,22.5027],[80.8923,22.4697],[80.8634,22.4367],[80.8861,22.4202],[80.9067,22.3914],[80.8964,22.3646],[80.8854,22.35],[80.8852,22.3497],[80.874,22.3348],[80.8864,22.3339],[80.8944,22.3407],[80.916,22.3361],[80.9217,22.3259],[80.9091,22.3287],[80.9025,22.3177],[80.9024,22.3149],[80.897,22.2952],[80.9049,22.2886],[80.9091,22.2788],[80.9557,22.2823],[80.9841,22.2906],[80.9929,22.2887],[81.0203,22.2706],[81.0404,22.2406],[81.0628,22.2469],[81.0726,22.2417],[81.0847,22.2467],[81.0968,22.2775],[81.115,22.3032],[81.1147,22.3126],[81.112,22.3346],[81.1105,22.353],[81.1009,22.3832],[81.1047,22.4108],[81.1035,22.4221],[81.11,22.4411],[81.1228,22.4476],[81.1481,22.4559],[81.1578,22.4745],[81.18,22.4902],[81.1926,22.4825],[81.1942,22.4621],[81.2184,22.4517],[81.2404,22.4592],[81.2715,22.4958],[81.2802,22.4988],[81.304,22.4818],[81.3159,22.4897],[81.3194,22.5196],[81.3319,22.5224],[81.3665,22.5144],[81.3787,22.5053],[81.3848,22.4778],[81.3862,22.4512],[81.3889,22.4448],[81.3966,22.4413],[81.4141,22.4485],[81.4189,22.4542],[81.4244,22.4792],[81.436,22.4695],[81.448,22.4674],[81.4433,22.4715],[81.4391,22.4795],[81.4442,22.487],[81.4381,22.4939],[81.4462,22.4959],[81.47,22.494],[81.4764,22.4922],[81.4901,22.5084],[81.5154,22.5368],[81.5191,22.54],[81.536,22.5332],[81.5472,22.5313],[81.5631,22.551],[81.5832,22.5445],[81.5998,22.5357],[81.6158,22.539],[81.6219,22.5438],[81.6194,22.5533],[81.6236,22.5643],[81.6379,22.5621],[81.6487,22.569],[81.6444,22.5834],[81.6416,22.5921],[81.6435,22.6144],[81.6548,22.6216],[81.6786,22.6489],[81.6989,22.6459],[81.7141,22.6556],[81.7196,22.67],[81.7229,22.6762],[81.7235,22.6976],[81.6943,22.706],[81.6931,22.7284],[81.6967,22.7349],[81.6919,22.7523],[81.6894,22.758],[81.6779,22.7819],[81.6478,22.7854],[81.6305,22.7822],[81.6202,22.7745],[81.5969,22.7618],[81.5601,22.7567],[81.5514,22.7607],[81.5225,22.7509],[81.5079,22.7609],[81.5021,22.7645],[81.4803,22.7605],[81.4615,22.7648],[81.4403,22.7895],[81.4316,22.8215],[81.4192,22.8376],[81.399,22.8514],[81.372,22.8556],[81.3534,22.8499],[81.3181,22.8619],[81.3093,22.8745],[81.2727,22.8791],[81.2557,22.895],[81.2288,22.9025],[81.2256,22.9058],[81.2122,22.9131],[81.1917,22.9144],[81.1855,22.9365],[81.1814,22.952],[81.1947,22.9842],[81.2031,23.0172],[81.2087,23.0198],[81.2198,23.0317],[81.2312,23.0559],[81.2242,23.0591],[81.2335,23.0618],[81.2479,23.0542],[81.2503,23.0624],[81.2563,23.071],[81.249,23.0838],[81.2438,23.0996],[81.2391,23.1017],[81.236,23.1076],[81.2339,23.1118],[81.2307,23.1115],[81.2214,23.1107],[81.2082,23.1168],[81.2064,23.1187],[81.2042,23.142],[81.1983,23.13],[81.186,23.137],[81.1746,23.1547],[81.183,23.169],[81.1594,23.1658],[81.1561,23.1748],[81.1531,23.18],[81.1326,23.1959],[81.1176,23.2178]]]},"properties":{"NAME_1":"Madhya Pradesh","NAME_2":"Dindori"}},{"type":"Feature","geometry":{"type":"Polygon","coordinates":[[[76.7797,22.3505],[76.7682,22.3245],[76.7416,22.3004],[76.7162,22.3169],[76.6837,22.3052],[76.655,22.3378],[76.6625,22.3548],[76.6213,22.3813],[76.6035,22.4113],[76.5579,22.4066],[76.5085,22.4183],[76.4789,22.4084],[76.4444,22.3887],[76.4383,22.3736],[76.4466,22.3503],[76.4,22.3415],[76.3424,22.3083],[76.301,22.2979],[76.2519,22.2957],[76.2122,22.3326],[76.1817,22.2749],[76.1626,22.2609],[76.1344,22.2618],[76.1082,22.2541],[76.0635,22.2288],[76.0296,22.2233],[76.0319,22.1995],[76.0574,22.1919],[76.0983,22.1925],[76.1077,22.2145],[76.1588,22.2153],[76.1638,22.1936],[76.1539,22.1786],[76.1298,22.173],[76.1272,22.1388],[76.1447,22.1198],[76.106,22.0942],[76.1059,22.0568],[76.1532,22.0607],[76.1425,22.1003],[76.1587,22.1168],[76.1832,22.1247],[76.2086,22.1014],[76.2275,22.1028],[76.233,22.076],[76.2097,22.0659],[76.1997,22.0415],[76.1714,22.0466],[76.1594,22.0267],[76.1685,22.0044],[76.1458,21.9817],[76.1513,21.9483],[76.1702,21.8881],[76.1498,21.8863],[76.103,21.8501],[76.111,21.7954],[76.096,21.7717],[76.1169,21.7692],[76.1262,21.7556],[76.1025,21.7406],[76.1178,21.723],[76.1448,21.7348],[76.1674,21.7247],[76.1744,21.6887],[76.162,21.6754],[76.1342,21.6916],[76.1082,21.6912],[76.0736,21.6638],[76.0814,21.6111],[76.0788,21.5746],[76.1218,21.5874],[76.1259,21.5888],[76.1502,21.5796],[76.1566,21.5511],[76.1904,21.5486],[76.1979,21.5619],[76.2128,21.5711],[76.2476,21.5837],[76.2866,21.5867],[76.2916,21.5813],[76.2939,21.5781],[76.354,21.5683],[76.3752,21.5984],[76.4179,21.6001],[76.4261,21.5862],[76.4325,21.5911],[76.4533,21.5836],[76.4837,21.5796],[76.5108,21.5636],[76.5413,21.5665],[76.5512,21.5693],[76.5932,21.5712],[76.6287,21.569],[76.6713,21.5681],[76.6824,21.5713],[76.7143,21.5674],[76.7428,21.5786],[76.7481,21.5697],[76.7507,21.5613],[76.7583,21.5575],[76.7728,21.5597],[76.7802,21.5625],[76.7953,21.5975],[76.8335,21.5931],[76.8521,21.615],[76.8917,21.6007],[76.9973,21.6816],[77.0102,21.6844],[77.0621,21.715],[77.0562,21.7359],[77.0766,21.7721],[77.1383,21.7854],[77.1879,21.7881],[77.187,21.8086],[77.1675,21.8105],[77.1597,21.8521],[77.1646,21.8703],[77.1868,21.8646],[77.2159,21.9079],[77.2187,21.9171],[77.1888,21.948],[77.1701,21.958],[77.1637,21.9772],[77.1338,21.9956],[77.0745,21.9846],[77.065,21.9844],[77.0424,21.9902],[77.0321,21.9939],[77.022,21.9938],[77.013,21.9851],[76.989,21.9872],[76.9883,21.988],[76.9856,21.9899],[76.9801,21.9934],[76.9781,22.0087],[76.9769,22.0092],[76.9738,22.0102],[76.967,22.0103],[76.9664,22.0101],[76.9636,22.0101],[76.9586,22.0109],[76.9541,22.0116],[76.9478,22.0109],[76.9462,22.0099],[76.9386,22.0065],[76.938,21.9961],[76.9368,21.9951],[76.9323,21.9939],[76.9296,21.9981],[76.9268,22.0007],[76.9248,22.0074],[76.9233,22.0082],[76.9208,22.0097],[76.9147,22.0107],[76.9069,22.009],[76.9035,21.9971],[76.9023,21.9937],[76.9002,21.9916],[76.893,21.9883],[76.8894,21.9872],[76.8856,21.9873],[76.8781,21.9944],[76.8775,21.9982],[76.8762,22.003],[76.88,22.0072],[76.8793,22.0112],[76.8752,22.0157],[76.8731,22.0209],[76.8696,22.0293],[76.8642,22.032],[76.8573,22.0341],[76.8539,22.0382],[76.8536,22.0463],[76.8499,22.0537],[76.8469,22.057],[76.8447,22.0599],[76.8435,22.068],[76.8444,22.0744],[76.8451,22.0819],[76.8455,22.0895],[76.8497,22.0921],[76.8533,22.0936],[76.8566,22.0981],[76.8539,22.1118],[76.8569,22.1169],[76.8711,22.1226],[76.8703,22.1241],[76.8663,22.126],[76.8644,22.1292],[76.8644,22.1316],[76.8649,22.1345],[76.8663,22.1383],[76.8617,22.1383],[76.8605,22.137],[76.8509,22.1334],[76.8452,22.1353],[76.8409,22.1354],[76.8363,22.1347],[76.8342,22.1375],[76.8341,22.1399],[76.8326,22.1453],[76.8312,22.15],[76.8281,22.1574],[76.8288,22.1654],[76.8395,22.171],[76.8427,22.1735],[76.8448,22.1798],[76.8442,22.1833],[76.8385,22.1914],[76.8378,22.1937],[76.8383,22.213],[76.8387,22.2172],[76.8416,22.2255],[76.8438,22.2288],[76.8468,22.236],[76.8458,22.2379],[76.8448,22.2426],[76.851,22.2518],[76.8536,22.2559],[76.8419,22.261],[76.8486,22.2636],[76.8559,22.2674],[76.8614,22.2696],[76.8642,22.2714],[76.867,22.2752],[76.8702,22.2777],[76.8729,22.2833],[76.8726,22.2855],[76.8725,22.2903],[76.8727,22.2908],[76.8783,22.2911],[76.8838,22.293],[76.8868,22.299],[76.892,22.3025],[76.8879,22.3051],[76.884,22.3084],[76.8801,22.312],[76.8777,22.3124],[76.8697,22.3146],[76.8671,22.3173],[76.8661,22.3273],[76.8626,22.3293],[76.8604,22.3303],[76.8564,22.3323],[76.8533,22.3331],[76.8482,22.3363],[76.8412,22.3331],[76.8315,22.3246],[76.8302,22.324],[76.8213,22.3212],[76.8216,22.3312],[76.8205,22.3385],[76.8157,22.3427],[76.8015,22.3398],[76.7945,22.3423],[76.7904,22.346],[76.788,22.3472],[76.7842,22.3486],[76.7797,22.3505]]]},"properties":{"NAME_1":"Madhya Pradesh","NAME_2":"East Nimar"}},{"type":"Feature","geometry":{"type":"Polygon","coordinates":[[[77.3029,25.0839],[77.2623,25.1193],[77.2208,25.1102],[77.1974,25.1167],[77.1696,25.1137],[77.1577,25.0883],[77.1283,25.0891],[77.1145,25.0691],[77.0772,25.058],[76.9837,25.0776],[76.9687,25.0559],[76.9011,25.034],[76.882,25.0341],[76.8693,25.0111],[76.8664,24.9718],[76.8721,24.9546],[76.9246,24.9104],[76.9139,24.8879],[76.9489,24.8729],[76.9265,24.8498],[76.895,24.8395],[76.8375,24.8411],[76.8023,24.8266],[76.8157,24.8037],[76.8467,24.77],[76.845,24.7521],[76.8867,24.7542],[76.9217,24.7488],[76.9458,24.764],[76.9633,24.7596],[76.972,24.7317],[76.9921,24.7174],[77.0192,24.715],[77.0335,24.7029],[77.037,24.6828],[77.0595,24.6424],[77.0585,24.5948],[77.0643,24.5641],[77.0503,24.5265],[77.032,24.5288],[77.0241,24.5013],[76.9925,24.4734],[76.9602,24.4602],[76.9146,24.4877],[76.9184,24.5356],[76.8998,24.5478],[76.8757,24.5262],[76.8662,24.5494],[76.846,24.551],[76.8146,24.5344],[76.8513,24.4691],[76.8412,24.4428],[76.8507,24.4374],[76.8424,24.4085],[76.8491,24.3682],[76.837,24.3607],[76.8449,24.328],[76.8588,24.3123],[76.8742,24.2711],[76.9165,24.232],[76.9439,24.1989],[76.9161,24.1887],[76.8999,24.1311],[76.8776,24.1349],[76.8868,24.1087],[76.9098,24.1054],[76.9536,24.0776],[76.9645,24.0558],[76.9977,24.0615],[77.0248,24.0869],[77.071,24.083],[77.0974,24.0917],[77.1484,24.0919],[77.1781,24.0869],[77.1757,24.0255],[77.1841,24.0092],[77.1688,23.9835],[77.1597,23.953],[77.1806,23.9323],[77.182,23.9024],[77.2232,23.9002],[77.266,23.8941],[77.3141,23.8981],[77.3183,23.9156],[77.3036,23.9259],[77.302,23.9579],[77.291,23.9796],[77.3059,23.9855],[77.3061,24.0142],[77.2858,24.0482],[77.2651,24.0467],[77.2598,24.0746],[77.2936,24.0929],[77.2841,24.1291],[77.3088,24.1554],[77.2983,24.1709],[77.3375,24.185],[77.347,24.2193],[77.3181,24.2896],[77.3418,24.3237],[77.3533,24.3516],[77.3907,24.3421],[77.4041,24.332],[77.3964,24.2798],[77.4255,24.249],[77.4465,24.2445],[77.487,24.2809],[77.4991,24.2582],[77.5485,24.2532],[77.5702,24.2728],[77.589,24.2736],[77.5933,24.3022],[77.6159,24.302],[77.6437,24.3197],[77.6149,24.3364],[77.6198,24.3571],[77.6612,24.3692],[77.6836,24.3938],[77.7163,24.3927],[77.7245,24.4197],[77.6764,24.4052],[77.6504,24.4076],[77.6326,24.4317],[77.617,24.4218],[77.5862,24.3839],[77.5525,24.3979],[77.5024,24.4106],[77.4982,24.4307],[77.4713,24.4374],[77.4723,24.4707],[77.4889,24.4695],[77.4847,24.5012],[77.4863,24.5624],[77.4701,24.5981],[77.484,24.6544],[77.5073,24.6827],[77.5254,24.6939],[77.5475,24.727],[77.5441,24.7603],[77.5345,24.7875],[77.5234,24.792],[77.5145,24.8314],[77.5244,24.8489],[77.5573,24.876],[77.5414,24.8843],[77.5055,24.877],[77.4715,24.8815],[77.4442,24.9328],[77.4156,24.9502],[77.3988,24.9519],[77.375,24.928],[77.3526,24.9488],[77.3419,24.986],[77.3289,25.002],[77.3312,25.0291],[77.3144,25.0426],[77.3029,25.0839]]]},"properties":{"NAME_1":"Madhya Pradesh","NAME_2":"Guna"}},{"type":"Feature","geometry":{"type":"Polygon","coordinates":[[[78.6212,26.1624],[78.6047,26.205],[78.5758,26.2202],[78.5578,26.1976],[78.5387,26.1974],[78.5315,26.2213],[78.5114,26.2333],[78.4865,26.2699],[78.454,26.2624],[78.4323,26.2698],[78.4314,26.2843],[78.4079,26.3023],[78.4124,26.3356],[78.3241,26.3527],[78.2771,26.3521],[78.2564,26.3433],[78.2541,26.3224],[78.2214,26.3105],[78.1512,26.3357],[78.1461,26.3454],[78.1142,26.3446],[78.105,26.3328],[78.0672,26.3354],[78.0603,26.321],[78.0197,26.3174],[77.995,26.3272],[77.9958,26.2898],[77.9776,26.2574],[77.9519,26.2653],[77.9384,26.2583],[77.9042,26.2588],[77.8939,26.2384],[77.866,26.2365],[77.8561,26.22],[77.8296,26.2358],[77.8365,26.2574],[77.8077,26.2609],[77.7898,26.2339],[77.7739,26.2269],[77.7637,26.1894],[77.7369,26.169],[77.7348,26.134],[77.7424,26.1212],[77.7649,26.1217],[77.7541,26.0916],[77.7672,26.0565],[77.7536,26.0459],[77.7226,26.0552],[77.6973,26.0165],[77.6653,25.9849],[77.6616,25.9705],[77.6701,25.9215],[77.686,25.9134],[77.6908,25.8937],[77.7058,25.8841],[77.7386,25.8877],[77.7392,25.8683],[77.7543,25.8575],[77.7758,25.8611],[77.7909,25.8298],[77.8107,25.8207],[77.8484,25.8178],[77.8607,25.809],[77.8675,25.7836],[77.8689,25.7455],[77.9111,25.7588],[77.9507,25.754],[77.9932,25.7707],[77.9888,25.7458],[78.0217,25.7244],[78.0514,25.7163],[78.1326,25.7285],[78.1542,25.7249],[78.1702,25.7436],[78.2069,25.744],[78.2598,25.7862],[78.2737,25.7864],[78.3145,25.7995],[78.3106,25.8228],[78.3336,25.8393],[78.3827,25.8409],[78.3807,25.8555],[78.4593,25.9099],[78.4802,25.9684],[78.5336,25.9802],[78.5751,26.0107],[78.6004,26.0529],[78.6252,26.0571],[78.6337,26.0892],[78.6002,26.1047],[78.6084,26.1368],[78.6319,26.1341],[78.6212,26.1624]]]},"properties":{"NAME_1":"Madhya Pradesh","NAME_2":"Gwalior"}},{"type":"Feature","geometry":{"type":"Polygon","coordinates":[[[77.2043,22.5668],[77.1921,22.5789],[77.1884,22.5799],[77.1805,22.5829],[77.1763,22.5846],[77.1673,22.587],[77.1552,22.5878],[77.145,22.5836],[77.14,22.5795],[77.1294,22.5689],[77.1221,22.563],[77.1203,22.5627],[77.1123,22.5542],[77.0996,22.5408],[77.0674,22.5153],[77.0257,22.5029],[76.9997,22.5018],[76.9888,22.4986],[76.9849,22.4979],[76.9819,22.4977],[76.9682,22.4968],[76.9597,22.4975],[76.9261,22.4963],[76.9136,22.4938],[76.8983,22.4899],[76.8848,22.4833],[76.8766,22.4787],[76.8569,22.4651],[76.8556,22.4632],[76.8481,22.4592],[76.8394,22.4565],[76.8285,22.454],[76.8223,22.4528],[76.8116,22.4474],[76.8066,22.4426],[76.7921,22.4352],[76.787,22.4319],[76.7864,22.4231],[76.787,22.4199],[76.7888,22.4153],[76.7885,22.4044],[76.7858,22.3984],[76.7837,22.3928],[76.7813,22.3851],[76.7805,22.3819],[76.7796,22.3765],[76.7802,22.3738],[76.7813,22.3701],[76.7824,22.3651],[76.7811,22.3557],[76.7808,22.3534],[76.7797,22.3505],[76.7842,22.3486],[76.788,22.3472],[76.7904,22.346],[76.7945,22.3423],[76.8015,22.3398],[76.8157,22.3427],[76.8205,22.3385],[76.8216,22.3312],[76.8213,22.3212],[76.8302,22.324],[76.8315,22.3246],[76.8412,22.3331],[76.8482,22.3363],[76.8533,22.3331],[76.8564,22.3323],[76.8604,22.3303],[76.8626,22.3293],[76.8661,22.3273],[76.8671,22.3173],[76.8697,22.3146],[76.8777,22.3124],[76.8801,22.312],[76.884,22.3084],[76.8879,22.3051],[76.892,22.3025],[76.8868,22.299],[76.8838,22.293],[76.8783,22.2911],[76.8727,22.2908],[76.8725,22.2903],[76.8726,22.2855],[76.8729,22.2833],[76.8702,22.2777],[76.867,22.2752],[76.8642,22.2714],[76.8614,22.2696],[76.8559,22.2674],[76.8486,22.2636],[76.8419,22.261],[76.8536,22.2559],[76.851,22.2518],[76.8448,22.2426],[76.8458,22.2379],[76.8468,22.236],[76.8438,22.2288],[76.8416,22.2255],[76.8387,22.2172],[76.8383,22.213],[76.8378,22.1937],[76.8385,22.1914],[76.8442,22.1833],[76.8448,22.1798],[76.8427,22.1735],[76.8395,22.171],[76.8288,22.1654],[76.8281,22.1574],[76.8312,22.15],[76.8326,22.1453],[76.8341,22.1399],[76.8342,22.1375],[76.8363,22.1347],[76.8409,22.1354],[76.8452,22.1353],[76.8509,22.1334],[76.8605,22.137],[76.8617,22.1383],[76.8663,22.1383],[76.8649,22.1345],[76.8644,22.1316],[76.8644,22.1292],[76.8663,22.126],[76.8703,22.1241],[76.8711,22.1226],[76.8569,22.1169],[76.8539,22.1118],[76.8566,22.0981],[76.8533,22.0936],[76.8497,22.0921],[76.8455,22.0895],[76.8451,22.0819],[76.8444,22.0744],[76.8435,22.068],[76.8447,22.0599],[76.8469,22.057],[76.8499,22.0537],[76.8536,22.0463],[76.8539,22.0382],[76.8573,22.0341],[76.8642,22.032],[76.8696,22.0293],[76.8731,22.0209],[76.8752,22.0157],[76.8793,22.0112],[76.88,22.0072],[76.8762,22.003],[76.8775,21.9982],[76.8781,21.9944],[76.8856,21.9873],[76.8894,21.9872],[76.893,21.9883],[76.9002,21.9916],[76.9023,21.9937],[76.9035,21.9971],[76.9069,22.009],[76.9147,22.0107],[76.9208,22.0097],[76.9233,22.0082],[76.9248,22.0074],[76.9268,22.0007],[76.9296,21.9981],[76.9323,21.9939],[76.9368,21.9951],[76.938,21.9961],[76.9386,22.0065],[76.9462,22.0099],[76.9478,22.0109],[76.9541,22.0116],[76.9586,22.0109],[76.9636,22.0101],[76.9664,22.0101],[76.967,22.0103],[76.9738,22.0102],[76.9769,22.0092],[76.9781,22.0087],[76.9801,21.9934],[76.9856,21.9899],[76.9883,21.988],[76.989,21.9872],[77.013,21.9851],[77.022,21.9938],[77.0321,21.9939],[77.0424,21.9902],[77.065,21.9844],[77.0745,21.9846],[77.1338,21.9956],[77.1637,21.9772],[77.1701,21.958],[77.1888,21.948],[77.2187,21.9171],[77.2159,21.9079],[77.2384,21.9129],[77.2464,21.9188],[77.2505,21.9302],[77.2564,21.9399],[77.2674,21.959],[77.2814,21.9662],[77.3318,21.9748],[77.3601,21.986],[77.3769,21.9948],[77.3874,22.0112],[77.3866,22.0142],[77.3936,22.0277],[77.4085,22.0273],[77.4373,22.0268],[77.4433,22.027],[77.453,22.0273],[77.4633,22.0294],[77.4903,22.0346],[77.4953,22.0385],[77.4953,22.0446],[77.4961,22.0484],[77.498,22.0567],[77.4983,22.0581],[77.4951,22.061],[77.4949,22.0675],[77.498,22.0752],[77.4822,22.081],[77.4774,22.0824],[77.4715,22.0861],[77.4607,22.0871],[77.4551,22.0844],[77.4523,22.0857],[77.451,22.0909],[77.4515,22.094],[77.4546,22.099],[77.454,22.105],[77.4551,22.1111],[77.46,22.1158],[77.4639,22.1241],[77.4568,22.138],[77.4585,22.1446],[77.4602,22.1547],[77.4636,22.1641],[77.4629,22.17],[77.4559,22.1746],[77.444,22.1766],[77.4369,22.1758],[77.4222,22.1761],[77.4104,22.1814],[77.4046,22.1916],[77.401,22.1967],[77.3868,22.209],[77.3769,22.2178],[77.3591,22.2211],[77.3538,22.2375],[77.3525,22.252],[77.3518,22.2582],[77.355,22.2764],[77.3456,22.2968],[77.344,22.305],[77.3503,22.3174],[77.3393,22.3256],[77.3366,22.332],[77.3292,22.3381],[77.3238,22.3433],[77.3191,22.3478],[77.3128,22.3489],[77.3124,22.3503],[77.3052,22.3614],[77.3103,22.3806],[77.3082,22.3829],[77.3061,22.3959],[77.305,22.4011],[77.2984,22.4127],[77.2943,22.4172],[77.2935,22.4265],[77.2962,22.4314],[77.2945,22.4424],[77.288,22.4394],[77.2721,22.4466],[77.2737,22.4501],[77.277,22.4655],[77.2743,22.4714],[77.2723,22.4844],[77.2747,22.4998],[77.2725,22.5064],[77.2546,22.5239],[77.2425,22.5322],[77.2589,22.539],[77.2624,22.5419],[77.2535,22.5543],[77.2497,22.5581],[77.2323,22.5568],[77.2119,22.5604],[77.2043,22.5668]]]},"properties":{"NAME_1":"Madhya Pradesh","NAME_2":"Harda"}},{"type":"Feature","geometry":{"type":"Polygon","coordinates":[[[78.6743,22.7022],[78.6731,22.7346],[78.6916,22.7667],[78.67,22.7799],[78.638,22.7636],[78.6255,22.7689],[78.626,22.7935],[78.5834,22.8265],[78.5939,22.8537],[78.5756,22.8951],[78.5826,22.9134],[78.5662,22.9587],[78.5284,22.9644],[78.5092,22.9577],[78.4809,22.9691],[78.4632,22.9616],[78.437,22.9883],[78.3912,22.9656],[78.3568,22.9285],[78.3201,22.9211],[78.2755,22.8717],[78.2546,22.8786],[78.2339,22.8703],[78.2088,22.8951],[78.1868,22.8904],[78.1755,22.8732],[78.132,22.8482],[78.1217,22.8331],[78.1214,22.8085],[78.0986,22.7933],[78.0676,22.8144],[78.0244,22.806],[77.9937,22.8216],[77.9611,22.8196],[77.9339,22.8034],[77.9353,22.773],[77.9057,22.7696],[77.9047,22.8099],[77.9255,22.8381],[77.9145,22.8516],[77.8764,22.8232],[77.8569,22.838],[77.8639,22.8587],[77.8369,22.8642],[77.8174,22.8469],[77.7895,22.8348],[77.7712,22.7904],[77.73,22.7582],[77.6851,22.763],[77.6675,22.7377],[77.6519,22.733],[77.6309,22.7469],[77.615,22.7453],[77.5863,22.7025],[77.5762,22.6793],[77.5617,22.6714],[77.5243,22.6705],[77.5016,22.6512],[77.4502,22.649],[77.4298,22.6291],[77.384,22.6121],[77.366,22.6151],[77.3459,22.6019],[77.3356,22.5757],[77.3149,22.5652],[77.2792,22.5766],[77.264,22.611],[77.2437,22.6032],[77.2037,22.5719],[77.2043,22.5668],[77.2119,22.5604],[77.2323,22.5568],[77.2497,22.5581],[77.2535,22.5543],[77.2624,22.5419],[77.2589,22.539],[77.2425,22.5322],[77.2546,22.5239],[77.2725,22.5064],[77.2747,22.4998],[77.2723,22.4844],[77.2743,22.4714],[77.277,22.4655],[77.2737,22.4501],[77.2721,22.4466],[77.288,22.4394],[77.2945,22.4424],[77.2962,22.4314],[77.2935,22.4265],[77.2943,22.4172],[77.2984,22.4127],[77.305,22.4011],[77.3061,22.3959],[77.3082,22.3829],[77.3103,22.3806],[77.3052,22.3614],[77.3124,22.3503],[77.3128,22.3489],[77.3191,22.3478],[77.3238,22.3433],[77.3292,22.3381],[77.3366,22.332],[77.3393,22.3256],[77.3503,22.3174],[77.344,22.305],[77.3456,22.2968],[77.355,22.2764],[77.3518,22.2582],[77.3525,22.252],[77.3529,22.2521],[77.376,22.2511],[77.382,22.2293],[77.4397,22.2218],[77.4501,22.2523],[77.4759,22.2617],[77.4969,22.283],[77.4966,22.3104],[77.5404,22.3579],[77.549,22.3398],[77.5792,22.3459],[77.6108,22.3343],[77.6341,22.3128],[77.6704,22.3133],[77.6762,22.3249],[77.7387,22.3212],[77.7548,22.3438],[77.7673,22.3318],[77.7909,22.3315],[77.8335,22.3596],[77.8573,22.3487],[77.8523,22.2981],[77.875,22.2833],[77.8917,22.303],[77.9317,22.3298],[77.9633,22.3282],[77.9838,22.3202],[78.0037,22.335],[78.0316,22.3326],[78.0882,22.3614],[78.114,22.3693],[78.1478,22.3887],[78.1809,22.3997],[78.2485,22.3988],[78.2683,22.4048],[78.2783,22.4172],[78.3161,22.4271],[78.387,22.417],[78.4202,22.3859],[78.4561,22.3825],[78.4776,22.387],[78.5197,22.4197],[78.5569,22.4308],[78.5487,22.4563],[78.5118,22.4791],[78.531,22.5007],[78.5431,22.5348],[78.4957,22.5955],[78.4944,22.6371],[78.5175,22.6671],[78.5386,22.6607],[78.5783,22.6642],[78.6122,22.6583],[78.6318,22.6864],[78.6743,22.7022]]]},"properties":{"NAME_1":"Madhya Pradesh","NAME_2":"Hoshangabad"}},{"type":"Feature","geometry":{"type":"Polygon","coordinates":[[[75.8992,23.0038],[75.8726,23.0417],[75.8472,23.0355],[75.8117,23.0444],[75.7673,23.0324],[75.7367,23.0386],[75.7299,23.0199],[75.711,23.0246],[75.673,23.0212],[75.6339,23.0239],[75.6189,23.0613],[75.6281,23.0872],[75.6079,23.0934],[75.5668,23.0894],[75.5661,23.0683],[75.5089,23.0235],[75.5073,23.0084],[75.4791,23.0053],[75.4801,22.9709],[75.4637,22.9671],[75.4555,22.9448],[75.4766,22.9431],[75.4402,22.9107],[75.4376,22.8727],[75.4436,22.8649],[75.4232,22.8307],[75.4251,22.8126],[75.441,22.7977],[75.4372,22.7764],[75.4886,22.7649],[75.4791,22.737],[75.5089,22.7341],[75.5153,22.7101],[75.5085,22.6977],[75.527,22.6349],[75.5634,22.6397],[75.5679,22.6584],[75.5857,22.6616],[75.6041,22.6363],[75.6606,22.6389],[75.7139,22.6223],[75.6783,22.5838],[75.6318,22.5628],[75.5927,22.5589],[75.5982,22.5263],[75.5716,22.5154],[75.5639,22.4908],[75.5718,22.4561],[75.5625,22.4257],[75.5453,22.4133],[75.5591,22.3778],[75.5736,22.3797],[75.6209,22.3428],[75.6773,22.3489],[75.7206,22.3721],[75.75,22.3638],[75.7724,22.3699],[75.8376,22.4057],[75.8553,22.3837],[75.8775,22.3832],[75.9108,22.3939],[75.9164,22.4244],[75.9742,22.4404],[76.0092,22.423],[76.0153,22.4429],[76.0575,22.4647],[76.054,22.4809],[76.0273,22.4991],[76.03,22.5319],[76.0613,22.5355],[76.0781,22.5288],[76.0858,22.5506],[76.0884,22.5905],[76.14,22.6062],[76.1612,22.6258],[76.1819,22.6204],[76.1985,22.6283],[76.229,22.6204],[76.2439,22.6468],[76.2109,22.6657],[76.1892,22.6931],[76.1577,22.6919],[76.1298,22.7031],[76.1021,22.7046],[76.0572,22.8028],[76.0353,22.8311],[76.0315,22.8475],[76.0031,22.8633],[75.9841,22.8899],[75.9781,22.9253],[75.8992,23.0038]]]},"properties":{"NAME_1":"Madhya Pradesh","NAME_2":"Indore"}},{"type":"Feature","geometry":{"type":"Polygon","coordinates":[[[80.5372,23.3921],[80.5173,23.3804],[80.4787,23.3921],[80.453,23.3486],[80.4274,23.3498],[80.3815,23.3395],[80.3579,23.3293],[80.3615,23.309],[80.3198,23.3049],[80.3209,23.3155],[80.2952,23.3331],[80.2955,23.3521],[80.2729,23.3585],[80.2687,23.3308],[80.1928,23.3371],[80.1684,23.3208],[80.1623,23.3029],[80.1123,23.3384],[80.1051,23.3212],[80.0668,23.3475],[80.0296,23.3555],[80.0113,23.3431],[79.97,23.3492],[79.9532,23.3646],[79.9363,23.3994],[79.9214,23.3996],[79.8826,23.3637],[79.8665,23.3663],[79.851,23.4244],[79.8376,23.4481],[79.8036,23.444],[79.7949,23.4679],[79.7536,23.4352],[79.7309,23.427],[79.7103,23.391],[79.6976,23.3886],[79.6884,23.3589],[79.6538,23.3344],[79.5584,23.2808],[79.5332,23.2639],[79.5052,23.2679],[79.4357,23.2161],[79.4191,23.1951],[79.3656,23.1671],[79.3503,23.1433],[79.3451,23.1081],[79.3739,23.1133],[79.4011,23.101],[79.4318,23.1083],[79.454,23.0988],[79.4772,23.1222],[79.5129,23.1442],[79.5705,23.1303],[79.5972,23.0914],[79.6012,23.0665],[79.5895,23.0464],[79.5872,23.0216],[79.6328,22.98],[79.6165,22.9573],[79.6453,22.9279],[79.7162,22.9228],[79.744,22.916],[79.7383,22.9022],[79.77,22.8808],[79.7539,22.8592],[79.7752,22.8472],[79.7929,22.8632],[79.8312,22.8333],[79.8426,22.8327],[79.8624,22.8565],[79.8935,22.865],[79.9017,22.8476],[79.9208,22.8582],[79.9573,22.8547],[79.9658,22.922],[79.9482,22.9391],[79.9525,22.9551],[80.0021,22.9849],[79.9889,23.0281],[80.0276,23.0382],[80.0786,23.078],[80.1015,23.078],[80.1043,23.0554],[80.1581,23.0491],[80.1692,23.0286],[80.1848,23.0365],[80.1748,23.0615],[80.1962,23.0705],[80.1734,23.1178],[80.2394,23.1499],[80.2704,23.1487],[80.2675,23.1313],[80.3028,23.0987],[80.3279,23.1077],[80.3499,23.139],[80.3815,23.1471],[80.3933,23.1744],[80.407,23.173],[80.4237,23.1418],[80.4518,23.1459],[80.4529,23.1319],[80.5042,23.1091],[80.5038,23.0818],[80.5182,23.0806],[80.5221,23.0842],[80.5198,23.1038],[80.521,23.1076],[80.5366,23.1084],[80.5451,23.1134],[80.5606,23.1237],[80.5685,23.1279],[80.5734,23.1331],[80.5729,23.1418],[80.5513,23.1531],[80.5479,23.1685],[80.5452,23.1695],[80.5158,23.1588],[80.5089,23.1705],[80.4729,23.2002],[80.4957,23.2098],[80.5005,23.2204],[80.5114,23.2378],[80.5142,23.2462],[80.5165,23.2592],[80.5278,23.261],[80.5415,23.2732],[80.5591,23.272],[80.563,23.2803],[80.5646,23.2839],[80.5743,23.2851],[80.577,23.2899],[80.5764,23.31],[80.5638,23.3275],[80.5663,23.3389],[80.5669,23.354],[80.5347,23.3663],[80.5505,23.3797],[80.5372,23.3921]]]},"properties":{"NAME_1":"Madhya Pradesh","NAME_2":"Jabalpur"}},{"type":"Feature","geometry":{"type":"Polygon","coordinates":[[[75.0098,23.1138],[74.9924,23.1122],[74.9909,23.1421],[74.9423,23.1517],[74.9179,23.1616],[74.8863,23.1375],[74.8482,23.1444],[74.8204,23.1353],[74.7816,23.15],[74.7731,23.1881],[74.7867,23.1987],[74.7843,23.2402],[74.741,23.2293],[74.7457,23.2121],[74.7155,23.1947],[74.6692,23.2015],[74.6547,23.182],[74.6081,23.1448],[74.5457,23.1321],[74.5354,23.1015],[74.5123,23.0888],[74.4672,23.0853],[74.4332,23.1057],[74.3912,23.112],[74.3611,23.0903],[74.3479,23.0708],[74.3228,23.0627],[74.3277,23.0427],[74.3492,23.0302],[74.3554,23.0031],[74.3708,22.9801],[74.3416,22.9647],[74.3816,22.9099],[74.4004,22.8994],[74.4187,22.9184],[74.4515,22.924],[74.4628,22.9135],[74.4789,22.8586],[74.4649,22.8151],[74.4392,22.8094],[74.4392,22.7856],[74.4031,22.7307],[74.3969,22.6921],[74.3849,22.6696],[74.3842,22.6436],[74.364,22.6365],[74.3281,22.6442],[74.2946,22.6414],[74.2782,22.6477],[74.2564,22.6357],[74.2367,22.6139],[74.2138,22.5674],[74.1575,22.5322],[74.1533,22.5174],[74.1276,22.5244],[74.0843,22.5496],[74.0667,22.5509],[74.0446,22.5421],[74.0436,22.5168],[74.0853,22.5085],[74.0781,22.4656],[74.1002,22.4692],[74.1051,22.4334],[74.123,22.4208],[74.1407,22.4539],[74.156,22.4399],[74.1867,22.4442],[74.1827,22.4645],[74.2045,22.4667],[74.2046,22.4372],[74.2373,22.4393],[74.2641,22.4246],[74.2739,22.393],[74.2402,22.3768],[74.227,22.3585],[74.1983,22.343],[74.1911,22.3219],[74.1343,22.3323],[74.1291,22.3527],[74.112,22.3716],[74.072,22.3602],[74.0592,22.2857],[74.0783,22.2682],[74.0758,22.2219],[74.1228,22.2129],[74.1266,22.1321],[74.1326,22.0963],[74.1702,22.1013],[74.163,22.0606],[74.1378,22.0535],[74.1012,22.0183],[74.1003,22.0016],[74.1538,21.9864],[74.146,21.9541],[74.1718,21.9451],[74.2006,21.9256],[74.2923,21.9373],[74.3014,21.9668],[74.3456,21.9752],[74.3782,22.0022],[74.3883,22.0202],[74.4355,22.031],[74.4886,22.0465],[74.5061,22.0464],[74.496,22.0654],[74.5173,22.1019],[74.4812,22.0963],[74.4765,22.1146],[74.5374,22.1167],[74.5304,22.1448],[74.506,22.1567],[74.4993,22.1757],[74.5183,22.2024],[74.516,22.2214],[74.5307,22.2389],[74.5486,22.2361],[74.5684,22.2466],[74.592,22.2438],[74.6041,22.2705],[74.6495,22.2746],[74.6662,22.3062],[74.6449,22.3055],[74.6258,22.3316],[74.6347,22.3646],[74.653,22.3723],[74.6868,22.3638],[74.6954,22.3701],[74.6935,22.4158],[74.7168,22.4256],[74.7401,22.4515],[74.7156,22.4656],[74.7137,22.4958],[74.7285,22.5056],[74.72,22.5331],[74.7328,22.5548],[74.7842,22.5814],[74.7979,22.6598],[74.7859,22.6767],[74.7785,22.721],[74.7665,22.7498],[74.7946,22.7625],[74.8269,22.7518],[74.9046,22.7596],[74.9085,22.775],[74.9401,22.7937],[74.9542,22.8098],[74.9625,22.847],[74.9871,22.8684],[74.9903,22.8965],[75.0043,22.9144],[75.0088,22.9434],[75.0071,23.0196],[75.0144,23.0465],[75.0071,23.0679],[75.0129,23.0844],[75.0098,23.1138]]]},"properties":{"NAME_1":"Madhya Pradesh","NAME_2":"Jhabua"}},{"type":"Feature","geometry":{"type":"Polygon","coordinates":[[[80.9506,24.0692],[80.8906,24.0707],[80.8793,24.0857],[80.8587,24.0778],[80.8552,24.0598],[80.8328,24.0289],[80.8018,24.0192],[80.7928,23.9762],[80.7764,23.9748],[80.7536,23.9928],[80.7604,24.0148],[80.7508,24.0322],[80.7919,24.0476],[80.7932,24.0701],[80.7509,24.0667],[80.7353,24.0753],[80.7069,24.0727],[80.6925,24.0889],[80.7136,24.0981],[80.7381,24.1196],[80.7306,24.1382],[80.7118,24.134],[80.6704,24.1124],[80.6531,24.0956],[80.5957,24.0692],[80.5714,24.0528],[80.5474,24.0578],[80.5278,24.0717],[80.5092,24.0522],[80.5256,24.0331],[80.4778,23.9984],[80.4402,23.9876],[80.4132,23.9885],[80.377,23.9683],[80.3503,23.9701],[80.3334,23.9388],[80.3026,23.9166],[80.2542,23.9437],[80.2208,23.9536],[80.2285,23.9785],[80.1991,23.9987],[80.1679,24.0038],[80.1496,23.9473],[80.1121,23.9567],[80.1096,23.975],[80.088,23.9875],[80.0768,23.98],[80.0529,23.9963],[80.008,23.9792],[79.964,23.8657],[79.9341,23.8319],[79.895,23.8226],[79.8592,23.8321],[79.8232,23.77],[79.8134,23.743],[79.8212,23.7003],[79.853,23.6974],[79.8958,23.6822],[79.9297,23.6809],[79.9455,23.6676],[79.9349,23.6225],[79.914,23.5877],[79.8991,23.5848],[79.8719,23.5523],[79.8438,23.5082],[79.8216,23.5152],[79.7949,23.4679],[79.8036,23.444],[79.8376,23.4481],[79.851,23.4244],[79.8665,23.3663],[79.8826,23.3637],[79.9214,23.3996],[79.9363,23.3994],[79.9532,23.3646],[79.97,23.3492],[80.0113,23.3431],[80.0296,23.3555],[80.0668,23.3475],[80.1051,23.3212],[80.1123,23.3384],[80.1623,23.3029],[80.1684,23.3208],[80.1928,23.3371],[80.2687,23.3308],[80.2729,23.3585],[80.2955,23.3521],[80.2952,23.3331],[80.3209,23.3155],[80.3198,23.3049],[80.3615,23.309],[80.3579,23.3293],[80.3815,23.3395],[80.4274,23.3498],[80.453,23.3486],[80.4787,23.3921],[80.5173,23.3804],[80.5372,23.3921],[80.526,23.4037],[80.5237,23.4184],[80.5324,23.4367],[80.5412,23.4405],[80.5505,23.4389],[80.5563,23.4526],[80.5564,23.4622],[80.5464,23.4844],[80.5386,23.4952],[80.5419,23.5223],[80.5464,23.5328],[80.545,23.5477],[80.5529,23.5645],[80.5608,23.5704],[80.5805,23.5796],[80.59,23.5783],[80.5937,23.5888],[80.602,23.5889],[80.6052,23.5886],[80.6169,23.6182],[80.6343,23.6278],[80.636,23.6446],[80.6361,23.6512],[80.6491,23.6574],[80.6647,23.6792],[80.6629,23.6949],[80.6709,23.7106],[80.6747,23.7234],[80.6801,23.7348],[80.6886,23.7379],[80.6962,23.7374],[80.6997,23.7386],[80.7029,23.7634],[80.7061,23.7637],[80.7136,23.7545],[80.7182,23.7409],[80.7224,23.7349],[80.728,23.7299],[80.7638,23.7098],[80.7659,23.708],[80.7695,23.7024],[80.7779,23.7004],[80.7947,23.6903],[80.8082,23.6821],[80.8142,23.6718],[80.833,23.6743],[80.8487,23.6739],[80.8735,23.6807],[80.8948,23.6816],[80.8976,23.7011],[80.8979,23.7105],[80.8938,23.7157],[80.8931,23.7261],[80.8871,23.7572],[80.8849,23.7641],[80.886,23.771],[80.9058,23.7891],[80.9004,23.7976],[80.8986,23.8074],[80.8985,23.8138],[80.8902,23.8323],[80.887,23.8633],[80.8549,23.8809],[80.8592,23.8932],[80.861,23.9079],[80.8351,23.9101],[80.8334,23.9368],[80.8297,23.9589],[80.8348,23.9669],[80.8473,23.9689],[80.8643,23.9683],[80.8713,23.9756],[80.8667,23.9856],[80.8814,24.0014],[80.8862,24.0114],[80.8885,24.0147],[80.8971,24.0379],[80.9117,24.0458],[80.9284,24.0467],[80.9312,24.0489],[80.9228,24.0526],[80.9362,24.0625],[80.9477,24.0661],[80.9506,24.0692]]]},"properties":{"NAME_1":"Madhya Pradesh","NAME_2":"Katni"}},{"type":"Feature","geometry":{"type":"Polygon","coordinates":[[[80.5182,23.0806],[80.5038,23.0818],[80.5042,23.1091],[80.4529,23.1319],[80.4518,23.1459],[80.4237,23.1418],[80.407,23.173],[80.3933,23.1744],[80.3815,23.1471],[80.3499,23.139],[80.3279,23.1077],[80.3028,23.0987],[80.2675,23.1313],[80.2704,23.1487],[80.2394,23.1499],[80.1734,23.1178],[80.1962,23.0705],[80.1748,23.0615],[80.1848,23.0365],[80.1692,23.0286],[80.1581,23.0491],[80.1043,23.0554],[80.1015,23.078],[80.0786,23.078],[80.0276,23.0382],[79.9889,23.0281],[80.0021,22.9849],[79.9525,22.9551],[79.9482,22.9391],[79.9658,22.922],[79.9573,22.8547],[79.975,22.8333],[79.9981,22.8279],[80.0144,22.7959],[80.0364,22.7837],[80.0539,22.763],[80.0678,22.7602],[80.0964,22.7729],[80.1783,22.768],[80.1999,22.7824],[80.2089,22.8031],[80.262,22.7961],[80.2758,22.7847],[80.2786,22.7338],[80.2739,22.7229],[80.2335,22.7182],[80.2316,22.709],[80.2276,22.6993],[80.2333,22.691],[80.2298,22.6776],[80.2249,22.6747],[80.2051,22.6736],[80.1889,22.6535],[80.2011,22.6387],[80.2095,22.6304],[80.2015,22.6159],[80.1922,22.608],[80.1538,22.6018],[80.1401,22.6161],[80.1269,22.6161],[80.1164,22.6179],[80.1063,22.6288],[80.0595,22.6093],[80.0416,22.6066],[80.0265,22.6017],[80.0127,22.5988],[80.0033,22.5892],[79.9985,22.5783],[79.9859,22.5815],[79.9718,22.5677],[79.9584,22.568],[79.9474,22.5586],[79.9875,22.5478],[79.9998,22.5529],[80.0061,22.5462],[80.0201,22.5462],[80.0254,22.5442],[80.0291,22.5347],[80.0196,22.5217],[80.0195,22.5052],[80.0283,22.5036],[80.0309,22.5032],[80.0426,22.4817],[80.0459,22.4631],[80.0618,22.4559],[80.0648,22.4538],[80.072,22.4327],[80.0852,22.4086],[80.0692,22.3965],[80.0642,22.3779],[80.0725,22.3555],[80.0883,22.342],[80.102,22.3464],[80.1436,22.3494],[80.1633,22.3451],[80.1617,22.3347],[80.1626,22.3285],[80.1726,22.3279],[80.1944,22.3201],[80.2071,22.3159],[80.2106,22.3113],[80.2253,22.3048],[80.2294,22.3019],[80.2652,22.3111],[80.2955,22.3389],[80.3069,22.345],[80.3187,22.3459],[80.3275,22.3406],[80.338,22.3296],[80.3293,22.3065],[80.3415,22.3],[80.3646,22.3036],[80.3761,22.3087],[80.3951,22.3013],[80.4125,22.2815],[80.4115,22.2465],[80.4316,22.2473],[80.4448,22.2644],[80.458,22.2801],[80.4777,22.2777],[80.4843,22.2721],[80.5,22.2756],[80.504,22.2725],[80.509,22.2655],[80.5136,22.2641],[80.522,22.2455],[80.5291,22.2414],[80.5763,22.2313],[80.5949,22.2328],[80.6032,22.2284],[80.6399,22.2273],[80.6517,22.2222],[80.6664,22.2164],[80.6775,22.213],[80.6927,22.2054],[80.7042,22.2061],[80.721,22.218],[80.7175,22.2338],[80.6974,22.2513],[80.7124,22.2742],[80.7385,22.2919],[80.7472,22.3033],[80.7665,22.3154],[80.7805,22.3135],[80.7859,22.352],[80.7921,22.3667],[80.7879,22.3723],[80.7906,22.3804],[80.7886,22.3941],[80.7922,22.3977],[80.8381,22.3831],[80.8463,22.3843],[80.8547,22.3792],[80.8587,22.3649],[80.8664,22.3587],[80.8718,22.358],[80.8838,22.3517],[80.8854,22.35],[80.8964,22.3646],[80.9067,22.3914],[80.8861,22.4202],[80.8634,22.4367],[80.8923,22.4697],[80.9396,22.5027],[80.9685,22.5212],[80.9617,22.5431],[80.9509,22.5594],[80.9398,22.5558],[80.9284,22.574],[80.9348,22.5865],[80.9585,22.5912],[80.9597,22.5935],[80.9757,22.6119],[80.9929,22.6203],[80.9929,22.6423],[80.9577,22.6443],[80.9578,22.6379],[80.9489,22.641],[80.9383,22.667],[80.9362,22.6753],[80.9175,22.6822],[80.9213,22.7071],[80.9104,22.7124],[80.9342,22.7433],[80.9209,22.755],[80.8748,22.7592],[80.8629,22.7638],[80.862,22.8074],[80.8504,22.822],[80.8594,22.8393],[80.8647,22.85],[80.8502,22.8525],[80.8373,22.8526],[80.8276,22.851],[80.8238,22.846],[80.819,22.8344],[80.7715,22.8179],[80.7525,22.8143],[80.7409,22.8164],[80.7247,22.8141],[80.7232,22.8223],[80.723,22.8328],[80.7212,22.8364],[80.723,22.8393],[80.7359,22.8458],[80.729,22.8579],[80.7265,22.8594],[80.7115,22.8633],[80.7052,22.8567],[80.6836,22.8502],[80.6774,22.8507],[80.6768,22.8408],[80.6756,22.8385],[80.663,22.8386],[80.6512,22.8406],[80.6343,22.8531],[80.5786,22.8625],[80.5683,22.8687],[80.5654,22.8771],[80.5667,22.89],[80.5791,22.923],[80.5791,22.9621],[80.5523,23.0322],[80.5182,23.0806]]]},"properties":{"NAME_1":"Madhya Pradesh","NAME_2":"Mandla"}},{"type":"Feature","geometry":{"type":"Polygon","coordinates":[[[75.7862,24.7655],[75.7418,24.7604],[75.68,24.7278],[75.6592,24.7017],[75.6133,24.6884],[75.5819,24.7227],[75.5485,24.7156],[75.5724,24.6801],[75.6032,24.6634],[75.5788,24.6531],[75.5723,24.635],[75.5875,24.6211],[75.5857,24.5899],[75.5928,24.554],[75.5791,24.5159],[75.5599,24.5122],[75.5275,24.4879],[75.497,24.4535],[75.4845,24.4245],[75.4611,24.4118],[75.4531,24.3966],[75.4286,24.3793],[75.426,24.3581],[75.3729,24.34],[75.3566,24.342],[75.3477,24.3602],[75.2604,24.3365],[75.2421,24.3418],[75.2129,24.3318],[75.1216,24.3583],[75.1085,24.3774],[75.062,24.3614],[75.0323,24.3924],[75.0086,24.3892],[75.0004,24.3763],[74.959,24.3551],[74.9535,24.3343],[74.9641,24.3084],[74.9041,24.2459],[74.9059,24.2337],[74.8802,24.2165],[74.9003,24.1743],[74.9275,24.1572],[74.9391,24.1211],[74.9595,24.1101],[74.9652,24.0827],[74.9794,24.072],[74.9812,24.041],[74.993,24.0297],[74.9722,24.0036],[74.9633,23.9737],[74.9415,23.9605],[74.9146,23.9125],[74.9052,23.8681],[74.9158,23.8457],[74.9103,23.8008],[74.9276,23.7983],[74.9399,23.7659],[74.9582,23.7685],[74.9705,23.7974],[74.9957,23.7976],[75.0193,23.8122],[75.0247,23.7873],[75.0504,23.7941],[75.0503,23.8267],[75.0876,23.8185],[75.0997,23.8281],[75.1304,23.8334],[75.1982,23.8318],[75.2161,23.8556],[75.2336,23.8652],[75.2509,23.8435],[75.2988,23.8556],[75.3317,23.8424],[75.3222,23.8128],[75.3433,23.809],[75.3715,23.8732],[75.4065,23.8873],[75.429,23.9123],[75.4565,23.9207],[75.4648,23.9807],[75.4918,24.0046],[75.5144,24.0487],[75.5319,24.0315],[75.5717,24.0174],[75.5693,23.9994],[75.6347,23.9998],[75.6415,24.0184],[75.6692,24.0335],[75.6858,24.0179],[75.6835,23.9982],[75.7004,23.9691],[75.7355,23.9806],[75.7378,23.9953],[75.762,23.998],[75.7802,24.0363],[75.7796,24.0621],[75.8295,24.072],[75.8306,24.1079],[75.8122,24.1029],[75.7896,24.1098],[75.7787,24.1347],[75.7435,24.1396],[75.7735,24.2209],[75.8053,24.2297],[75.8125,24.2607],[75.813,24.3007],[75.7974,24.3143],[75.7651,24.3107],[75.7379,24.348],[75.7358,24.4034],[75.7553,24.4093],[75.7564,24.4277],[75.7861,24.4584],[75.7911,24.4752],[75.8151,24.4651],[75.8125,24.4368],[75.829,24.4225],[75.8612,24.4233],[75.9034,24.4461],[75.9118,24.4924],[75.9055,24.5053],[75.922,24.5273],[75.9205,24.5438],[75.907,24.5505],[75.9111,24.5771],[75.8844,24.5817],[75.8741,24.6071],[75.8525,24.6143],[75.8439,24.6693],[75.8282,24.6682],[75.842,24.7175],[75.8388,24.7299],[75.7862,24.7655]]]},"properties":{"NAME_1":"Madhya Pradesh","NAME_2":"Mandsaur"}},{"type":"Feature","geometry":{"type":"Polygon","coordinates":[[[78.535,26.7717],[78.5156,26.7851],[78.4581,26.7952],[78.4259,26.8323],[78.3856,26.8279],[78.3625,26.8713],[78.3412,26.874],[78.2821,26.8641],[78.2678,26.8497],[78.2556,26.8203],[78.223,26.8372],[78.2098,26.8361],[78.1609,26.827],[78.1794,26.8012],[78.1458,26.7917],[78.119,26.8026],[78.0954,26.7894],[78.0957,26.7718],[78.1117,26.7497],[78.0891,26.7381],[78.0881,26.6867],[78.0754,26.6782],[78.0491,26.6898],[77.9922,26.7026],[77.9688,26.6766],[77.9399,26.6627],[77.9036,26.6662],[77.8909,26.6545],[77.8794,26.6203],[77.8424,26.6152],[77.8204,26.5998],[77.8247,26.5727],[77.813,26.5548],[77.767,26.5535],[77.7394,26.5427],[77.727,26.5154],[77.695,26.5009],[77.671,26.5097],[77.6267,26.483],[77.5991,26.4542],[77.5515,26.4406],[77.5229,26.4149],[77.475,26.4146],[77.4277,26.4069],[77.4397,26.3787],[77.4324,26.365],[77.4018,26.3687],[77.3859,26.3624],[77.3662,26.3715],[77.318,26.3464],[77.3082,26.315],[77.267,26.2762],[77.1945,26.236],[77.1649,26.2445],[77.1295,26.2397],[77.1094,26.2251],[77.1406,26.1951],[77.1395,26.1683],[77.1604,26.1763],[77.1927,26.1444],[77.2001,26.111],[77.2272,26.0854],[77.2434,26.09],[77.2686,26.1299],[77.3244,26.1508],[77.3939,26.1579],[77.4726,26.0944],[77.514,26.052],[77.5338,26.0458],[77.5453,26.0293],[77.5863,26.0212],[77.6057,26.0465],[77.6041,26.0678],[77.6342,26.0997],[77.6591,26.0991],[77.6613,26.0751],[77.6285,26.0714],[77.6279,26.0535],[77.6076,26.0355],[77.6154,26.0177],[77.6416,26.0142],[77.6339,25.9675],[77.5931,25.9653],[77.5587,25.9373],[77.5349,25.9494],[77.5379,25.9147],[77.5502,25.9073],[77.5921,25.9235],[77.6495,25.9164],[77.6701,25.9215],[77.6616,25.9705],[77.6653,25.9849],[77.6973,26.0165],[77.7226,26.0552],[77.7536,26.0459],[77.7672,26.0565],[77.7541,26.0916],[77.7649,26.1217],[77.7424,26.1212],[77.7348,26.134],[77.7369,26.169],[77.7637,26.1894],[77.7739,26.2269],[77.7898,26.2339],[77.8077,26.2609],[77.8365,26.2574],[77.8296,26.2358],[77.8561,26.22],[77.866,26.2365],[77.8939,26.2384],[77.9042,26.2588],[77.9384,26.2583],[77.9519,26.2653],[77.9776,26.2574],[77.9958,26.2898],[77.995,26.3272],[78.0197,26.3174],[78.0603,26.321],[78.0672,26.3354],[78.105,26.3328],[78.1142,26.3446],[78.1461,26.3454],[78.1512,26.3357],[78.2214,26.3105],[78.2541,26.3224],[78.2564,26.3433],[78.2543,26.3648],[78.279,26.3961],[78.2871,26.4203],[78.2815,26.4443],[78.2483,26.4487],[78.2074,26.5345],[78.2316,26.5497],[78.2603,26.5409],[78.2732,26.5817],[78.2939,26.5794],[78.3038,26.5566],[78.3433,26.5658],[78.363,26.5943],[78.3921,26.6086],[78.4027,26.5961],[78.4218,26.6148],[78.4328,26.6476],[78.4614,26.6544],[78.4544,26.6772],[78.4936,26.6781],[78.514,26.7148],[78.5061,26.7267],[78.5293,26.7394],[78.535,26.7717]]]},"properties":{"NAME_1":"Madhya Pradesh","NAME_2":"Morena"}},{"type":"Feature","geometry":{"type":"Polygon","coordinates":[[[79.1833,23.2231],[79.1762,23.1961],[79.1414,23.1742],[79.1014,23.183],[79.0907,23.2046],[79.0655,23.2052],[79.0251,23.1968],[78.9885,23.2157],[78.9751,23.201],[78.9249,23.2355],[78.8881,23.216],[78.8404,23.23],[78.8393,23.2425],[78.817,23.2546],[78.8016,23.2393],[78.8078,23.2148],[78.7963,23.1843],[78.7963,23.1523],[78.7854,23.1311],[78.7976,23.1138],[78.7906,23.0952],[78.7463,23.0772],[78.7206,23.0477],[78.6878,23.0398],[78.6631,23.0412],[78.6464,23.0288],[78.6175,23.0338],[78.5807,23.0144],[78.5395,23.0198],[78.4582,23.0075],[78.437,22.9883],[78.4632,22.9616],[78.4809,22.9691],[78.5092,22.9577],[78.5284,22.9644],[78.5662,22.9587],[78.5826,22.9134],[78.5756,22.8951],[78.5939,22.8537],[78.5834,22.8265],[78.626,22.7935],[78.6255,22.7689],[78.638,22.7636],[78.67,22.7799],[78.6916,22.7667],[78.6731,22.7346],[78.6743,22.7022],[78.6847,22.6565],[78.7044,22.6564],[78.7359,22.6265],[78.7785,22.6318],[78.7808,22.6528],[78.813,22.6582],[78.8352,22.6853],[78.8854,22.681],[78.9112,22.6707],[78.9169,22.6467],[78.9575,22.6224],[78.9884,22.6208],[79.0048,22.6314],[79.0123,22.6671],[79.0064,22.6817],[79.0212,22.7108],[79.0112,22.7421],[79.0388,22.7615],[79.0708,22.7464],[79.1162,22.768],[79.1315,22.7908],[79.1721,22.7886],[79.1877,22.8078],[79.2234,22.8176],[79.2348,22.8016],[79.2398,22.7542],[79.2548,22.7361],[79.2389,22.7233],[79.2541,22.6931],[79.2787,22.6948],[79.2826,22.649],[79.2983,22.6388],[79.2928,22.6204],[79.3195,22.6179],[79.3336,22.6342],[79.3731,22.659],[79.3953,22.6854],[79.4069,22.7244],[79.4488,22.7316],[79.4887,22.7304],[79.5076,22.7222],[79.517,22.7539],[79.5139,22.7833],[79.5368,22.8067],[79.5381,22.82],[79.5683,22.8342],[79.5932,22.8621],[79.6188,22.8758],[79.6158,22.9048],[79.5942,22.9154],[79.5896,22.9463],[79.6165,22.9573],[79.6328,22.98],[79.5872,23.0216],[79.5895,23.0464],[79.6012,23.0665],[79.5972,23.0914],[79.5705,23.1303],[79.5129,23.1442],[79.4772,23.1222],[79.454,23.0988],[79.4318,23.1083],[79.4011,23.101],[79.3739,23.1133],[79.3451,23.1081],[79.3503,23.1433],[79.3656,23.1671],[79.328,23.1504],[79.2948,23.2311],[79.2613,23.2186],[79.2591,23.2432],[79.2357,23.2529],[79.2206,23.2274],[79.1905,23.2422],[79.1833,23.2231]]]},"properties":{"NAME_1":"Madhya Pradesh","NAME_2":"Narsinghpur"}},{"type":"Feature","geometry":{"type":"Polygon","coordinates":[[[75.1944,25.0377],[75.1738,25.0538],[75.1547,25.0289],[75.1692,25.01],[75.1644,24.9917],[75.138,24.9864],[75.1157,24.9654],[75.1189,24.889],[75.0901,24.8797],[75.0735,24.8873],[75.0434,24.8592],[75.0126,24.8741],[74.9448,24.8779],[74.9487,24.8948],[74.9125,24.8991],[74.9129,24.9284],[74.9005,24.9397],[74.8672,24.9369],[74.8621,24.9658],[74.8327,24.9675],[74.8242,24.9401],[74.8271,24.8991],[74.8559,24.8532],[74.8586,24.8131],[74.8781,24.8132],[74.9052,24.7975],[74.9704,24.7909],[75.0129,24.7938],[75.0202,24.7528],[74.9934,24.7527],[74.9908,24.7338],[74.9999,24.7085],[74.9641,24.7005],[74.9439,24.6623],[74.9025,24.6563],[74.8734,24.6695],[74.8669,24.6905],[74.8488,24.7087],[74.8185,24.7653],[74.8098,24.7964],[74.7993,24.7956],[74.8031,24.7549],[74.7801,24.7427],[74.7897,24.7266],[74.7761,24.6861],[74.8133,24.6861],[74.8171,24.6717],[74.7834,24.6368],[74.7901,24.6108],[74.748,24.5968],[74.757,24.5637],[74.7477,24.5362],[74.7157,24.5228],[74.7573,24.4888],[74.779,24.4834],[74.8145,24.4922],[74.8575,24.4515],[74.8123,24.4092],[74.7846,24.3674],[74.7836,24.3168],[74.7575,24.2962],[74.7548,24.279],[74.7725,24.272],[74.8152,24.277],[74.8533,24.27],[74.8754,24.278],[74.9041,24.2459],[74.9641,24.3084],[74.9535,24.3343],[74.959,24.3551],[75.0004,24.3763],[75.0086,24.3892],[75.0323,24.3924],[75.062,24.3614],[75.1085,24.3774],[75.1216,24.3583],[75.2129,24.3318],[75.2421,24.3418],[75.2604,24.3365],[75.3477,24.3602],[75.3566,24.342],[75.3729,24.34],[75.426,24.3581],[75.4286,24.3793],[75.4531,24.3966],[75.4611,24.4118],[75.4845,24.4245],[75.497,24.4535],[75.5275,24.4879],[75.5599,24.5122],[75.5791,24.5159],[75.5928,24.554],[75.5857,24.5899],[75.5875,24.6211],[75.5723,24.635],[75.5788,24.6531],[75.6032,24.6634],[75.5724,24.6801],[75.5485,24.7156],[75.5351,24.72],[75.4835,24.6976],[75.4519,24.6932],[75.3639,24.7095],[75.3509,24.7171],[75.3044,24.7207],[75.2672,24.7327],[75.2284,24.7351],[75.2169,24.7224],[75.1956,24.76],[75.1923,24.7887],[75.2174,24.8205],[75.2467,24.8218],[75.2519,24.8372],[75.2277,24.8478],[75.2013,24.8842],[75.2499,24.8957],[75.2417,24.8609],[75.2838,24.85],[75.3005,24.8152],[75.313,24.8135],[75.3441,24.8328],[75.4171,24.8639],[75.4242,24.8928],[75.372,24.878],[75.326,24.887],[75.3113,24.8695],[75.2615,24.8897],[75.267,24.9142],[75.2879,24.9263],[75.3175,24.9072],[75.3375,24.9631],[75.3231,24.9822],[75.3189,25.0065],[75.3506,25.0248],[75.3496,25.0417],[75.3105,25.0461],[75.1944,25.0377]]]},"properties":{"NAME_1":"Madhya Pradesh","NAME_2":"Neemuch"}},{"type":"Feature","geometry":{"type":"Polygon","coordinates":[[[80.4942,25.0453],[80.4702,25.0447],[80.46,25.0697],[80.4407,25.0821],[80.4227,25.0713],[80.3941,25.072],[80.3793,25.056],[80.3678,25.0254],[80.3259,25.0031],[80.3141,25.0035],[80.2669,25.0302],[80.2117,24.9974],[80.1888,24.9763],[80.1543,24.9662],[80.1422,24.9405],[80.1079,24.9435],[80.0466,24.9423],[80.0274,24.926],[80.0549,24.8634],[80.083,24.8443],[80.0853,24.8276],[80.0568,24.7861],[80.0104,24.7504],[79.9901,24.7273],[79.9804,24.6923],[79.9522,24.6607],[79.9297,24.6696],[79.9203,24.6916],[79.8897,24.6972],[79.8781,24.6846],[79.8698,24.6556],[79.837,24.601],[79.8549,24.5852],[79.8821,24.5952],[79.8807,24.574],[79.8661,24.5523],[79.8765,24.5218],[79.8604,24.5111],[79.8757,24.4805],[79.8607,24.4618],[79.8652,24.4218],[79.8762,24.3782],[79.8523,24.3539],[79.8351,24.3581],[79.8343,24.3778],[79.8071,24.3896],[79.7901,24.3768],[79.8142,24.3452],[79.8014,24.3212],[79.8288,24.3234],[79.8515,24.3024],[79.8371,24.2882],[79.8066,24.2874],[79.8023,24.2691],[79.8378,24.2505],[79.8275,24.2064],[79.8063,24.1985],[79.8053,24.1626],[79.7886,24.153],[79.7797,24.1213],[79.7636,24.1131],[79.7549,24.0763],[79.733,24.0753],[79.7321,24.0585],[79.781,24.0345],[79.8174,24.0329],[79.8383,24.0253],[79.8381,24.0001],[79.8499,23.9954],[79.8318,23.9366],[79.8581,23.9156],[79.8636,23.8936],[79.8507,23.8477],[79.8592,23.8321],[79.895,23.8226],[79.9341,23.8319],[79.964,23.8657],[80.008,23.9792],[80.0529,23.9963],[80.0768,23.98],[80.088,23.9875],[80.1096,23.975],[80.1121,23.9567],[80.1496,23.9473],[80.1679,24.0038],[80.1991,23.9987],[80.2285,23.9785],[80.2208,23.9536],[80.2542,23.9437],[80.3026,23.9166],[80.3334,23.9388],[80.3503,23.9701],[80.3586,23.9881],[80.3833,24.0035],[80.3874,24.0264],[80.4115,24.0373],[80.4364,24.0383],[80.4406,24.0725],[80.4502,24.0904],[80.4762,24.0721],[80.5039,24.0804],[80.5715,24.1263],[80.6158,24.1623],[80.6314,24.1875],[80.5943,24.2127],[80.5774,24.2644],[80.5582,24.2704],[80.5712,24.3029],[80.5333,24.3231],[80.5244,24.3475],[80.4955,24.3767],[80.4644,24.3798],[80.4652,24.4192],[80.4545,24.4393],[80.4173,24.4453],[80.4322,24.5089],[80.4563,24.5878],[80.4576,24.6173],[80.4383,24.6104],[80.412,24.6169],[80.4153,24.6377],[80.3606,24.6945],[80.3801,24.7147],[80.3954,24.7129],[80.3876,24.7479],[80.4046,24.7781],[80.4327,24.7507],[80.5319,24.8124],[80.5999,24.8378],[80.5956,24.8504],[80.6264,24.8691],[80.5724,24.9044],[80.5369,24.9051],[80.5156,24.9203],[80.4887,24.9143],[80.4832,24.9477],[80.4655,24.9764],[80.4987,25.0092],[80.5422,25.0067],[80.5416,25.0338],[80.4942,25.0453]]]},"properties":{"NAME_1":"Madhya Pradesh","NAME_2":"Panna"}},{"type":"Feature","geometry":{"type":"Polygon","coordinates":[[[78.8016,23.2393],[78.785,23.249],[78.7513,23.2516],[78.7644,23.2981],[78.7437,23.3141],[78.7129,23.3548],[78.6719,23.3498],[78.6582,23.3366],[78.636,23.3499],[78.6246,23.3671],[78.6169,23.422],[78.6034,23.4407],[78.6272,23.4541],[78.6479,23.4481],[78.6646,23.4708],[78.6729,23.4975],[78.7294,23.5348],[78.7368,23.5581],[78.7323,23.5799],[78.6924,23.5788],[78.6795,23.5677],[78.645,23.5658],[78.6336,23.5514],[78.5883,23.5502],[78.5651,23.5676],[78.5277,23.5543],[78.5003,23.5602],[78.4945,23.5915],[78.509,23.6159],[78.5025,23.634],[78.5089,23.653],[78.4723,23.6434],[78.463,23.6729],[78.4382,23.7024],[78.4277,23.7485],[78.3947,23.7463],[78.3629,23.7297],[78.3495,23.7064],[78.3722,23.6944],[78.377,23.714],[78.4071,23.7349],[78.4241,23.7195],[78.4037,23.7041],[78.4208,23.6779],[78.3944,23.6683],[78.4097,23.6485],[78.393,23.6363],[78.3716,23.6577],[78.3323,23.6641],[78.3336,23.6789],[78.3182,23.6961],[78.2871,23.6777],[78.2629,23.5999],[78.2365,23.5847],[78.2339,23.567],[78.2162,23.5326],[78.1918,23.5394],[78.1288,23.5203],[78.1295,23.4873],[78.098,23.4706],[78.0807,23.4541],[78.048,23.4617],[78.01,23.4776],[77.9928,23.4663],[77.9875,23.4303],[77.9999,23.4174],[78.0432,23.4051],[78.052,23.3879],[78.0452,23.3713],[78.0172,23.3488],[77.9944,23.3661],[77.9558,23.3762],[77.9527,23.4187],[77.9326,23.4274],[77.9103,23.4562],[77.8736,23.4459],[77.838,23.4504],[77.8064,23.4652],[77.7962,23.4808],[77.7736,23.493],[77.7301,23.5385],[77.6988,23.5228],[77.6883,23.5354],[77.6679,23.5219],[77.6496,23.5424],[77.6244,23.5505],[77.6262,23.5272],[77.6479,23.5058],[77.6464,23.4821],[77.621,23.4678],[77.5959,23.4902],[77.5668,23.4925],[77.5636,23.5054],[77.5199,23.5074],[77.5175,23.5216],[77.4921,23.4596],[77.4879,23.4311],[77.5545,23.4277],[77.5459,23.3953],[77.571,23.3778],[77.5788,23.3572],[77.6235,23.358],[77.6211,23.3329],[77.5885,23.3096],[77.581,23.2868],[77.5917,23.2769],[77.5943,23.2483],[77.5815,23.19],[77.5621,23.1836],[77.5636,23.1483],[77.5391,23.1316],[77.5133,23.1257],[77.5019,23.1099],[77.3794,23.0931],[77.3574,23.0602],[77.3715,23.0235],[77.3612,23.0049],[77.3921,22.9803],[77.4144,22.9708],[77.4343,22.9429],[77.4339,22.9234],[77.4656,22.9094],[77.4836,22.8901],[77.5232,22.8956],[77.5173,22.8739],[77.5393,22.8537],[77.5541,22.8764],[77.577,22.8705],[77.6249,22.8341],[77.6679,22.8463],[77.68,22.8787],[77.7495,22.9058],[77.7735,22.9005],[77.7976,22.9123],[77.8393,22.943],[77.9067,22.9599],[77.9602,22.9646],[77.9441,22.9055],[77.9809,22.9149],[78.0054,22.933],[78.0292,22.9111],[78.005,22.8588],[78.0255,22.8454],[78.0244,22.806],[78.0676,22.8144],[78.0986,22.7933],[78.1214,22.8085],[78.1217,22.8331],[78.132,22.8482],[78.1755,22.8732],[78.1868,22.8904],[78.2088,22.8951],[78.2339,22.8703],[78.2546,22.8786],[78.2755,22.8717],[78.3201,22.9211],[78.3568,22.9285],[78.3912,22.9656],[78.437,22.9883],[78.4582,23.0075],[78.5395,23.0198],[78.5807,23.0144],[78.6175,23.0338],[78.6464,23.0288],[78.6631,23.0412],[78.6878,23.0398],[78.7206,23.0477],[78.7463,23.0772],[78.7906,23.0952],[78.7976,23.1138],[78.7854,23.1311],[78.7963,23.1523],[78.7963,23.1843],[78.8078,23.2148],[78.8016,23.2393]]]},"properties":{"NAME_1":"Madhya Pradesh","NAME_2":"Raisen"}},{"type":"Feature","geometry":{"type":"Polygon","coordinates":[[[76.8776,24.1349],[76.856,24.1389],[76.8277,24.1256],[76.7909,24.1258],[76.7689,24.1647],[76.755,24.1721],[76.7207,24.1617],[76.6742,24.1934],[76.6878,24.2325],[76.7025,24.2488],[76.693,24.285],[76.6787,24.2706],[76.6163,24.2628],[76.614,24.2422],[76.5715,24.2135],[76.5658,24.2008],[76.5797,24.1807],[76.5548,24.1682],[76.5232,24.1632],[76.5105,24.179],[76.5084,24.2002],[76.4634,24.2289],[76.4532,24.2168],[76.4236,24.2269],[76.4118,24.2096],[76.353,24.2489],[76.3179,24.2511],[76.2896,24.237],[76.2764,24.2165],[76.2477,24.2279],[76.2156,24.2168],[76.2242,24.1571],[76.245,24.1416],[76.2253,24.1205],[76.2359,24.0998],[76.2012,24.1038],[76.2176,24.056],[76.2628,24.0571],[76.2762,24.007],[76.2528,23.9852],[76.2973,23.9695],[76.3115,23.9359],[76.2969,23.9014],[76.3225,23.8922],[76.3257,23.8731],[76.3552,23.8535],[76.3589,23.8193],[76.3797,23.816],[76.3756,23.7729],[76.3948,23.7661],[76.4007,23.731],[76.4022,23.6763],[76.4271,23.6584],[76.4416,23.5764],[76.4333,23.5643],[76.4867,23.5147],[76.5025,23.523],[76.5111,23.5517],[76.5023,23.568],[76.5257,23.5764],[76.5885,23.554],[76.6001,23.5652],[76.6329,23.5461],[76.6498,23.5446],[76.6629,23.5285],[76.6553,23.5056],[76.6847,23.501],[76.6923,23.4909],[76.7593,23.5007],[76.794,23.4598],[76.8157,23.4718],[76.8123,23.4851],[76.8466,23.4994],[76.8775,23.5014],[76.8923,23.5265],[76.9166,23.5195],[76.9067,23.5023],[76.9352,23.4759],[76.959,23.5047],[77.0059,23.5029],[77.0481,23.4846],[77.105,23.5262],[77.1138,23.5536],[77.1462,23.5781],[77.1522,23.615],[77.1347,23.6455],[77.1659,23.6908],[77.1805,23.7195],[77.2178,23.8248],[77.2175,23.8702],[77.2232,23.9002],[77.182,23.9024],[77.1806,23.9323],[77.1597,23.953],[77.1688,23.9835],[77.1841,24.0092],[77.1757,24.0255],[77.1781,24.0869],[77.1484,24.0919],[77.0974,24.0917],[77.071,24.083],[77.0248,24.0869],[76.9977,24.0615],[76.9645,24.0558],[76.9536,24.0776],[76.9098,24.1054],[76.8868,24.1087],[76.8776,24.1349]]]},"properties":{"NAME_1":"Madhya Pradesh","NAME_2":"Rajgarh"}},{"type":"Feature","geometry":{"type":"Polygon","coordinates":[[[75.6845,23.7606],[75.6761,23.7821],[75.6493,23.7994],[75.6166,23.806],[75.5825,23.8004],[75.566,23.8157],[75.5625,23.8581],[75.5379,23.8767],[75.5041,23.8919],[75.4874,23.9108],[75.4565,23.9207],[75.429,23.9123],[75.4065,23.8873],[75.3715,23.8732],[75.3433,23.809],[75.3222,23.8128],[75.3317,23.8424],[75.2988,23.8556],[75.2509,23.8435],[75.2336,23.8652],[75.2161,23.8556],[75.1982,23.8318],[75.1304,23.8334],[75.0997,23.8281],[75.0876,23.8185],[75.0503,23.8267],[75.0504,23.7941],[75.0247,23.7873],[75.0193,23.8122],[74.9957,23.7976],[74.9705,23.7974],[74.9582,23.7685],[74.9399,23.7659],[74.9406,23.7349],[74.9242,23.7192],[74.923,23.6966],[74.9099,23.6769],[74.9242,23.6685],[74.9397,23.6304],[74.906,23.623],[74.8861,23.6064],[74.8693,23.5748],[74.8515,23.5574],[74.8029,23.5341],[74.7741,23.5433],[74.7639,23.5247],[74.7424,23.5195],[74.7337,23.5005],[74.7109,23.5056],[74.6693,23.4839],[74.6589,23.4668],[74.6134,23.4614],[74.5985,23.4298],[74.5731,23.4192],[74.5724,23.3833],[74.5602,23.3645],[74.5458,23.3638],[74.5337,23.323],[74.5486,23.2868],[74.5674,23.2985],[74.5868,23.2845],[74.6153,23.2846],[74.6321,23.2634],[74.6522,23.2608],[74.6731,23.2749],[74.7011,23.2721],[74.7222,23.2425],[74.741,23.2293],[74.7843,23.2402],[74.7867,23.1987],[74.7731,23.1881],[74.7816,23.15],[74.8204,23.1353],[74.8482,23.1444],[74.8863,23.1375],[74.9179,23.1616],[74.9423,23.1517],[74.9909,23.1421],[74.9924,23.1122],[75.0098,23.1138],[75.0363,23.1151],[75.0756,23.1064],[75.1047,23.1134],[75.1795,23.1024],[75.1853,23.0948],[75.2352,23.0907],[75.2419,23.0964],[75.2415,23.1391],[75.2287,23.2166],[75.2496,23.2305],[75.2825,23.2227],[75.283,23.2389],[75.2646,23.249],[75.2686,23.2766],[75.3235,23.2819],[75.3248,23.2996],[75.2607,23.3042],[75.2152,23.3323],[75.1651,23.402],[75.1578,23.4389],[75.1768,23.4706],[75.1713,23.484],[75.1833,23.5217],[75.2263,23.5265],[75.2571,23.5461],[75.2734,23.5454],[75.279,23.5908],[75.3302,23.6185],[75.3323,23.5967],[75.3712,23.6064],[75.3972,23.6054],[75.4037,23.5846],[75.496,23.5295],[75.5226,23.5434],[75.4966,23.5585],[75.5135,23.5921],[75.5029,23.6229],[75.5234,23.6724],[75.5545,23.6707],[75.5632,23.6611],[75.6205,23.6653],[75.6274,23.6977],[75.6441,23.7119],[75.6859,23.7185],[75.6895,23.7509],[75.6845,23.7606]]]},"properties":{"NAME_1":"Madhya Pradesh","NAME_2":"Ratlam"}},{"type":"Feature","geometry":{"type":"Polygon","coordinates":[[[82.1,24.8099],[82.0049,24.8507],[81.965,24.8414],[81.9267,24.8608],[81.9284,24.8731],[81.9027,24.8841],[81.8985,24.9052],[81.9103,24.9205],[81.9016,24.9828],[81.8735,25.0021],[81.8463,25.0071],[81.8294,25.0193],[81.7917,25.01],[81.7164,25.053],[81.7054,25.0379],[81.6819,25.0438],[81.6778,25.0647],[81.6468,25.075],[81.6219,25.0569],[81.5945,25.0769],[81.632,25.1033],[81.6168,25.1226],[81.5921,25.1364],[81.6197,25.1556],[81.5818,25.1683],[81.588,25.1838],[81.5664,25.1957],[81.534,25.1883],[81.5128,25.1879],[81.5187,25.1518],[81.492,25.1488],[81.4777,25.1211],[81.4931,25.1107],[81.4946,25.0821],[81.4837,25.0749],[81.4364,25.0962],[81.4386,25.114],[81.4278,25.1336],[81.389,25.1243],[81.3494,25.1674],[81.33,25.1725],[81.2686,25.1652],[81.258,25.1168],[81.2457,25.1055],[81.2616,25.0685],[81.2476,25.0415],[81.2202,25.0072],[81.2017,24.9957],[81.206,24.9392],[81.1614,24.9585],[81.1555,24.932],[81.1282,24.8936],[81.1168,24.9018],[81.1044,24.8845],[81.0903,24.8374],[81.0674,24.8369],[81.0453,24.7993],[81.0508,24.7861],[81.0802,24.777],[81.1322,24.7342],[81.1514,24.7119],[81.1752,24.7019],[81.1557,24.642],[81.162,24.6276],[81.149,24.545],[81.1504,24.5262],[81.1317,24.5146],[81.159,24.501],[81.1923,24.5042],[81.2173,24.4935],[81.2164,24.4719],[81.2365,24.4411],[81.2834,24.3992],[81.2617,24.3834],[81.2761,24.3595],[81.2644,24.3326],[81.2983,24.3252],[81.3656,24.364],[81.4485,24.3961],[81.4938,24.4251],[81.5406,24.4452],[81.5921,24.458],[81.633,24.4736],[81.6894,24.5034],[81.7301,24.5144],[81.7381,24.4984],[81.7785,24.5072],[81.7894,24.5193],[81.8108,24.5146],[81.878,24.5323],[81.8877,24.5559],[81.943,24.5761],[81.9553,24.5561],[81.9854,24.5572],[82.0074,24.5718],[82.0534,24.5788],[82.0622,24.6034],[82.115,24.5951],[82.1567,24.6028],[82.1912,24.6181],[82.2397,24.6098],[82.2666,24.5956],[82.2986,24.6011],[82.2939,24.6137],[82.2984,24.628],[82.2919,24.6648],[82.2695,24.6819],[82.2289,24.6746],[82.243,24.7018],[82.2384,24.7544],[82.2277,24.7656],[82.1957,24.7637],[82.2087,24.7978],[82.1734,24.801],[82.1594,24.7923],[82.1322,24.8045],[82.1122,24.7923],[82.1,24.8099]]]},"properties":{"NAME_1":"Madhya Pradesh","NAME_2":"Rewa"}},{"type":"Feature","geometry":{"type":"Polygon","coordinates":[[[78.9869,24.4232],[78.9672,24.3736],[78.9681,24.357],[78.9325,24.3189],[78.9078,24.3012],[78.9099,24.2729],[78.8791,24.254],[78.8811,24.2289],[78.8582,24.2135],[78.8105,24.2085],[78.8057,24.1843],[78.7846,24.1851],[78.7749,24.2123],[78.7543,24.2472],[78.7265,24.2527],[78.6989,24.2345],[78.6691,24.245],[78.6544,24.2737],[78.6173,24.2961],[78.5784,24.3571],[78.5526,24.3606],[78.4999,24.3943],[78.4753,24.3674],[78.4678,24.3393],[78.4403,24.3255],[78.4348,24.2977],[78.3857,24.2731],[78.3414,24.3078],[78.3266,24.3385],[78.3626,24.3782],[78.3367,24.4039],[78.3183,24.4104],[78.2607,24.4539],[78.2571,24.4435],[78.2039,24.4109],[78.1548,24.3929],[78.1538,24.3735],[78.1222,24.3439],[78.0869,24.3236],[78.0791,24.3041],[78.0914,24.2656],[78.0667,24.2608],[78.0533,24.2332],[78.0914,24.2139],[78.1284,24.2153],[78.1176,24.1672],[78.0991,24.1681],[78.1119,24.1306],[78.1298,24.1201],[78.1201,24.0969],[78.113,24.0541],[78.0847,24.0692],[78.0696,24.0485],[78.1077,24.0317],[78.1128,24.0451],[78.1466,24.0283],[78.1584,24.0137],[78.1768,24.0157],[78.1862,24.0547],[78.2062,24.0723],[78.2723,24.033],[78.2849,23.9896],[78.2803,23.965],[78.2592,23.9501],[78.2833,23.9305],[78.2863,23.9109],[78.2746,23.8927],[78.2675,23.8482],[78.288,23.8519],[78.2928,23.8324],[78.2786,23.8145],[78.281,23.7879],[78.2517,23.7925],[78.2583,23.7725],[78.2339,23.7258],[78.2546,23.7283],[78.2871,23.6777],[78.3182,23.6961],[78.3336,23.6789],[78.3323,23.6641],[78.3716,23.6577],[78.393,23.6363],[78.4097,23.6485],[78.3944,23.6683],[78.4208,23.6779],[78.4037,23.7041],[78.4241,23.7195],[78.4071,23.7349],[78.377,23.714],[78.3722,23.6944],[78.3495,23.7064],[78.3629,23.7297],[78.3947,23.7463],[78.4277,23.7485],[78.4382,23.7024],[78.463,23.6729],[78.4723,23.6434],[78.5089,23.653],[78.5025,23.634],[78.509,23.6159],[78.4945,23.5915],[78.5003,23.5602],[78.5277,23.5543],[78.5651,23.5676],[78.5883,23.5502],[78.6336,23.5514],[78.645,23.5658],[78.6795,23.5677],[78.6924,23.5788],[78.7323,23.5799],[78.7368,23.5581],[78.7294,23.5348],[78.6729,23.4975],[78.6646,23.4708],[78.6479,23.4481],[78.6272,23.4541],[78.6034,23.4407],[78.6169,23.422],[78.6246,23.3671],[78.636,23.3499],[78.6582,23.3366],[78.6719,23.3498],[78.7129,23.3548],[78.7437,23.3141],[78.7644,23.2981],[78.7513,23.2516],[78.785,23.249],[78.8016,23.2393],[78.817,23.2546],[78.8393,23.2425],[78.8404,23.23],[78.8881,23.216],[78.9249,23.2355],[78.9751,23.201],[78.9885,23.2157],[79.0251,23.1968],[79.0655,23.2052],[79.0907,23.2046],[79.1014,23.183],[79.1414,23.1742],[79.1762,23.1961],[79.1833,23.2231],[79.1685,23.2259],[79.1696,23.2596],[79.2045,23.2596],[79.2238,23.293],[79.2047,23.3164],[79.2299,23.342],[79.2135,23.3612],[79.187,23.3667],[79.1764,23.4341],[79.2131,23.4393],[79.218,23.4585],[79.2826,23.4914],[79.293,23.5164],[79.3253,23.5292],[79.2916,23.5766],[79.2946,23.6411],[79.3294,23.6329],[79.3455,23.6576],[79.3135,23.6777],[79.2961,23.6792],[79.2769,23.7015],[79.2922,23.7105],[79.2788,23.7483],[79.2151,23.788],[79.2395,23.8322],[79.2076,23.8444],[79.1767,23.8371],[79.1717,23.8502],[79.1448,23.8511],[79.1063,23.8834],[79.0879,23.922],[79.0647,23.9102],[79.0504,23.9254],[79.0692,23.9351],[79.1109,23.9815],[79.125,23.9804],[79.144,23.9998],[79.175,24.0115],[79.1754,24.0305],[79.1638,24.0591],[79.1484,24.0758],[79.1392,24.1049],[79.1184,24.1059],[79.1079,24.124],[79.0692,24.133],[79.0609,24.1672],[79.0493,24.1748],[79.0431,24.2274],[79.0562,24.2306],[79.0608,24.2668],[79.0861,24.2472],[79.1054,24.2674],[79.1309,24.2573],[79.1488,24.2773],[79.166,24.2813],[79.1625,24.3096],[79.1775,24.3295],[79.1593,24.3464],[79.1461,24.3786],[79.1441,24.4092],[79.1595,24.4099],[79.1527,24.3765],[79.2094,24.3353],[79.2261,24.3432],[79.2407,24.3802],[79.2318,24.4204],[79.1992,24.4203],[79.1889,24.431],[79.1609,24.4341],[79.1282,24.4165],[79.0666,24.407],[79.0477,24.374],[79.031,24.3742],[78.9994,24.3953],[78.9869,24.4232]]]},"properties":{"NAME_1":"Madhya Pradesh","NAME_2":"Sagar"}},{"type":"Feature","geometry":{"type":"Polygon","coordinates":[[[81.1168,24.9018],[81.0895,24.9245],[81.0764,24.9523],[81.0267,24.955],[81,24.9402],[80.9529,24.9394],[80.9368,24.9725],[80.8566,24.936],[80.8208,24.9366],[80.8022,24.9445],[80.7988,24.9749],[80.8186,24.9736],[80.8503,25.0031],[80.8291,25.03],[80.8411,25.0513],[80.8707,25.0711],[80.873,25.1026],[80.865,25.1236],[80.9056,25.1645],[80.8695,25.1887],[80.8363,25.1927],[80.8419,25.1679],[80.8321,25.1414],[80.8186,25.1306],[80.7996,25.1464],[80.7821,25.1371],[80.7509,25.1417],[80.7173,25.1289],[80.719,25.104],[80.7458,25.0994],[80.776,25.0843],[80.7759,25.0617],[80.7144,25.0678],[80.6736,25.0542],[80.6793,25.0818],[80.6537,25.0765],[80.6415,25.0931],[80.6085,25.0986],[80.6223,25.122],[80.5946,25.1552],[80.5878,25.1091],[80.5787,25.0883],[80.5434,25.0677],[80.519,25.0819],[80.5095,25.101],[80.4873,25.0918],[80.5023,25.0629],[80.4942,25.0453],[80.5416,25.0338],[80.5422,25.0067],[80.4987,25.0092],[80.4655,24.9764],[80.4832,24.9477],[80.4887,24.9143],[80.5156,24.9203],[80.5369,24.9051],[80.5724,24.9044],[80.6264,24.8691],[80.5956,24.8504],[80.5999,24.8378],[80.5319,24.8124],[80.4327,24.7507],[80.4046,24.7781],[80.3876,24.7479],[80.3954,24.7129],[80.3801,24.7147],[80.3606,24.6945],[80.4153,24.6377],[80.412,24.6169],[80.4383,24.6104],[80.4576,24.6173],[80.4563,24.5878],[80.4322,24.5089],[80.4173,24.4453],[80.4545,24.4393],[80.4652,24.4192],[80.4644,24.3798],[80.4955,24.3767],[80.5244,24.3475],[80.5333,24.3231],[80.5712,24.3029],[80.5582,24.2704],[80.5774,24.2644],[80.5943,24.2127],[80.6314,24.1875],[80.6158,24.1623],[80.5715,24.1263],[80.5039,24.0804],[80.4762,24.0721],[80.4502,24.0904],[80.4406,24.0725],[80.4364,24.0383],[80.4115,24.0373],[80.3874,24.0264],[80.3833,24.0035],[80.3586,23.9881],[80.3503,23.9701],[80.377,23.9683],[80.4132,23.9885],[80.4402,23.9876],[80.4778,23.9984],[80.5256,24.0331],[80.5092,24.0522],[80.5278,24.0717],[80.5474,24.0578],[80.5714,24.0528],[80.5957,24.0692],[80.6531,24.0956],[80.6704,24.1124],[80.7118,24.134],[80.7306,24.1382],[80.7381,24.1196],[80.7136,24.0981],[80.6925,24.0889],[80.7069,24.0727],[80.7353,24.0753],[80.7509,24.0667],[80.7932,24.0701],[80.7919,24.0476],[80.7508,24.0322],[80.7604,24.0148],[80.7536,23.9928],[80.7764,23.9748],[80.7928,23.9762],[80.8018,24.0192],[80.8328,24.0289],[80.8552,24.0598],[80.8587,24.0778],[80.8793,24.0857],[80.8906,24.0707],[80.9506,24.0692],[80.9542,24.07],[80.9659,24.0692],[80.9781,24.0809],[80.9874,24.0942],[80.9919,24.0947],[81.004,24.0953],[81.1207,24.137],[81.1508,24.1391],[81.1767,24.1159],[81.1936,24.1124],[81.2194,24.1321],[81.2162,24.15],[81.278,24.1925],[81.3398,24.1927],[81.3655,24.2173],[81.3752,24.2585],[81.3829,24.2675],[81.3441,24.2569],[81.2983,24.3252],[81.2644,24.3326],[81.2761,24.3595],[81.2617,24.3834],[81.2834,24.3992],[81.2365,24.4411],[81.2164,24.4719],[81.2173,24.4935],[81.1923,24.5042],[81.159,24.501],[81.1317,24.5146],[81.1504,24.5262],[81.149,24.545],[81.162,24.6276],[81.1557,24.642],[81.1752,24.7019],[81.1514,24.7119],[81.1322,24.7342],[81.0802,24.777],[81.0508,24.7861],[81.0453,24.7993],[81.0674,24.8369],[81.0903,24.8374],[81.1044,24.8845],[81.1168,24.9018]]]},"properties":{"NAME_1":"Madhya Pradesh","NAME_2":"Satna"}},{"type":"Feature","geometry":{"type":"Polygon","coordinates":[[[77.3794,23.0931],[77.3289,23.1002],[77.3233,23.112],[77.2821,23.1077],[77.2761,23.1402],[77.2553,23.1479],[77.2374,23.1982],[77.2134,23.2072],[77.1863,23.2463],[77.2108,23.2594],[77.2171,23.3027],[77.1787,23.3145],[77.186,23.3637],[77.2001,23.3636],[77.2117,23.3312],[77.2233,23.3321],[77.227,23.3607],[77.2582,23.3911],[77.241,23.4101],[77.2812,23.4164],[77.2942,23.4356],[77.2829,23.454],[77.2935,23.4789],[77.2826,23.4957],[77.295,23.5183],[77.2815,23.5698],[77.2916,23.5893],[77.2731,23.5971],[77.2718,23.6146],[77.2208,23.6371],[77.227,23.6522],[77.218,23.6704],[77.1996,23.663],[77.1659,23.6908],[77.1347,23.6455],[77.1522,23.615],[77.1462,23.5781],[77.1138,23.5536],[77.105,23.5262],[77.0481,23.4846],[77.0266,23.4571],[77.0154,23.4112],[76.9935,23.4028],[76.9942,23.3614],[76.9868,23.3514],[76.9832,23.314],[76.9905,23.2891],[76.9499,23.2455],[76.9308,23.2349],[76.9064,23.2345],[76.8907,23.2098],[76.8972,23.1768],[76.8961,23.1366],[76.861,23.1091],[76.8266,23.1164],[76.8049,23.1278],[76.7722,23.1754],[76.7474,23.1851],[76.7515,23.1579],[76.7313,23.1456],[76.7209,23.1611],[76.6979,23.1606],[76.6853,23.1959],[76.655,23.1897],[76.6288,23.1997],[76.6249,23.1408],[76.6126,23.1408],[76.5871,23.1134],[76.5358,23.1324],[76.5217,23.1165],[76.4995,23.1187],[76.4922,23.099],[76.5163,23.0915],[76.5151,23.0779],[76.46,23.0749],[76.4468,23.0277],[76.4608,22.9995],[76.4449,22.9944],[76.4644,22.9647],[76.451,22.9301],[76.4622,22.9051],[76.4888,22.8994],[76.4937,22.8829],[76.5182,22.8653],[76.5247,22.8405],[76.5174,22.8213],[76.5742,22.7702],[76.6233,22.8018],[76.6749,22.7882],[76.7019,22.7977],[76.7021,22.814],[76.7509,22.8215],[76.7867,22.8373],[76.8238,22.8716],[76.8686,22.8758],[76.8766,22.8877],[76.9151,22.8644],[76.9221,22.8774],[76.944,22.8821],[76.9555,22.8678],[76.9845,22.8816],[76.9969,22.8719],[77.0073,22.7998],[77.0246,22.7708],[77.0164,22.7409],[77.0326,22.7358],[77.0379,22.6752],[77.0851,22.6569],[77.0816,22.6291],[77.1153,22.6031],[77.1244,22.5822],[77.1203,22.5627],[77.1221,22.563],[77.1294,22.5689],[77.14,22.5795],[77.145,22.5836],[77.1552,22.5878],[77.1673,22.587],[77.1763,22.5846],[77.1805,22.5829],[77.1884,22.5799],[77.1921,22.5789],[77.2037,22.5719],[77.2437,22.6032],[77.264,22.611],[77.2792,22.5766],[77.3149,22.5652],[77.3356,22.5757],[77.3459,22.6019],[77.366,22.6151],[77.384,22.6121],[77.4298,22.6291],[77.4502,22.649],[77.5016,22.6512],[77.5243,22.6705],[77.5617,22.6714],[77.5762,22.6793],[77.5863,22.7025],[77.615,22.7453],[77.6309,22.7469],[77.6519,22.733],[77.6675,22.7377],[77.6851,22.763],[77.73,22.7582],[77.7712,22.7904],[77.7895,22.8348],[77.8174,22.8469],[77.8369,22.8642],[77.8639,22.8587],[77.8569,22.838],[77.8764,22.8232],[77.9145,22.8516],[77.9255,22.8381],[77.9047,22.8099],[77.9057,22.7696],[77.9353,22.773],[77.9339,22.8034],[77.9611,22.8196],[77.9937,22.8216],[78.0244,22.806],[78.0255,22.8454],[78.005,22.8588],[78.0292,22.9111],[78.0054,22.933],[77.9809,22.9149],[77.9441,22.9055],[77.9602,22.9646],[77.9067,22.9599],[77.8393,22.943],[77.7976,22.9123],[77.7735,22.9005],[77.7495,22.9058],[77.68,22.8787],[77.6679,22.8463],[77.6249,22.8341],[77.577,22.8705],[77.5541,22.8764],[77.5393,22.8537],[77.5173,22.8739],[77.5232,22.8956],[77.4836,22.8901],[77.4656,22.9094],[77.4339,22.9234],[77.4343,22.9429],[77.4144,22.9708],[77.3921,22.9803],[77.3612,23.0049],[77.3715,23.0235],[77.3574,23.0602],[77.3794,23.0931]]]},"properties":{"NAME_1":"Madhya Pradesh","NAME_2":"Sehore"}},{"type":"Feature","geometry":{"type":"Polygon","coordinates":[[[79.9573,22.8547],[79.9208,22.8582],[79.9017,22.8476],[79.8935,22.865],[79.8624,22.8565],[79.8426,22.8327],[79.8312,22.8333],[79.7929,22.8632],[79.7752,22.8472],[79.7539,22.8592],[79.77,22.8808],[79.7383,22.9022],[79.744,22.916],[79.7162,22.9228],[79.6453,22.9279],[79.6165,22.9573],[79.5896,22.9463],[79.5942,22.9154],[79.6158,22.9048],[79.6188,22.8758],[79.5932,22.8621],[79.5683,22.8342],[79.5381,22.82],[79.5368,22.8067],[79.5139,22.7833],[79.517,22.7539],[79.5076,22.7222],[79.4887,22.7304],[79.4488,22.7316],[79.4069,22.7244],[79.3953,22.6854],[79.3731,22.659],[79.3336,22.6342],[79.3195,22.6179],[79.338,22.6179],[79.3653,22.6059],[79.3445,22.5749],[79.3165,22.5446],[79.3148,22.5305],[79.3366,22.508],[79.3358,22.4852],[79.2996,22.4852],[79.2315,22.4755],[79.2165,22.4551],[79.1937,22.4501],[79.1986,22.4326],[79.2228,22.4264],[79.2308,22.4489],[79.2602,22.4555],[79.3113,22.4449],[79.3309,22.4251],[79.293,22.4167],[79.2839,22.3888],[79.2927,22.3814],[79.3406,22.3852],[79.3479,22.3515],[79.3263,22.3482],[79.2822,22.3247],[79.3052,22.2886],[79.3577,22.2654],[79.3618,22.2295],[79.3265,22.2164],[79.3372,22.1611],[79.3522,22.1314],[79.3872,22.1037],[79.372,22.0907],[79.3827,22.0472],[79.4027,22.0419],[79.3912,21.9926],[79.3702,21.993],[79.3684,21.973],[79.3502,21.9662],[79.3426,21.9252],[79.3224,21.9194],[79.2973,21.8707],[79.2709,21.8323],[79.2882,21.811],[79.2709,21.7746],[79.2531,21.7792],[79.2237,21.7563],[79.2281,21.7219],[79.2577,21.7175],[79.2848,21.6939],[79.3947,21.6746],[79.4114,21.691],[79.4407,21.6822],[79.4585,21.6873],[79.4886,21.6741],[79.5125,21.6265],[79.4982,21.6124],[79.5058,21.5903],[79.5309,21.5998],[79.535,21.6271],[79.5647,21.6348],[79.6015,21.6769],[79.5951,21.7089],[79.6312,21.7043],[79.6496,21.6912],[79.6661,21.6943],[79.6515,21.7347],[79.6757,21.7456],[79.6851,21.7665],[79.6862,21.8003],[79.7079,21.8053],[79.7426,21.7994],[79.7632,21.8075],[79.7945,21.8589],[79.8552,21.9001],[79.8863,21.9295],[79.8324,21.9399],[79.8575,21.9671],[79.9176,21.9716],[79.9161,22.0013],[79.923,22.0629],[79.9343,22.0712],[79.9875,22.0705],[79.9986,22.0835],[80.064,22.0824],[80.0514,22.1186],[80.0386,22.128],[80.0372,22.1613],[80.0292,22.1875],[80.06,22.2185],[80.082,22.2281],[80.0905,22.2461],[80.0861,22.2829],[80.0762,22.2998],[80.0936,22.3416],[80.0883,22.342],[80.0725,22.3555],[80.0642,22.3779],[80.0692,22.3965],[80.0852,22.4086],[80.072,22.4327],[80.0648,22.4538],[80.0618,22.4559],[80.0459,22.4631],[80.0426,22.4817],[80.0309,22.5032],[80.0283,22.5036],[80.0195,22.5052],[80.0196,22.5217],[80.0291,22.5347],[80.0254,22.5442],[80.0201,22.5462],[80.0061,22.5462],[79.9998,22.5529],[79.9875,22.5478],[79.9474,22.5586],[79.9584,22.568],[79.9718,22.5677],[79.9859,22.5815],[79.9985,22.5783],[80.0033,22.5892],[80.0127,22.5988],[80.0265,22.6017],[80.0416,22.6066],[80.0595,22.6093],[80.1063,22.6288],[80.1164,22.6179],[80.1269,22.6161],[80.1401,22.6161],[80.1538,22.6018],[80.1922,22.608],[80.2015,22.6159],[80.2095,22.6304],[80.2011,22.6387],[80.1889,22.6535],[80.2051,22.6736],[80.2249,22.6747],[80.2298,22.6776],[80.2333,22.691],[80.2276,22.6993],[80.2316,22.709],[80.2335,22.7182],[80.2739,22.7229],[80.2786,22.7338],[80.2758,22.7847],[80.262,22.7961],[80.2089,22.8031],[80.1999,22.7824],[80.1783,22.768],[80.0964,22.7729],[80.0678,22.7602],[80.0539,22.763],[80.0364,22.7837],[80.0144,22.7959],[79.9981,22.8279],[79.975,22.8333],[79.9573,22.8547]]]},"properties":{"NAME_1":"Madhya Pradesh","NAME_2":"Seoni"}},{"type":"Feature","geometry":{"type":"Polygon","coordinates":[[[81.5969,23.889],[81.5565,23.9155],[81.5346,23.9201],[81.5317,23.9395],[81.5472,23.9561],[81.5289,23.9843],[81.5088,23.9814],[81.4952,23.9964],[81.5038,24.0265],[81.4853,24.0454],[81.5169,24.0498],[81.5311,24.0719],[81.5023,24.0884],[81.5029,24.1131],[81.4818,24.1437],[81.4887,24.1698],[81.4666,24.1738],[81.4757,24.203],[81.4735,24.2429],[81.4613,24.2715],[81.4303,24.2613],[81.3829,24.2675],[81.3752,24.2585],[81.3655,24.2173],[81.3398,24.1927],[81.278,24.1925],[81.2162,24.15],[81.2194,24.1321],[81.1936,24.1124],[81.1767,24.1159],[81.1508,24.1391],[81.1207,24.137],[81.004,24.0953],[80.9992,24.0907],[80.9936,24.0842],[81.0072,24.0619],[81.0216,24.0371],[81.0532,24.0029],[81.0622,23.9685],[81.0655,23.9656],[81.1008,23.9672],[81.1137,23.9719],[81.1235,23.9692],[81.124,23.9621],[81.1207,23.9486],[81.1384,23.9242],[81.1563,23.9274],[81.1702,23.9121],[81.1545,23.8988],[81.167,23.8808],[81.1889,23.8857],[81.1926,23.8867],[81.2021,23.8834],[81.2097,23.8681],[81.2175,23.8559],[81.2202,23.8546],[81.2411,23.859],[81.2593,23.8475],[81.2614,23.835],[81.2377,23.8296],[81.2264,23.8255],[81.1977,23.8248],[81.1847,23.8228],[81.1784,23.817],[81.1814,23.7872],[81.1873,23.7828],[81.2027,23.7587],[81.2103,23.7446],[81.2153,23.7423],[81.2399,23.7267],[81.2328,23.6927],[81.2214,23.6769],[81.233,23.6671],[81.2347,23.6623],[81.2345,23.6524],[81.2309,23.6461],[81.2259,23.6448],[81.2104,23.644],[81.2132,23.6306],[81.2026,23.6129],[81.2017,23.5908],[81.1726,23.546],[81.1546,23.5344],[81.1609,23.4996],[81.1511,23.488],[81.1388,23.4622],[81.1307,23.4697],[81.1228,23.4689],[81.1221,23.46],[81.1156,23.4655],[81.1123,23.4653],[81.1069,23.4572],[81.1012,23.4578],[81.0817,23.4527],[81.0684,23.4569],[81.0529,23.4574],[81.043,23.4532],[81.0155,23.4492],[81.0142,23.4345],[81.0154,23.4202],[81.0077,23.3999],[80.9994,23.3848],[80.9976,23.379],[81.0172,23.3635],[81.0353,23.3447],[81.0278,23.3228],[81.0333,23.3051],[81.0306,23.2837],[81.0356,23.2732],[81.0484,23.2761],[81.0545,23.271],[81.047,23.2636],[81.0643,23.2524],[81.0949,23.2578],[81.0966,23.2573],[81.0987,23.2513],[81.0918,23.2459],[81.0806,23.2369],[81.0796,23.2334],[81.0813,23.2265],[81.085,23.2261],[81.0984,23.2305],[81.0932,23.2036],[81.0968,23.2036],[81.1052,23.2125],[81.1139,23.2192],[81.1176,23.2178],[81.1326,23.1959],[81.1531,23.18],[81.1561,23.1748],[81.1594,23.1658],[81.183,23.169],[81.1746,23.1547],[81.186,23.137],[81.1983,23.13],[81.2042,23.142],[81.2064,23.1187],[81.2082,23.1168],[81.2214,23.1107],[81.2307,23.1115],[81.2339,23.1118],[81.236,23.1076],[81.2391,23.1017],[81.2438,23.0996],[81.249,23.0838],[81.2563,23.071],[81.2503,23.0624],[81.2479,23.0542],[81.2335,23.0618],[81.2242,23.0591],[81.2312,23.0559],[81.2198,23.0317],[81.2087,23.0198],[81.2031,23.0172],[81.1947,22.9842],[81.1814,22.952],[81.1855,22.9365],[81.1917,22.9144],[81.2122,22.9131],[81.2256,22.9058],[81.2288,22.9025],[81.2557,22.895],[81.2727,22.8791],[81.3093,22.8745],[81.3181,22.8619],[81.3534,22.8499],[81.372,22.8556],[81.399,22.8514],[81.4192,22.8376],[81.4316,22.8215],[81.4403,22.7895],[81.4615,22.7648],[81.4803,22.7605],[81.5021,22.7645],[81.5079,22.7609],[81.5225,22.7509],[81.5514,22.7607],[81.5601,22.7567],[81.5969,22.7618],[81.6202,22.7745],[81.6305,22.7822],[81.6478,22.7854],[81.6779,22.7819],[81.6894,22.758],[81.6919,22.7523],[81.6967,22.7349],[81.6931,22.7284],[81.6943,22.706],[81.7235,22.6976],[81.7229,22.6762],[81.7369,22.6691],[81.7489,22.6461],[81.766,22.6761],[81.7466,22.7265],[81.7843,22.7666],[81.7759,22.8001],[81.7609,22.8343],[81.7694,22.8735],[81.7859,22.8771],[81.7697,22.8888],[81.7577,22.8967],[81.7359,22.9001],[81.7354,22.9097],[81.7209,22.917],[81.7069,22.9231],[81.6983,22.937],[81.6865,22.9398],[81.6827,22.9441],[81.6784,22.9598],[81.6447,23.002],[81.6406,23.0137],[81.6322,23.002],[81.6056,23.002],[81.5895,23.0199],[81.568,23.0104],[81.5562,23.0271],[81.5743,23.0359],[81.5874,23.0377],[81.5998,23.037],[81.6044,23.0726],[81.577,23.0776],[81.57,23.0842],[81.545,23.0926],[81.5385,23.1124],[81.5311,23.1186],[81.5425,23.1261],[81.557,23.1351],[81.557,23.138],[81.5529,23.1497],[81.5898,23.1715],[81.5946,23.1939],[81.5886,23.1998],[81.5657,23.2095],[81.5653,23.2169],[81.5793,23.2254],[81.5889,23.2271],[81.6065,23.226],[81.6242,23.2309],[81.6267,23.2264],[81.6221,23.2209],[81.6081,23.2098],[81.6064,23.198],[81.6121,23.196],[81.6389,23.1953],[81.6515,23.1983],[81.6622,23.2125],[81.7005,23.2067],[81.7154,23.2059],[81.7216,23.2097],[81.7319,23.2116],[81.7457,23.213],[81.7506,23.2147],[81.7586,23.2393],[81.7754,23.2526],[81.7882,23.261],[81.821,23.2581],[81.8343,23.2535],[81.8642,23.2397],[81.8744,23.2449],[81.861,23.2709],[81.8567,23.2773],[81.8488,23.2811],[81.8235,23.3011],[81.8123,23.3014],[81.8289,23.3097],[81.8478,23.3197],[81.8548,23.3139],[81.8648,23.2984],[81.8855,23.3232],[81.8954,23.3362],[81.9261,23.3512],[81.9291,23.3816],[81.9512,23.3726],[81.9696,23.3932],[81.9717,23.3967],[81.9667,23.4018],[81.9736,23.4176],[81.9714,23.4475],[81.9503,23.4661],[81.9489,23.4967],[81.9344,23.5056],[81.9164,23.5321],[81.9039,23.5351],[81.8794,23.5184],[81.8272,23.5113],[81.8101,23.5226],[81.7976,23.5488],[81.7564,23.5525],[81.7292,23.5651],[81.6931,23.5233],[81.6545,23.5316],[81.6477,23.5024],[81.6311,23.4917],[81.6052,23.5109],[81.6023,23.5537],[81.5771,23.5549],[81.5697,23.5886],[81.6027,23.6],[81.6132,23.661],[81.6431,23.6603],[81.6495,23.6835],[81.6732,23.6934],[81.6873,23.7213],[81.6693,23.7574],[81.6384,23.7779],[81.6426,23.8046],[81.6257,23.8358],[81.6094,23.8358],[81.5984,23.8537],[81.6149,23.8728],[81.5969,23.889]]]},"properties":{"NAME_1":"Madhya Pradesh","NAME_2":"Shahdol"}},{"type":"Feature","geometry":{"type":"Polygon","coordinates":[[[77.0481,23.4846],[77.0059,23.5029],[76.959,23.5047],[76.9352,23.4759],[76.9067,23.5023],[76.9166,23.5195],[76.8923,23.5265],[76.8775,23.5014],[76.8466,23.4994],[76.8123,23.4851],[76.8157,23.4718],[76.794,23.4598],[76.7593,23.5007],[76.6923,23.4909],[76.6847,23.501],[76.6553,23.5056],[76.6629,23.5285],[76.6498,23.5446],[76.6329,23.5461],[76.6001,23.5652],[76.5885,23.554],[76.5257,23.5764],[76.5023,23.568],[76.5111,23.5517],[76.5025,23.523],[76.4867,23.5147],[76.4333,23.5643],[76.4416,23.5764],[76.4271,23.6584],[76.4022,23.6763],[76.4007,23.731],[76.3948,23.7661],[76.3756,23.7729],[76.3797,23.816],[76.3589,23.8193],[76.3552,23.8535],[76.3257,23.8731],[76.3225,23.8922],[76.2969,23.9014],[76.3115,23.9359],[76.2973,23.9695],[76.2528,23.9852],[76.2762,24.007],[76.2628,24.0571],[76.2176,24.056],[76.2012,24.1038],[76.2359,24.0998],[76.2253,24.1205],[76.245,24.1416],[76.2242,24.1571],[76.2156,24.2168],[76.2062,24.2327],[76.2044,24.269],[76.1947,24.2848],[76.2062,24.3109],[76.1855,24.3315],[76.1692,24.2961],[76.1422,24.2812],[76.1545,24.2438],[76.1234,24.2054],[76.1206,24.1782],[76.1309,24.1691],[76.1369,24.1313],[76.1292,24.1189],[76.1347,24.0953],[76.0434,24.074],[76.0267,24.0505],[75.9901,24.0301],[75.9602,24.0254],[75.9602,23.9975],[75.9802,23.9744],[75.9758,23.9329],[75.8786,23.8846],[75.8534,23.8942],[75.8027,23.8711],[75.7799,23.8547],[75.7616,23.8569],[75.7592,23.8813],[75.7282,23.9021],[75.7023,23.9041],[75.6981,23.8771],[75.7275,23.8645],[75.7222,23.8269],[75.6902,23.8196],[75.6983,23.788],[75.6845,23.7606],[75.6895,23.7509],[75.7266,23.7616],[75.751,23.7294],[75.7827,23.7271],[75.79,23.7147],[75.8207,23.7012],[75.827,23.7358],[75.8481,23.7194],[75.841,23.6901],[75.8158,23.6756],[75.8329,23.6267],[75.839,23.5915],[75.8503,23.5739],[75.8881,23.5621],[75.9025,23.5733],[75.9316,23.557],[75.9523,23.5722],[75.9825,23.5753],[76.0027,23.5685],[76.0454,23.5721],[76.0608,23.5662],[76.0862,23.5798],[76.0982,23.575],[76.1107,23.5486],[76.1429,23.5774],[76.1589,23.5788],[76.1717,23.5568],[76.1531,23.5259],[76.1688,23.5098],[76.1939,23.5028],[76.2103,23.5309],[76.229,23.53],[76.241,23.5],[76.219,23.4966],[76.1918,23.4785],[76.2074,23.4562],[76.1954,23.428],[76.2065,23.3898],[76.2396,23.3932],[76.2473,23.3824],[76.2408,23.3477],[76.2217,23.3395],[76.2012,23.3457],[76.1876,23.3278],[76.1802,23.2798],[76.1664,23.2671],[76.143,23.2842],[76.1275,23.2818],[76.1114,23.2449],[76.1564,23.2252],[76.1765,23.23],[76.1957,23.2226],[76.2219,23.2255],[76.2452,23.2166],[76.2797,23.231],[76.3518,23.2286],[76.357,23.2341],[76.4068,23.2209],[76.4119,23.1995],[76.4548,23.1954],[76.456,23.1864],[76.5064,23.1826],[76.5358,23.1324],[76.5871,23.1134],[76.6126,23.1408],[76.6249,23.1408],[76.6288,23.1997],[76.655,23.1897],[76.6853,23.1959],[76.6979,23.1606],[76.7209,23.1611],[76.7313,23.1456],[76.7515,23.1579],[76.7474,23.1851],[76.7722,23.1754],[76.8049,23.1278],[76.8266,23.1164],[76.861,23.1091],[76.8961,23.1366],[76.8972,23.1768],[76.8907,23.2098],[76.9064,23.2345],[76.9308,23.2349],[76.9499,23.2455],[76.9905,23.2891],[76.9832,23.314],[76.9868,23.3514],[76.9942,23.3614],[76.9935,23.4028],[77.0154,23.4112],[77.0266,23.4571],[77.0481,23.4846]]]},"properties":{"NAME_1":"Madhya Pradesh","NAME_2":"Shajapur"}},{"type":"Feature","geometry":{"type":"Polygon","coordinates":[[[77.6495,25.9164],[77.5921,25.9235],[77.5502,25.9073],[77.5379,25.9147],[77.5349,25.9494],[77.5587,25.9373],[77.5931,25.9653],[77.6339,25.9675],[77.6416,26.0142],[77.6154,26.0177],[77.6076,26.0355],[77.6279,26.0535],[77.6285,26.0714],[77.6613,26.0751],[77.6591,26.0991],[77.6342,26.0997],[77.6041,26.0678],[77.6057,26.0465],[77.5863,26.0212],[77.5453,26.0293],[77.5338,26.0458],[77.514,26.052],[77.4726,26.0944],[77.3939,26.1579],[77.3244,26.1508],[77.2686,26.1299],[77.2434,26.09],[77.2272,26.0854],[77.2001,26.111],[77.1927,26.1444],[77.1604,26.1763],[77.1395,26.1683],[77.1406,26.1951],[77.1094,26.2251],[77.0964,26.1954],[77.0846,26.1872],[77.0526,26.1862],[77.0239,26.1762],[77.0048,26.1592],[76.9945,26.1378],[76.9387,26.1061],[76.8878,26.0933],[76.8704,26.0564],[76.8381,26.0364],[76.8402,26.0113],[76.818,25.9843],[76.8189,25.9713],[76.7948,25.9442],[76.7607,25.9425],[76.7624,25.9221],[76.7333,25.9025],[76.7145,25.901],[76.6744,25.9118],[76.6414,25.9063],[76.6317,25.8752],[76.5975,25.8765],[76.5668,25.8397],[76.5293,25.798],[76.5222,25.7663],[76.5266,25.731],[76.4824,25.7181],[76.4778,25.6951],[76.5108,25.6728],[76.4994,25.6483],[76.5147,25.6337],[76.5098,25.5798],[76.5222,25.5504],[76.5203,25.5299],[76.5379,25.5102],[76.5596,25.4733],[76.5607,25.4499],[76.5743,25.4367],[76.589,25.4315],[76.6025,25.389],[76.6363,25.3803],[76.6811,25.3455],[76.7145,25.3424],[76.7404,25.3478],[76.7667,25.3362],[76.7728,25.3159],[76.843,25.3305],[76.8932,25.3224],[76.9292,25.2973],[76.9287,25.2792],[76.9527,25.2786],[76.9587,25.2972],[77.0242,25.3011],[77.0394,25.3251],[77.0635,25.3242],[77.0755,25.3397],[77.0724,25.3577],[77.0369,25.3467],[77.0066,25.3581],[77.0103,25.3873],[77.0215,25.392],[77.0845,25.3853],[77.1049,25.398],[77.0997,25.4152],[77.1424,25.4235],[77.1325,25.4559],[77.1413,25.4684],[77.179,25.4712],[77.1673,25.4904],[77.1811,25.519],[77.2164,25.5204],[77.2885,25.5395],[77.2661,25.5656],[77.2508,25.5991],[77.2759,25.6354],[77.2512,25.6485],[77.247,25.6649],[77.2657,25.6802],[77.3064,25.6683],[77.3157,25.6832],[77.2703,25.7248],[77.2921,25.7425],[77.312,25.7418],[77.3194,25.7911],[77.3566,25.7945],[77.3933,25.7868],[77.4296,25.7987],[77.4031,25.8164],[77.4082,25.8776],[77.4352,25.8967],[77.4675,25.8661],[77.4988,25.8614],[77.5511,25.8192],[77.5751,25.826],[77.5748,25.8661],[77.604,25.8646],[77.6307,25.8729],[77.6382,25.9056],[77.6495,25.9164]]]},"properties":{"NAME_1":"Madhya Pradesh","NAME_2":"Sheopur"}},{"type":"Feature","geometry":{"type":"Polygon","coordinates":[[[78.2737,25.7864],[78.2598,25.7862],[78.2069,25.744],[78.1702,25.7436],[78.1542,25.7249],[78.1326,25.7285],[78.0514,25.7163],[78.0217,25.7244],[77.9888,25.7458],[77.9932,25.7707],[77.9507,25.754],[77.9111,25.7588],[77.8689,25.7455],[77.8675,25.7836],[77.8607,25.809],[77.8484,25.8178],[77.8107,25.8207],[77.7909,25.8298],[77.7758,25.8611],[77.7543,25.8575],[77.7392,25.8683],[77.7386,25.8877],[77.7058,25.8841],[77.6908,25.8937],[77.686,25.9134],[77.6701,25.9215],[77.6495,25.9164],[77.6382,25.9056],[77.6307,25.8729],[77.604,25.8646],[77.5748,25.8661],[77.5751,25.826],[77.5511,25.8192],[77.4988,25.8614],[77.4675,25.8661],[77.4352,25.8967],[77.4082,25.8776],[77.4031,25.8164],[77.4296,25.7987],[77.3933,25.7868],[77.3566,25.7945],[77.3194,25.7911],[77.312,25.7418],[77.2921,25.7425],[77.2703,25.7248],[77.3157,25.6832],[77.3064,25.6683],[77.2657,25.6802],[77.247,25.6649],[77.2512,25.6485],[77.2759,25.6354],[77.2508,25.5991],[77.2661,25.5656],[77.2885,25.5395],[77.2164,25.5204],[77.1811,25.519],[77.1673,25.4904],[77.179,25.4712],[77.1413,25.4684],[77.1325,25.4559],[77.1424,25.4235],[77.0997,25.4152],[77.1049,25.398],[77.0845,25.3853],[77.0215,25.392],[77.0103,25.3873],[77.0066,25.3581],[77.0369,25.3467],[77.0724,25.3577],[77.0755,25.3397],[77.1158,25.3351],[77.1536,25.3132],[77.1906,25.3117],[77.1982,25.3305],[77.218,25.3313],[77.2203,25.3734],[77.26,25.3995],[77.283,25.4236],[77.3053,25.4364],[77.3613,25.413],[77.3443,25.3879],[77.356,25.3679],[77.3439,25.3374],[77.3638,25.333],[77.3748,25.3059],[77.3667,25.2854],[77.3497,25.2718],[77.3627,25.2501],[77.4064,25.2263],[77.418,25.193],[77.3907,25.1882],[77.3867,25.122],[77.3487,25.0978],[77.3029,25.0839],[77.3144,25.0426],[77.3312,25.0291],[77.3289,25.002],[77.3419,24.986],[77.3526,24.9488],[77.375,24.928],[77.3988,24.9519],[77.4156,24.9502],[77.4442,24.9328],[77.4715,24.8815],[77.5055,24.877],[77.5414,24.8843],[77.5573,24.876],[77.5732,24.8899],[77.5432,24.9008],[77.538,24.9197],[77.5765,24.9658],[77.5916,24.9594],[77.5868,24.9308],[77.6047,24.9323],[77.6149,24.9133],[77.6468,24.8948],[77.6674,24.8702],[77.7004,24.857],[77.7424,24.8717],[77.7489,24.8997],[77.7639,24.9038],[77.7827,24.9378],[77.8161,24.983],[77.8201,25.0045],[77.8649,25.0024],[77.8791,25.0111],[77.8995,25.0043],[77.9069,24.9871],[77.9513,24.9889],[77.9567,24.9701],[78.0018,24.9661],[78.0057,24.9447],[77.9812,24.9265],[77.9821,24.8921],[77.9636,24.8787],[77.9677,24.8498],[77.9936,24.855],[78.0253,24.8423],[78.0427,24.8608],[78.1057,24.8401],[78.1653,24.8482],[78.1704,24.8853],[78.1997,24.8962],[78.2139,24.9156],[78.2896,24.9681],[78.3067,24.989],[78.3275,24.9996],[78.3381,25.0273],[78.3252,25.0841],[78.367,25.1045],[78.3897,25.127],[78.4429,25.1288],[78.4229,25.1454],[78.442,25.1574],[78.4439,25.1726],[78.4173,25.1728],[78.3854,25.1952],[78.3955,25.2212],[78.3752,25.2258],[78.3552,25.25],[78.3622,25.2654],[78.3451,25.283],[78.3452,25.2979],[78.308,25.311],[78.3313,25.3367],[78.3232,25.3553],[78.2942,25.3676],[78.3325,25.4046],[78.3352,25.4311],[78.3476,25.4548],[78.361,25.4466],[78.3857,25.4542],[78.3938,25.4713],[78.4216,25.4797],[78.4086,25.508],[78.4087,25.5329],[78.4261,25.5615],[78.4371,25.5644],[78.4604,25.5897],[78.4372,25.5998],[78.4072,25.5751],[78.3851,25.5824],[78.4031,25.6034],[78.3817,25.6128],[78.3685,25.6661],[78.337,25.6657],[78.3043,25.6875],[78.3027,25.7036],[78.276,25.7069],[78.2532,25.7244],[78.2437,25.6989],[78.2092,25.7046],[78.2217,25.7308],[78.2541,25.7505],[78.2738,25.7555],[78.2737,25.7864]]]},"properties":{"NAME_1":"Madhya Pradesh","NAME_2":"Shivpuri"}},{"type":"Feature","geometry":{"type":"Polygon","coordinates":[[[82.5184,24.6783],[82.4868,24.6755],[82.4202,24.7053],[82.4016,24.6838],[82.4118,24.6578],[82.4035,24.6362],[82.4092,24.5978],[82.3608,24.602],[82.3298,24.6238],[82.2939,24.6137],[82.2986,24.6011],[82.2666,24.5956],[82.2397,24.6098],[82.1912,24.6181],[82.1567,24.6028],[82.115,24.5951],[82.0622,24.6034],[82.0534,24.5788],[82.0074,24.5718],[81.9854,24.5572],[81.9553,24.5561],[81.943,24.5761],[81.8877,24.5559],[81.878,24.5323],[81.8108,24.5146],[81.7894,24.5193],[81.7785,24.5072],[81.7381,24.4984],[81.7301,24.5144],[81.6894,24.5034],[81.633,24.4736],[81.5921,24.458],[81.5406,24.4452],[81.4938,24.4251],[81.4485,24.3961],[81.3656,24.364],[81.2983,24.3252],[81.3441,24.2569],[81.3829,24.2675],[81.4303,24.2613],[81.4613,24.2715],[81.4735,24.2429],[81.4757,24.203],[81.4666,24.1738],[81.4887,24.1698],[81.4818,24.1437],[81.5029,24.1131],[81.5023,24.0884],[81.5311,24.0719],[81.5169,24.0498],[81.4853,24.0454],[81.5038,24.0265],[81.4952,23.9964],[81.5088,23.9814],[81.5289,23.9843],[81.5472,23.9561],[81.5317,23.9395],[81.5346,23.9201],[81.5565,23.9155],[81.5969,23.889],[81.6144,23.9083],[81.6292,23.9077],[81.6616,23.9256],[81.6974,23.886],[81.7027,23.8634],[81.7209,23.8608],[81.7269,23.841],[81.7726,23.8142],[81.8117,23.8095],[81.8621,23.8348],[81.8941,23.8441],[81.9164,23.873],[81.9507,23.8529],[82.0007,23.8631],[82.0352,23.8426],[82.0454,23.8206],[82.078,23.8171],[82.1175,23.8231],[82.1341,23.8182],[82.1993,23.8319],[82.2315,23.8078],[82.2553,23.8219],[82.2976,23.8082],[82.347,23.8037],[82.3683,23.8111],[82.3882,23.8014],[82.4635,23.8108],[82.4918,23.7857],[82.5162,23.7842],[82.5445,23.7942],[82.5482,23.8269],[82.586,23.8229],[82.6059,23.8362],[82.6295,23.839],[82.6406,23.858],[82.6602,23.8703],[82.6461,23.8887],[82.6547,23.9063],[82.6819,23.9123],[82.7019,23.9249],[82.7481,23.9223],[82.8078,23.9631],[82.7987,23.9766],[82.8015,24.0011],[82.7459,24.0131],[82.7399,24.031],[82.7558,24.0436],[82.7549,24.0732],[82.7084,24.0808],[82.7014,24.0971],[82.6635,24.1239],[82.6574,24.1348],[82.6709,24.1585],[82.6884,24.1442],[82.7204,24.139],[82.7361,24.1684],[82.727,24.2233],[82.7499,24.2361],[82.7506,24.2681],[82.7641,24.2924],[82.7598,24.3191],[82.7645,24.3475],[82.7606,24.373],[82.7185,24.3712],[82.7072,24.3852],[82.715,24.4162],[82.7257,24.4263],[82.7238,24.4763],[82.7365,24.4998],[82.7156,24.5133],[82.7161,24.5571],[82.746,24.5415],[82.8008,24.5527],[82.7964,24.5998],[82.7683,24.5975],[82.7658,24.6416],[82.6917,24.6486],[82.696,24.6757],[82.6656,24.6999],[82.5876,24.6737],[82.574,24.663],[82.5293,24.652],[82.5184,24.6783]]]},"properties":{"NAME_1":"Madhya Pradesh","NAME_2":"Sidhi"}},{"type":"Feature","geometry":{"type":"Polygon","coordinates":[[[79.3139,25.151],[79.301,25.1308],[79.2765,25.1203],[79.2506,25.1612],[79.2375,25.1428],[79.2384,25.1164],[79.1979,25.1282],[79.1849,25.1511],[79.1684,25.1453],[79.1793,25.1177],[79.1334,25.1111],[79.1078,25.1437],[79.1192,25.1634],[79.0906,25.1762],[79.0641,25.1725],[79.0581,25.1508],[79.0389,25.1372],[79.0218,25.1432],[79.0358,25.1739],[79.0246,25.1866],[79.0564,25.2257],[79.0265,25.2347],[79.0147,25.2478],[79.0124,25.274],[78.9868,25.275],[78.9723,25.2428],[78.995,25.2323],[79.0004,25.2161],[78.9824,25.1992],[78.9528,25.2207],[78.9242,25.2106],[78.9006,25.1805],[78.8771,25.1622],[78.8674,25.19],[78.8816,25.2155],[78.8671,25.2325],[78.8722,25.2508],[78.8964,25.2499],[78.9086,25.2744],[78.9406,25.2627],[78.9438,25.2801],[78.9703,25.2911],[78.9528,25.3119],[78.9558,25.3478],[78.9312,25.3324],[78.8852,25.3467],[78.8564,25.317],[78.8719,25.2918],[78.8623,25.2831],[78.8459,25.2338],[78.8351,25.2332],[78.7933,25.2931],[78.7919,25.3148],[78.8146,25.311],[78.8333,25.3313],[78.8377,25.3522],[78.8747,25.3877],[78.9011,25.3893],[78.9154,25.3996],[78.9434,25.4031],[78.9311,25.3771],[78.8954,25.3808],[78.897,25.3652],[78.9387,25.3528],[78.9484,25.37],[78.9745,25.3726],[78.9702,25.4205],[78.9601,25.4389],[78.9426,25.4417],[78.9291,25.4283],[78.9032,25.4469],[78.93,25.4686],[78.9352,25.4943],[78.9167,25.5168],[78.9419,25.5312],[78.9417,25.5514],[78.9257,25.56],[78.8855,25.5608],[78.8684,25.5442],[78.876,25.5243],[78.8339,25.516],[78.8572,25.4671],[78.8537,25.4523],[78.7895,25.4835],[78.7565,25.4762],[78.7263,25.4901],[78.7246,25.4633],[78.7654,25.43],[78.7895,25.442],[78.7946,25.4266],[78.7454,25.4155],[78.7586,25.4041],[78.7644,25.3584],[78.7357,25.3492],[78.7038,25.3586],[78.7098,25.3763],[78.6579,25.388],[78.6691,25.4039],[78.7002,25.4261],[78.6892,25.4454],[78.658,25.4438],[78.6325,25.433],[78.6338,25.4095],[78.6035,25.4171],[78.5778,25.3771],[78.5762,25.3519],[78.556,25.3486],[78.5281,25.3659],[78.5336,25.3309],[78.5251,25.3065],[78.5051,25.3021],[78.4875,25.3202],[78.4693,25.3033],[78.4298,25.297],[78.4287,25.2808],[78.454,25.2706],[78.4893,25.2921],[78.5209,25.288],[78.536,25.2719],[78.5686,25.2586],[78.5626,25.226],[78.5698,25.202],[78.5937,25.1574],[78.5972,25.0979],[78.6203,25.0916],[78.6419,25.0615],[78.6249,24.9619],[78.6537,24.9442],[78.6684,24.9024],[78.6963,24.8947],[78.7645,24.8614],[78.7805,24.815],[78.7645,24.795],[78.7632,24.7668],[78.7724,24.7041],[78.7401,24.66],[78.752,24.6025],[78.7769,24.5931],[78.8018,24.6078],[78.8308,24.6089],[78.8628,24.6411],[78.8817,24.6397],[78.9131,24.5813],[78.9455,24.5533],[78.9442,24.5095],[78.9664,24.4969],[78.9431,24.4849],[78.9009,24.4884],[78.9128,24.4635],[78.9311,24.46],[78.9444,24.4433],[78.982,24.4472],[78.9907,24.4802],[79.0092,24.5177],[79.0111,24.5395],[79.0353,24.5587],[79.0652,24.6017],[79.0597,24.6275],[79.0849,24.6346],[79.1036,24.6283],[79.1391,24.6284],[79.174,24.6142],[79.2007,24.6265],[79.2008,24.6525],[79.2234,24.6685],[79.2375,24.6615],[79.2899,24.6791],[79.2981,24.7122],[79.3122,24.7378],[79.3124,24.775],[79.3005,24.7956],[79.3163,24.8605],[79.3403,24.8967],[79.342,24.9159],[79.3325,24.9631],[79.3364,24.9804],[79.3277,25.005],[79.3243,25.0505],[79.3372,25.0807],[79.3304,25.1264],[79.3139,25.151]]]},"properties":{"NAME_1":"Madhya Pradesh","NAME_2":"Tikamgarh"}},{"type":"Feature","geometry":{"type":"Polygon","coordinates":[[[76.1114,23.2449],[76.1275,23.2818],[76.143,23.2842],[76.1664,23.2671],[76.1802,23.2798],[76.1876,23.3278],[76.2012,23.3457],[76.2217,23.3395],[76.2408,23.3477],[76.2473,23.3824],[76.2396,23.3932],[76.2065,23.3898],[76.1954,23.428],[76.2074,23.4562],[76.1918,23.4785],[76.219,23.4966],[76.241,23.5],[76.229,23.53],[76.2103,23.5309],[76.1939,23.5028],[76.1688,23.5098],[76.1531,23.5259],[76.1717,23.5568],[76.1589,23.5788],[76.1429,23.5774],[76.1107,23.5486],[76.0982,23.575],[76.0862,23.5798],[76.0608,23.5662],[76.0454,23.5721],[76.0027,23.5685],[75.9825,23.5753],[75.9523,23.5722],[75.9316,23.557],[75.9025,23.5733],[75.8881,23.5621],[75.8503,23.5739],[75.839,23.5915],[75.8329,23.6267],[75.8158,23.6756],[75.841,23.6901],[75.8481,23.7194],[75.827,23.7358],[75.8207,23.7012],[75.79,23.7147],[75.7827,23.7271],[75.751,23.7294],[75.7266,23.7616],[75.6895,23.7509],[75.6859,23.7185],[75.6441,23.7119],[75.6274,23.6977],[75.6205,23.6653],[75.5632,23.6611],[75.5545,23.6707],[75.5234,23.6724],[75.5029,23.6229],[75.5135,23.5921],[75.4966,23.5585],[75.5226,23.5434],[75.496,23.5295],[75.4037,23.5846],[75.3972,23.6054],[75.3712,23.6064],[75.3323,23.5967],[75.3302,23.6185],[75.279,23.5908],[75.2734,23.5454],[75.2571,23.5461],[75.2263,23.5265],[75.1833,23.5217],[75.1713,23.484],[75.1768,23.4706],[75.1578,23.4389],[75.1651,23.402],[75.2152,23.3323],[75.2607,23.3042],[75.3248,23.2996],[75.3235,23.2819],[75.2686,23.2766],[75.2646,23.249],[75.283,23.2389],[75.2825,23.2227],[75.2496,23.2305],[75.2287,23.2166],[75.2415,23.1391],[75.3019,23.1322],[75.3386,23.0619],[75.3384,23.0464],[75.3122,23.0492],[75.3031,22.9983],[75.3244,22.9909],[75.326,22.9601],[75.3061,22.9574],[75.3201,22.9324],[75.325,22.8854],[75.3343,22.8752],[75.332,22.8419],[75.3565,22.8374],[75.3745,22.8714],[75.4376,22.8727],[75.4402,22.9107],[75.4766,22.9431],[75.4555,22.9448],[75.4637,22.9671],[75.4801,22.9709],[75.4791,23.0053],[75.5073,23.0084],[75.5089,23.0235],[75.5661,23.0683],[75.5668,23.0894],[75.6079,23.0934],[75.6281,23.0872],[75.6189,23.0613],[75.6339,23.0239],[75.673,23.0212],[75.711,23.0246],[75.7299,23.0199],[75.7367,23.0386],[75.7673,23.0324],[75.8117,23.0444],[75.8472,23.0355],[75.8726,23.0417],[75.8992,23.0038],[75.9024,23.0291],[75.9295,23.0345],[75.954,23.0269],[75.9781,23.0463],[75.9886,23.0903],[75.9584,23.1298],[75.9322,23.1383],[75.9526,23.1846],[75.9494,23.2297],[75.9328,23.228],[75.9276,23.2766],[75.9321,23.2999],[75.9472,23.3234],[75.9605,23.3252],[75.9906,23.2839],[75.9731,23.2682],[75.9759,23.2483],[75.9983,23.2506],[76.0024,23.2111],[76.0285,23.184],[76.0315,23.1444],[76.0553,23.1009],[76.0513,23.0818],[76.0702,23.0693],[76.0754,23.0526],[76.1082,23.0638],[76.1008,23.0957],[76.0587,23.1426],[76.0463,23.1465],[76.0493,23.1829],[76.0699,23.1657],[76.1251,23.1795],[76.1381,23.1977],[76.1223,23.2135],[76.0865,23.2048],[76.0686,23.2121],[76.0709,23.2409],[76.1114,23.2449]]]},"properties":{"NAME_1":"Madhya Pradesh","NAME_2":"Ujjain"}},{"type":"Feature","geometry":{"type":"Polygon","coordinates":[[[80.9992,24.0907],[80.9919,24.0947],[80.9874,24.0942],[80.9781,24.0809],[80.9659,24.0692],[80.9542,24.07],[80.9477,24.0661],[80.9362,24.0625],[80.9228,24.0526],[80.9312,24.0489],[80.9284,24.0467],[80.9117,24.0458],[80.8971,24.0379],[80.8885,24.0147],[80.8862,24.0114],[80.8814,24.0014],[80.8667,23.9856],[80.8713,23.9756],[80.8643,23.9683],[80.8473,23.9689],[80.8348,23.9669],[80.8297,23.9589],[80.8334,23.9368],[80.8351,23.9101],[80.861,23.9079],[80.8592,23.8932],[80.8549,23.8809],[80.887,23.8633],[80.8902,23.8323],[80.8985,23.8138],[80.8986,23.8074],[80.9004,23.7976],[80.9058,23.7891],[80.886,23.771],[80.8849,23.7641],[80.8871,23.7572],[80.8931,23.7261],[80.8938,23.7157],[80.8979,23.7105],[80.8976,23.7011],[80.8948,23.6816],[80.8735,23.6807],[80.8487,23.6739],[80.833,23.6743],[80.8142,23.6718],[80.8082,23.6821],[80.7947,23.6903],[80.7779,23.7004],[80.7695,23.7024],[80.7659,23.708],[80.7638,23.7098],[80.728,23.7299],[80.7224,23.7349],[80.7182,23.7409],[80.7136,23.7545],[80.7061,23.7637],[80.7029,23.7634],[80.6997,23.7386],[80.6962,23.7374],[80.6886,23.7379],[80.6801,23.7348],[80.6747,23.7234],[80.6709,23.7106],[80.6629,23.6949],[80.6647,23.6792],[80.6491,23.6574],[80.6361,23.6512],[80.636,23.6446],[80.6343,23.6278],[80.6169,23.6182],[80.6052,23.5886],[80.602,23.5889],[80.5937,23.5888],[80.59,23.5783],[80.5805,23.5796],[80.5608,23.5704],[80.5529,23.5645],[80.545,23.5477],[80.5464,23.5328],[80.5419,23.5223],[80.5386,23.4952],[80.5464,23.4844],[80.5564,23.4622],[80.5563,23.4526],[80.5505,23.4389],[80.5412,23.4405],[80.5324,23.4367],[80.5237,23.4184],[80.526,23.4037],[80.5372,23.3921],[80.5505,23.3797],[80.5347,23.3663],[80.5669,23.354],[80.5871,23.3492],[80.6237,23.3625],[80.6674,23.3646],[80.6944,23.3731],[80.7042,23.3634],[80.7498,23.3461],[80.7476,23.3221],[80.7185,23.3049],[80.71,23.2825],[80.7177,23.265],[80.7374,23.2539],[80.7357,23.2362],[80.7555,23.2215],[80.7819,23.2245],[80.7861,23.2518],[80.8265,23.2423],[80.8553,23.2237],[80.8645,23.2387],[80.9079,23.2608],[80.9153,23.282],[80.9304,23.2908],[80.9874,23.2341],[81.0125,23.2243],[81.0263,23.2086],[81.0501,23.2085],[81.0605,23.196],[81.0932,23.2036],[81.0984,23.2305],[81.085,23.2261],[81.0813,23.2265],[81.0796,23.2334],[81.0806,23.2369],[81.0918,23.2459],[81.0987,23.2513],[81.0966,23.2573],[81.0949,23.2578],[81.0643,23.2524],[81.047,23.2636],[81.0545,23.271],[81.0484,23.2761],[81.0356,23.2732],[81.0306,23.2837],[81.0333,23.3051],[81.0278,23.3228],[81.0353,23.3447],[81.0172,23.3635],[80.9976,23.379],[80.9994,23.3848],[81.0077,23.3999],[81.0154,23.4202],[81.0142,23.4345],[81.0155,23.4492],[81.043,23.4532],[81.0529,23.4574],[81.0684,23.4569],[81.0817,23.4527],[81.1012,23.4578],[81.1069,23.4572],[81.1123,23.4653],[81.1156,23.4655],[81.1221,23.46],[81.1228,23.4689],[81.1307,23.4697],[81.1388,23.4622],[81.1511,23.488],[81.1609,23.4996],[81.1546,23.5344],[81.1726,23.546],[81.2017,23.5908],[81.2026,23.6129],[81.2132,23.6306],[81.2104,23.644],[81.2259,23.6448],[81.2309,23.6461],[81.2345,23.6524],[81.2347,23.6623],[81.233,23.6671],[81.2214,23.6769],[81.2328,23.6927],[81.2399,23.7267],[81.2153,23.7423],[81.2103,23.7446],[81.2027,23.7587],[81.1873,23.7828],[81.1814,23.7872],[81.1784,23.817],[81.1847,23.8228],[81.1977,23.8248],[81.2264,23.8255],[81.2377,23.8296],[81.2614,23.835],[81.2593,23.8475],[81.2411,23.859],[81.2202,23.8546],[81.2175,23.8559],[81.2097,23.8681],[81.2021,23.8834],[81.1926,23.8867],[81.1889,23.8857],[81.167,23.8808],[81.1545,23.8988],[81.1702,23.9121],[81.1563,23.9274],[81.1384,23.9242],[81.1207,23.9486],[81.124,23.9621],[81.1235,23.9692],[81.1137,23.9719],[81.1008,23.9672],[81.0655,23.9656],[81.0622,23.9685],[81.0532,24.0029],[81.0216,24.0371],[81.0072,24.0619],[80.9936,24.0842],[80.9992,24.0907]]]},"properties":{"NAME_1":"Madhya Pradesh","NAME_2":"Umaria"}},{"type":"Feature","geometry":{"type":"Polygon","coordinates":[[[77.6437,24.3197],[77.6159,24.302],[77.5933,24.3022],[77.589,24.2736],[77.5702,24.2728],[77.5485,24.2532],[77.4991,24.2582],[77.487,24.2809],[77.4465,24.2445],[77.4255,24.249],[77.3964,24.2798],[77.4041,24.332],[77.3907,24.3421],[77.3533,24.3516],[77.3418,24.3237],[77.3181,24.2896],[77.347,24.2193],[77.3375,24.185],[77.2983,24.1709],[77.3088,24.1554],[77.2841,24.1291],[77.2936,24.0929],[77.2598,24.0746],[77.2651,24.0467],[77.2858,24.0482],[77.3061,24.0142],[77.3059,23.9855],[77.291,23.9796],[77.302,23.9579],[77.3036,23.9259],[77.3183,23.9156],[77.3141,23.8981],[77.3702,23.8883],[77.4131,23.809],[77.4665,23.7647],[77.5028,23.7815],[77.5111,23.7716],[77.5455,23.7619],[77.5695,23.7728],[77.6091,23.7516],[77.5998,23.7347],[77.6459,23.7025],[77.6272,23.6662],[77.6062,23.6671],[77.5752,23.6568],[77.5556,23.6051],[77.5085,23.5852],[77.5024,23.5451],[77.5175,23.5216],[77.5199,23.5074],[77.5636,23.5054],[77.5668,23.4925],[77.5959,23.4902],[77.621,23.4678],[77.6464,23.4821],[77.6479,23.5058],[77.6262,23.5272],[77.6244,23.5505],[77.6496,23.5424],[77.6679,23.5219],[77.6883,23.5354],[77.6988,23.5228],[77.7301,23.5385],[77.7736,23.493],[77.7962,23.4808],[77.8064,23.4652],[77.838,23.4504],[77.8736,23.4459],[77.9103,23.4562],[77.9326,23.4274],[77.9527,23.4187],[77.9558,23.3762],[77.9944,23.3661],[78.0172,23.3488],[78.0452,23.3713],[78.052,23.3879],[78.0432,23.4051],[77.9999,23.4174],[77.9875,23.4303],[77.9928,23.4663],[78.01,23.4776],[78.048,23.4617],[78.0807,23.4541],[78.098,23.4706],[78.1295,23.4873],[78.1288,23.5203],[78.1918,23.5394],[78.2162,23.5326],[78.2339,23.567],[78.2365,23.5847],[78.2629,23.5999],[78.2871,23.6777],[78.2546,23.7283],[78.2339,23.7258],[78.2583,23.7725],[78.2517,23.7925],[78.281,23.7879],[78.2786,23.8145],[78.2928,23.8324],[78.288,23.8519],[78.2675,23.8482],[78.2746,23.8927],[78.2863,23.9109],[78.2833,23.9305],[78.2592,23.9501],[78.2803,23.965],[78.2849,23.9896],[78.2723,24.033],[78.2062,24.0723],[78.1862,24.0547],[78.1768,24.0157],[78.1584,24.0137],[78.1466,24.0283],[78.1128,24.0451],[78.1077,24.0317],[78.0696,24.0485],[78.0847,24.0692],[78.113,24.0541],[78.1201,24.0969],[78.1298,24.1201],[78.1119,24.1306],[78.0991,24.1681],[78.1176,24.1672],[78.1284,24.2153],[78.0914,24.2139],[78.0533,24.2332],[78.0667,24.2608],[78.0413,24.2886],[78.0191,24.2853],[78.0088,24.2476],[77.9897,24.2434],[77.9606,24.2524],[77.942,24.2361],[77.9196,24.274],[77.8804,24.2842],[77.8918,24.308],[77.8743,24.3222],[77.8077,24.313],[77.7814,24.3223],[77.7705,24.3087],[77.7496,24.3131],[77.7104,24.3069],[77.6437,24.3197]]]},"properties":{"NAME_1":"Madhya Pradesh","NAME_2":"Vidisha"}},{"type":"Feature","geometry":{"type":"Polygon","coordinates":[[[76.2122,22.3326],[76.2368,22.3957],[76.2141,22.4214],[76.1608,22.4401],[76.1009,22.4794],[76.0858,22.5506],[76.0781,22.5288],[76.0613,22.5355],[76.03,22.5319],[76.0273,22.4991],[76.054,22.4809],[76.0575,22.4647],[76.0153,22.4429],[76.0092,22.423],[75.9742,22.4404],[75.9164,22.4244],[75.9108,22.3939],[75.8775,22.3832],[75.8553,22.3837],[75.8376,22.4057],[75.7724,22.3699],[75.75,22.3638],[75.7206,22.3721],[75.6773,22.3489],[75.6209,22.3428],[75.5736,22.3797],[75.5591,22.3778],[75.5386,22.3608],[75.5036,22.3656],[75.4972,22.3392],[75.5163,22.3094],[75.5155,22.2842],[75.5306,22.2741],[75.5358,22.2288],[75.5225,22.2089],[75.5184,22.1756],[75.505,22.1604],[75.4409,22.1533],[75.409,22.1411],[75.3765,22.1457],[75.32,22.1363],[75.3439,22.1264],[75.3624,22.1052],[75.3975,22.094],[75.3947,22.0725],[75.4168,22.0602],[75.4209,22.0303],[75.4458,22.0269],[75.4004,21.9925],[75.3595,21.989],[75.3553,21.961],[75.3398,21.9507],[75.3343,21.9121],[75.317,21.9093],[75.2928,21.9254],[75.2807,21.8895],[75.2852,21.871],[75.3007,21.8658],[75.311,21.8415],[75.2968,21.8165],[75.2774,21.8015],[75.2863,21.7823],[75.2655,21.7477],[75.2336,21.7445],[75.2106,21.7318],[75.2221,21.6974],[75.2662,21.6859],[75.2931,21.6378],[75.3413,21.6689],[75.3926,21.6803],[75.4413,21.6783],[75.4422,21.6625],[75.4719,21.6276],[75.5017,21.6199],[75.4632,21.5455],[75.4673,21.5189],[75.5033,21.4903],[75.5287,21.4918],[75.5368,21.4815],[75.5842,21.4774],[75.6121,21.4584],[75.594,21.439],[75.6069,21.4043],[75.6194,21.3935],[75.6295,21.3812],[75.6734,21.3804],[75.7068,21.3913],[75.7441,21.3932],[75.7589,21.3855],[75.8014,21.3902],[75.8326,21.3833],[75.8628,21.3873],[75.8881,21.3996],[75.9165,21.3898],[75.9687,21.394],[75.9916,21.3761],[75.9918,21.3767],[75.9919,21.3774],[75.992,21.378],[75.9922,21.379],[75.9923,21.3799],[75.9926,21.3812],[75.9927,21.3818],[75.9929,21.3827],[75.9931,21.3836],[75.9933,21.3841],[75.9935,21.385],[75.9937,21.3856],[75.9942,21.3869],[75.9944,21.3874],[75.9947,21.3879],[75.9948,21.3884],[75.9952,21.3893],[75.9954,21.3898],[75.9956,21.3902],[75.9962,21.3917],[75.9965,21.3924],[75.9967,21.3928],[75.9969,21.3933],[75.9971,21.3938],[75.9973,21.3942],[75.9975,21.3947],[75.9979,21.3958],[75.9982,21.3966],[75.9987,21.3977],[75.999,21.3983],[75.9994,21.3989],[75.9998,21.3995],[76,21.3998],[76.0003,21.4004],[76.0042,21.4022],[76.0059,21.4087],[76.0083,21.413],[76.0104,21.423],[76.0099,21.4268],[76.0069,21.4547],[76.0103,21.4602],[76.006,21.4823],[75.9862,21.4859],[75.9796,21.4871],[75.9716,21.4832],[75.9622,21.4826],[75.9561,21.4834],[75.9525,21.5112],[75.9578,21.5491],[76.019,21.5531],[76.0414,21.5619],[76.0788,21.5746],[76.0814,21.6111],[76.0736,21.6638],[76.1082,21.6912],[76.1342,21.6916],[76.162,21.6754],[76.1744,21.6887],[76.1674,21.7247],[76.1448,21.7348],[76.1178,21.723],[76.1025,21.7406],[76.1262,21.7556],[76.1169,21.7692],[76.096,21.7717],[76.111,21.7954],[76.103,21.8501],[76.1498,21.8863],[76.1702,21.8881],[76.1513,21.9483],[76.1458,21.9817],[76.1685,22.0044],[76.1594,22.0267],[76.1714,22.0466],[76.1997,22.0415],[76.2097,22.0659],[76.233,22.076],[76.2275,22.1028],[76.2086,22.1014],[76.1832,22.1247],[76.1587,22.1168],[76.1425,22.1003],[76.1532,22.0607],[76.1059,22.0568],[76.106,22.0942],[76.1447,22.1198],[76.1272,22.1388],[76.1298,22.173],[76.1539,22.1786],[76.1638,22.1936],[76.1588,22.2153],[76.1077,22.2145],[76.0983,22.1925],[76.0574,22.1919],[76.0319,22.1995],[76.0296,22.2233],[76.0635,22.2288],[76.1082,22.2541],[76.1344,22.2618],[76.1626,22.2609],[76.1817,22.2749],[76.2122,22.3326]]]},"properties":{"NAME_1":"Madhya Pradesh","NAME_2":"West Nimar"}}]}