{"type":"FeatureCollection","features":[{"type":"Feature","geometry":{"type":"Polygon","coordinates":[[[74.6777,19.9476],[74.5782,19.9554],[74.5628,19.9683],[74.5363,19.9763],[74.4852,19.9671],[74.4743,19.9886],[74.4544,19.9755],[74.3913,19.9813],[74.3713,19.9663],[74.3536,19.9845],[74.3253,19.9862],[74.3118,19.9692],[74.2892,19.9597],[74.2575,19.9648],[74.2561,19.9375],[74.2809,19.9311],[74.2835,19.9089],[74.3439,19.8868],[74.3464,19.8741],[74.3702,19.8713],[74.3711,19.8025],[74.3394,19.7997],[74.3248,19.768],[74.2818,19.7767],[74.252,19.7445],[74.229,19.7375],[74.1956,19.7375],[74.1706,19.7256],[74.1501,19.6738],[74.128,19.6442],[74.1034,19.6402],[74.0773,19.6605],[73.9873,19.6767],[73.9467,19.6732],[73.923,19.6819],[73.9048,19.7168],[73.9083,19.741],[73.8752,19.7499],[73.8503,19.7413],[73.812,19.6825],[73.7893,19.6564],[73.7874,19.6358],[73.7209,19.6141],[73.7205,19.6029],[73.672,19.5864],[73.6426,19.5971],[73.6288,19.5871],[73.6372,19.5726],[73.6348,19.5428],[73.6649,19.5348],[73.6768,19.5143],[73.708,19.5053],[73.7156,19.4831],[73.6842,19.4626],[73.6993,19.4393],[73.7373,19.4303],[73.7417,19.4117],[73.7897,19.3861],[73.8093,19.395],[73.8514,19.3754],[73.865,19.3589],[73.892,19.3764],[73.9224,19.3654],[73.9384,19.3407],[74.0072,19.3577],[74.0202,19.3258],[74.0354,19.3105],[74.0227,19.2924],[74.034,19.269],[74.1008,19.2264],[74.1185,19.2301],[74.1351,19.2203],[74.1595,19.222],[74.1937,19.2152],[74.2163,19.204],[74.2353,19.2047],[74.268,19.2199],[74.3225,19.2083],[74.3104,19.189],[74.2772,19.1858],[74.2722,19.1661],[74.2424,19.1235],[74.2171,19.1252],[74.204,19.106],[74.207,19.0877],[74.1819,19.0419],[74.2002,19.0178],[74.2213,19.007],[74.2296,18.9761],[74.2568,18.9529],[74.2772,18.921],[74.3007,18.9033],[74.3176,18.8535],[74.332,18.8398],[74.3578,18.8437],[74.4034,18.8305],[74.392,18.8081],[74.4055,18.7413],[74.4308,18.7489],[74.4569,18.7194],[74.4828,18.7222],[74.4813,18.689],[74.5153,18.6624],[74.4814,18.6476],[74.4846,18.6339],[74.5163,18.6158],[74.551,18.6172],[74.5492,18.5833],[74.5713,18.559],[74.5784,18.5321],[74.5552,18.5137],[74.5593,18.4987],[74.5858,18.4731],[74.6174,18.4673],[74.6487,18.4496],[74.6688,18.4652],[74.6687,18.4884],[74.7056,18.5056],[74.7317,18.4795],[74.7196,18.4301],[74.7394,18.3977],[74.7637,18.3972],[74.7884,18.4059],[74.813,18.3858],[74.799,18.3549],[74.8146,18.343],[74.8383,18.3389],[74.8682,18.3345],[74.8755,18.3526],[74.9115,18.3559],[74.9199,18.3769],[74.9693,18.3849],[74.9875,18.3995],[75.0103,18.4053],[75.02,18.4365],[75.0539,18.4295],[75.0626,18.4198],[75.0961,18.4336],[75.0962,18.4561],[75.109,18.4891],[75.129,18.4937],[75.1382,18.5261],[75.1627,18.5198],[75.2073,18.5326],[75.2184,18.5543],[75.1974,18.5616],[75.1716,18.586],[75.1872,18.6125],[75.1788,18.6315],[75.1469,18.6529],[75.1267,18.6845],[75.1057,18.7031],[75.0772,18.7177],[75.0406,18.7634],[75.02,18.7712],[74.9909,18.7978],[74.971,18.8249],[74.9274,18.8285],[74.9266,18.848],[74.9032,18.8475],[74.9018,18.8791],[74.8727,18.8992],[74.8528,18.9247],[74.8328,18.9385],[74.8397,18.9588],[74.8218,18.964],[74.8311,18.9883],[74.8471,18.9685],[74.8824,18.9832],[74.9037,18.9794],[74.9211,18.9603],[74.9645,18.9964],[74.9529,19.0058],[74.9562,19.0332],[74.9203,19.0402],[74.9257,19.0883],[74.9463,19.1266],[74.9843,19.1115],[75.0065,19.1118],[75.0642,19.0993],[75.0825,19.1201],[75.1133,19.1241],[75.1004,19.0797],[75.0791,19.0534],[75.1041,19.0444],[75.1717,19.0361],[75.1844,19.013],[75.2097,19.0205],[75.2118,19.0341],[75.1914,19.0527],[75.2001,19.0656],[75.1932,19.0931],[75.2214,19.1114],[75.243,19.062],[75.2663,19.07],[75.276,18.9927],[75.2918,18.9796],[75.3171,18.9786],[75.3418,18.9888],[75.3496,19.0231],[75.333,19.0323],[75.2901,19.0324],[75.2945,19.0757],[75.3108,19.0936],[75.3382,19.0815],[75.368,19.0814],[75.3552,19.1267],[75.3988,19.1247],[75.3713,19.0894],[75.3867,19.0781],[75.4125,19.079],[75.45,19.0918],[75.4591,19.0846],[75.4893,19.104],[75.4872,19.1261],[75.4559,19.1261],[75.4387,19.1156],[75.4307,19.1379],[75.4565,19.1458],[75.451,19.1704],[75.4305,19.1716],[75.4075,19.1994],[75.4315,19.2198],[75.4476,19.2174],[75.4662,19.2527],[75.478,19.2526],[75.5193,19.277],[75.5435,19.309],[75.546,19.3263],[75.5212,19.3302],[75.5373,19.3755],[75.5193,19.3845],[75.4891,19.3829],[75.4928,19.413],[75.4811,19.4217],[75.451,19.4137],[75.4101,19.4179],[75.3685,19.398],[75.3455,19.4063],[75.3591,19.4306],[75.3438,19.4641],[75.3583,19.5013],[75.317,19.4947],[75.3083,19.5084],[75.2794,19.5136],[75.2686,19.53],[75.2343,19.5406],[75.2079,19.565],[75.1973,19.594],[75.1556,19.5897],[75.1332,19.5928],[75.0955,19.6102],[75.0706,19.604],[75.048,19.6113],[75.0414,19.6248],[75.0035,19.6225],[74.9736,19.6472],[74.9207,19.6504],[74.8924,19.6571],[74.8569,19.6487],[74.8288,19.6731],[74.793,19.6503],[74.7922,19.6884],[74.8107,19.7038],[74.7916,19.7174],[74.7666,19.6971],[74.7343,19.7],[74.7342,19.7243],[74.7244,19.778],[74.6963,19.7693],[74.661,19.7793],[74.6407,19.7951],[74.6202,19.7731],[74.6025,19.7738],[74.6113,19.8505],[74.6653,19.8399],[74.6526,19.8621],[74.6536,19.9107],[74.6604,19.9231],[74.6863,19.9259],[74.6777,19.9476]]]},"properties":{"NAME_1":"Maharashtra","NAME_2":"Ahmednagar"}},{"type":"Feature","geometry":{"type":"Polygon","coordinates":[[[77.6127,20.7611],[77.6091,20.7967],[77.5884,20.8087],[77.5676,20.8096],[77.5515,20.8257],[77.5478,20.8545],[77.5262,20.8494],[77.4739,20.8639],[77.4349,20.8465],[77.4082,20.8516],[77.393,20.8451],[77.3345,20.8474],[77.3249,20.8585],[77.2844,20.8479],[77.2689,20.8551],[77.2173,20.8584],[77.1711,20.8561],[77.1316,20.865],[77.1426,20.9264],[77.1603,20.9734],[77.1336,20.9761],[77.1332,20.989],[77.1619,20.9898],[77.1707,21.0247],[77.1483,21.0386],[77.1466,21.0745],[77.1734,21.0766],[77.1699,21.1218],[77.1564,21.1475],[77.1625,21.1847],[77.18,21.2056],[77.162,21.2391],[77.1135,21.2211],[77.0901,21.2273],[77.0773,21.2191],[77.0413,21.2455],[77.0214,21.248],[77.0018,21.2309],[77.0036,21.2091],[76.9536,21.2007],[76.9194,21.2043],[76.8765,21.1961],[76.7908,21.1868],[76.7818,21.191],[76.7703,21.183],[76.7867,21.1123],[76.7724,21.0908],[76.7813,21.0745],[76.7777,21.0552],[76.7872,21.0337],[76.7765,21.005],[76.7864,20.9638],[76.7828,20.9309],[76.7448,20.9298],[76.7171,20.9203],[76.6623,20.9189],[76.6981,20.8775],[76.7438,20.8012],[76.7438,20.7727],[76.7343,20.7212],[76.7153,20.7002],[76.7153,20.6526],[76.7553,20.6012],[76.761,20.5421],[76.749,20.4994],[76.7346,20.5141],[76.715,20.515],[76.6924,20.4598],[76.7131,20.4384],[76.7123,20.4196],[76.7258,20.408],[76.7073,20.3867],[76.6981,20.3546],[76.7454,20.3393],[76.7426,20.3274],[76.7911,20.3165],[76.7904,20.2872],[76.8202,20.2815],[76.8353,20.3008],[76.8829,20.2987],[76.8984,20.3417],[76.9285,20.3604],[76.9775,20.3731],[76.9902,20.4068],[77.0154,20.4139],[77.0225,20.4515],[77.0528,20.4497],[77.076,20.4387],[77.0833,20.4224],[77.1298,20.4012],[77.1742,20.4008],[77.1926,20.4121],[77.1814,20.435],[77.1842,20.4499],[77.2225,20.4491],[77.2927,20.4208],[77.2984,20.4485],[77.3304,20.452],[77.3458,20.466],[77.3262,20.4997],[77.3684,20.4989],[77.3781,20.4841],[77.395,20.527],[77.3638,20.5209],[77.3324,20.5297],[77.3369,20.5768],[77.3627,20.5825],[77.3979,20.5817],[77.4146,20.6096],[77.4637,20.6113],[77.4309,20.6626],[77.4514,20.6569],[77.4769,20.682],[77.5361,20.6898],[77.5048,20.7113],[77.5185,20.7328],[77.5625,20.7223],[77.5686,20.7424],[77.5878,20.7584],[77.6127,20.7611]]]},"properties":{"NAME_1":"Maharashtra","NAME_2":"Akola"}},{"type":"Feature","geometry":{"type":"Polygon","coordinates":[[[78.3368,21.5905],[78.3187,21.5756],[78.2711,21.593],[78.2693,21.5707],[78.2387,21.5655],[78.2155,21.5537],[78.1809,21.5587],[78.1711,21.5287],[78.1693,21.4985],[78.0637,21.4389],[78.0435,21.435],[77.9803,21.4028],[77.9411,21.399],[77.9388,21.3869],[77.899,21.3784],[77.8632,21.3881],[77.818,21.4087],[77.7994,21.4123],[77.7934,21.3907],[77.7465,21.3842],[77.7383,21.3666],[77.7052,21.3591],[77.7043,21.3777],[77.67,21.3729],[77.6459,21.3934],[77.6006,21.3891],[77.6015,21.3653],[77.5484,21.3812],[77.487,21.3778],[77.4818,21.4157],[77.4692,21.437],[77.4693,21.4569],[77.4383,21.4729],[77.4392,21.4893],[77.4208,21.5163],[77.4235,21.5426],[77.4575,21.5566],[77.5044,21.5547],[77.5292,21.5408],[77.567,21.5298],[77.5892,21.5303],[77.6071,21.5428],[77.5907,21.5616],[77.571,21.5626],[77.5722,21.5877],[77.5586,21.6687],[77.5422,21.701],[77.4969,21.7492],[77.4499,21.7634],[77.4011,21.7562],[77.3374,21.7616],[77.3213,21.757],[77.2771,21.7598],[77.2869,21.7364],[77.258,21.7158],[77.2246,21.7179],[77.2074,21.694],[77.1843,21.7045],[77.188,21.7226],[77.1475,21.7147],[77.1211,21.7253],[77.0621,21.715],[77.0102,21.6844],[76.9973,21.6816],[76.8917,21.6007],[76.8521,21.615],[76.8335,21.5931],[76.7953,21.5975],[76.7802,21.5625],[76.7846,21.5461],[76.7753,21.532],[76.7629,21.5226],[76.7918,21.4899],[76.7758,21.4601],[76.7434,21.4431],[76.7321,21.4088],[76.6684,21.3695],[76.6245,21.3351],[76.6397,21.3106],[76.6611,21.2824],[76.6832,21.2904],[76.7222,21.2913],[76.7477,21.2527],[76.7641,21.1961],[76.7818,21.191],[76.7908,21.1868],[76.8765,21.1961],[76.9194,21.2043],[76.9536,21.2007],[77.0036,21.2091],[77.0018,21.2309],[77.0214,21.248],[77.0413,21.2455],[77.0773,21.2191],[77.0901,21.2273],[77.1135,21.2211],[77.162,21.2391],[77.18,21.2056],[77.1625,21.1847],[77.1564,21.1475],[77.1699,21.1218],[77.1734,21.0766],[77.1466,21.0745],[77.1483,21.0386],[77.1707,21.0247],[77.1619,20.9898],[77.1332,20.989],[77.1336,20.9761],[77.1603,20.9734],[77.1426,20.9264],[77.1316,20.865],[77.1711,20.8561],[77.2173,20.8584],[77.2689,20.8551],[77.2844,20.8479],[77.3249,20.8585],[77.3345,20.8474],[77.393,20.8451],[77.4082,20.8516],[77.4349,20.8465],[77.4739,20.8639],[77.5262,20.8494],[77.5478,20.8545],[77.5515,20.8257],[77.5676,20.8096],[77.5884,20.8087],[77.6091,20.7967],[77.6127,20.7611],[77.633,20.7563],[77.6293,20.7393],[77.6108,20.7202],[77.6301,20.7127],[77.6368,20.6939],[77.6329,20.6687],[77.6523,20.6483],[77.6461,20.6096],[77.6273,20.5678],[77.6496,20.5652],[77.6633,20.5814],[77.6839,20.5807],[77.6993,20.5684],[77.7383,20.5623],[77.768,20.5408],[77.8032,20.5677],[77.8133,20.5862],[77.8338,20.5664],[77.8429,20.5885],[77.8619,20.5958],[77.8892,20.6244],[77.9151,20.6054],[77.9084,20.5662],[77.9666,20.5881],[77.992,20.6237],[78.0162,20.629],[78.0244,20.6577],[78.0595,20.6735],[78.1208,20.6616],[78.1547,20.6599],[78.1785,20.678],[78.2046,20.6772],[78.2081,20.6898],[78.2523,20.6852],[78.275,20.6971],[78.2921,20.6975],[78.3068,20.7357],[78.3038,20.7642],[78.2897,20.7787],[78.2952,20.812],[78.2682,20.8661],[78.2512,20.8874],[78.2333,20.8966],[78.18,20.9057],[78.1631,20.9445],[78.1418,20.9533],[78.1452,20.9871],[78.1332,21.0053],[78.136,21.0362],[78.1478,21.0485],[78.1496,21.0762],[78.1433,21.1009],[78.1282,21.1115],[78.1385,21.1418],[78.0891,21.1824],[78.0945,21.2007],[78.0734,21.218],[78.0513,21.2507],[78.0637,21.3004],[78.0755,21.3297],[78.0708,21.355],[78.1009,21.3564],[78.14,21.3424],[78.1536,21.3314],[78.2467,21.3301],[78.2477,21.3385],[78.3062,21.3585],[78.3717,21.3955],[78.3972,21.385],[78.4414,21.4043],[78.4396,21.447],[78.4256,21.4813],[78.4301,21.5018],[78.4322,21.5199],[78.4135,21.5777],[78.4226,21.6019],[78.3717,21.615],[78.3776,21.5956],[78.361,21.5783],[78.3368,21.5905]]]},"properties":{"NAME_1":"Maharashtra","NAME_2":"Amravati"}},{"type":"Feature","geometry":{"type":"Polygon","coordinates":[[[75.8899,20.565],[75.8878,20.5985],[75.8722,20.6025],[75.8696,20.6252],[75.8438,20.6201],[75.8302,20.576],[75.8212,20.5633],[75.7858,20.5884],[75.7605,20.5816],[75.7594,20.6159],[75.7342,20.6118],[75.7074,20.617],[75.7004,20.633],[75.7067,20.6632],[75.6676,20.6716],[75.6589,20.6636],[75.6633,20.6302],[75.6494,20.6217],[75.6259,20.6269],[75.6161,20.6109],[75.5915,20.6043],[75.5602,20.6151],[75.5381,20.6113],[75.5239,20.592],[75.5276,20.5623],[75.5101,20.556],[75.4912,20.5326],[75.4625,20.5545],[75.4526,20.5419],[75.4144,20.525],[75.3991,20.5257],[75.393,20.5812],[75.3745,20.577],[75.355,20.5912],[75.3307,20.5938],[75.2876,20.57],[75.257,20.5716],[75.2418,20.5231],[75.2046,20.4933],[75.2037,20.4778],[75.1651,20.4766],[75.164,20.438],[75.1321,20.4329],[75.1108,20.4084],[75.1291,20.3587],[75.1254,20.3489],[75.0951,20.336],[75.0623,20.3354],[75.0512,20.309],[75.0031,20.3382],[74.992,20.3316],[74.9906,20.3037],[74.9742,20.3054],[74.9382,20.271],[74.9375,20.2479],[74.9118,20.2446],[74.9145,20.2169],[74.9348,20.2149],[74.9355,20.1825],[74.9273,20.1547],[74.9144,20.1538],[74.9025,20.178],[74.8597,20.1782],[74.8622,20.2283],[74.8201,20.2454],[74.7942,20.2095],[74.7706,20.2041],[74.768,20.1839],[74.7274,20.1876],[74.7194,20.1686],[74.7196,20.1362],[74.7111,20.1142],[74.7346,20.1125],[74.7423,20.0833],[74.715,20.0794],[74.7271,20.0558],[74.7145,20.0413],[74.6896,19.9902],[74.6938,19.9724],[74.6777,19.9476],[74.6863,19.9259],[74.6604,19.9231],[74.6536,19.9107],[74.6526,19.8621],[74.6653,19.8399],[74.6113,19.8505],[74.6025,19.7738],[74.6202,19.7731],[74.6407,19.7951],[74.661,19.7793],[74.6963,19.7693],[74.7244,19.778],[74.7342,19.7243],[74.7343,19.7],[74.7666,19.6971],[74.7916,19.7174],[74.8107,19.7038],[74.7922,19.6884],[74.793,19.6503],[74.8288,19.6731],[74.8569,19.6487],[74.8924,19.6571],[74.9207,19.6504],[74.9736,19.6472],[75.0035,19.6225],[75.0414,19.6248],[75.048,19.6113],[75.0706,19.604],[75.0955,19.6102],[75.1332,19.5928],[75.1556,19.5897],[75.1973,19.594],[75.2079,19.565],[75.2343,19.5406],[75.2686,19.53],[75.2794,19.5136],[75.3083,19.5084],[75.317,19.4947],[75.3583,19.5013],[75.3438,19.4641],[75.3591,19.4306],[75.3455,19.4063],[75.3685,19.398],[75.4101,19.4179],[75.451,19.4137],[75.4811,19.4217],[75.4939,19.4406],[75.5196,19.4161],[75.5214,19.4038],[75.5737,19.3802],[75.6115,19.382],[75.62,19.4255],[75.6129,19.454],[75.6336,19.4612],[75.6468,19.4994],[75.6454,19.5289],[75.6571,19.5552],[75.6533,19.5956],[75.6024,19.603],[75.5925,19.6384],[75.6119,19.657],[75.6349,19.6562],[75.6377,19.7353],[75.6294,19.7468],[75.6293,19.7768],[75.6468,19.7858],[75.638,19.8146],[75.6539,19.816],[75.6486,19.8513],[75.655,19.9115],[75.6689,19.9215],[75.6693,19.9408],[75.6423,19.9563],[75.6313,20.0017],[75.6064,20.007],[75.5949,20.0293],[75.6088,20.053],[75.5957,20.0625],[75.5908,20.1032],[75.6285,20.1066],[75.637,20.1293],[75.6499,20.1926],[75.6756,20.1895],[75.6853,20.2056],[75.6772,20.2415],[75.6977,20.2875],[75.6868,20.3108],[75.7129,20.3185],[75.7198,20.3333],[75.7567,20.3292],[75.7703,20.355],[75.7526,20.3748],[75.7553,20.4007],[75.7382,20.4158],[75.7605,20.4287],[75.7663,20.4522],[75.7997,20.4545],[75.8003,20.4648],[75.8316,20.4743],[75.8444,20.4616],[75.8672,20.469],[75.8522,20.4918],[75.8684,20.5289],[75.8868,20.5327],[75.8654,20.5634],[75.8899,20.565]]]},"properties":{"NAME_1":"Maharashtra","NAME_2":"Aurangabad"}},{"type":"Feature","geometry":{"type":"MultiPolygon","coordinates":[[[[80.3753,21.4911],[80.3463,21.4791],[80.3239,21.4961],[80.3067,21.4893],[80.2792,21.4935],[80.2728,21.4815],[80.2772,21.4475],[80.3411,21.4054],[80.319,21.3974],[80.3069,21.3767],[80.2876,21.3767],[80.2611,21.3653],[80.2647,21.3517],[80.2881,21.3503],[80.2876,21.3162],[80.312,21.3184],[80.3216,21.3013],[80.3137,21.2763],[80.3236,21.2399],[80.3458,21.212],[80.3349,21.188],[80.4006,21.1854],[80.3815,21.1427],[80.4169,21.104],[80.4333,21.0972],[80.4573,21.1728],[80.4749,21.1714],[80.5093,21.1835],[80.5207,21.2035],[80.5612,21.2058],[80.5718,21.2169],[80.6034,21.2274],[80.6387,21.2548],[80.6548,21.2895],[80.6727,21.3113],[80.6565,21.3308],[80.6178,21.3192],[80.5932,21.3248],[80.5642,21.3579],[80.5369,21.3691],[80.5194,21.3896],[80.4483,21.4023],[80.4429,21.3738],[80.3994,21.3805],[80.3891,21.4074],[80.4113,21.4382],[80.401,21.4654],[80.3753,21.4911]]],[[[79.9158,21.5245],[79.8571,21.5309],[79.825,21.5467],[79.7918,21.5814],[79.7326,21.6025],[79.6848,21.5807],[79.6581,21.5773],[79.6506,21.5588],[79.6087,21.5559],[79.5761,21.5434],[79.5366,21.5442],[79.5082,21.5349],[79.4797,21.5028],[79.4533,21.4614],[79.4445,21.4357],[79.4772,21.428],[79.5204,21.3552],[79.5416,21.3318],[79.5526,21.3031],[79.5695,21.2837],[79.5654,21.2474],[79.55,21.2091],[79.5569,21.1873],[79.5458,21.1575],[79.5226,21.1679],[79.5045,21.163],[79.5002,21.1461],[79.5077,21.1215],[79.5719,21.0661],[79.5935,21.0725],[79.6065,21.0384],[79.6535,20.9693],[79.6547,20.9526],[79.638,20.9163],[79.6105,20.9023],[79.5981,20.864],[79.5769,20.8422],[79.5355,20.8476],[79.5544,20.8026],[79.5295,20.7725],[79.5294,20.7396],[79.503,20.7036],[79.5599,20.7011],[79.5617,20.6937],[79.607,20.6907],[79.617,20.6724],[79.6472,20.667],[79.6586,20.6531],[79.6894,20.6397],[79.6873,20.6681],[79.7073,20.6847],[79.7463,20.6851],[79.7555,20.7305],[79.783,20.7168],[79.7966,20.6835],[79.8435,20.6768],[79.8728,20.6838],[79.9266,20.6656],[79.928,20.6753],[79.958,20.689],[79.964,20.7131],[79.928,20.7111],[79.9197,20.7457],[79.9231,20.7845],[79.8801,20.7685],[79.8596,20.7807],[79.8564,20.8453],[79.8589,20.8757],[79.8833,20.8751],[79.903,20.8861],[79.9414,20.9256],[79.9354,20.9588],[79.9483,20.9878],[79.9465,21.0127],[79.9811,21.0074],[79.9907,21.021],[80.0411,21.0025],[80.0805,21.0478],[80.0669,21.1347],[80.0772,21.1431],[80.056,21.1741],[80.0433,21.2101],[80.0166,21.2254],[80.0015,21.2159],[79.9852,21.2298],[79.9652,21.2281],[79.9355,21.2522],[79.9165,21.2533],[79.8992,21.2405],[79.881,21.2525],[79.842,21.2451],[79.8197,21.2704],[79.8281,21.3069],[79.8091,21.3161],[79.7932,21.3771],[79.8452,21.4101],[79.8766,21.4248],[79.8748,21.4364],[79.9175,21.4822],[79.9233,21.4987],[79.9158,21.5245]]]]},"properties":{"NAME_1":"Maharashtra","NAME_2":"Bhandara"}},{"type":"Feature","geometry":{"type":"Polygon","coordinates":[[[75.6115,19.382],[75.5737,19.3802],[75.5214,19.4038],[75.5196,19.4161],[75.4939,19.4406],[75.4811,19.4217],[75.4928,19.413],[75.4891,19.3829],[75.5193,19.3845],[75.5373,19.3755],[75.5212,19.3302],[75.546,19.3263],[75.5435,19.309],[75.5193,19.277],[75.478,19.2526],[75.4662,19.2527],[75.4476,19.2174],[75.4315,19.2198],[75.4075,19.1994],[75.4305,19.1716],[75.451,19.1704],[75.4565,19.1458],[75.4307,19.1379],[75.4387,19.1156],[75.4559,19.1261],[75.4872,19.1261],[75.4893,19.104],[75.4591,19.0846],[75.45,19.0918],[75.4125,19.079],[75.3867,19.0781],[75.3713,19.0894],[75.3988,19.1247],[75.3552,19.1267],[75.368,19.0814],[75.3382,19.0815],[75.3108,19.0936],[75.2945,19.0757],[75.2901,19.0324],[75.333,19.0323],[75.3496,19.0231],[75.3418,18.9888],[75.3171,18.9786],[75.2918,18.9796],[75.276,18.9927],[75.2663,19.07],[75.243,19.062],[75.2214,19.1114],[75.1932,19.0931],[75.2001,19.0656],[75.1914,19.0527],[75.2118,19.0341],[75.2097,19.0205],[75.1844,19.013],[75.1717,19.0361],[75.1041,19.0444],[75.0791,19.0534],[75.1004,19.0797],[75.1133,19.1241],[75.0825,19.1201],[75.0642,19.0993],[75.0065,19.1118],[74.9843,19.1115],[74.9463,19.1266],[74.9257,19.0883],[74.9203,19.0402],[74.9562,19.0332],[74.9529,19.0058],[74.9645,18.9964],[74.9211,18.9603],[74.9037,18.9794],[74.8824,18.9832],[74.8471,18.9685],[74.8311,18.9883],[74.8218,18.964],[74.8397,18.9588],[74.8328,18.9385],[74.8528,18.9247],[74.8727,18.8992],[74.9018,18.8791],[74.9032,18.8475],[74.9266,18.848],[74.9274,18.8285],[74.971,18.8249],[74.9909,18.7978],[75.02,18.7712],[75.0406,18.7634],[75.0772,18.7177],[75.1057,18.7031],[75.1267,18.6845],[75.1469,18.6529],[75.1788,18.6315],[75.1872,18.6125],[75.1716,18.586],[75.1974,18.5616],[75.2184,18.5543],[75.2429,18.5434],[75.2642,18.5087],[75.3171,18.5184],[75.3382,18.5247],[75.3484,18.5615],[75.4249,18.5351],[75.4416,18.5522],[75.4547,18.5886],[75.493,18.626],[75.5097,18.6217],[75.5278,18.6384],[75.5532,18.6439],[75.5461,18.6588],[75.5506,18.6823],[75.6034,18.6925],[75.6229,18.6612],[75.6489,18.6482],[75.6679,18.6499],[75.6743,18.6903],[75.6916,18.6905],[75.7322,18.6752],[75.754,18.6802],[75.784,18.6618],[75.8025,18.6732],[75.8264,18.6704],[75.8637,18.6497],[75.9169,18.6501],[75.9501,18.6367],[75.9504,18.6082],[75.9944,18.6198],[75.9971,18.6068],[76.0287,18.6015],[76.0521,18.5744],[76.0766,18.5756],[76.099,18.5874],[76.1531,18.5818],[76.199,18.5824],[76.2211,18.5751],[76.2541,18.5764],[76.2766,18.5565],[76.2797,18.5738],[76.3111,18.5664],[76.3516,18.5639],[76.3677,18.5448],[76.3871,18.5409],[76.4099,18.5554],[76.4099,18.5989],[76.4175,18.6245],[76.4527,18.6452],[76.4714,18.6438],[76.528,18.5982],[76.5439,18.6072],[76.5467,18.648],[76.5626,18.6735],[76.5833,18.6749],[76.6047,18.6604],[76.6275,18.677],[76.6725,18.6695],[76.6844,18.6913],[76.7359,18.7016],[76.7256,18.7487],[76.6746,18.7608],[76.6814,18.7792],[76.666,18.8186],[76.6469,18.8215],[76.6422,18.8414],[76.6218,18.8687],[76.5917,18.8697],[76.5835,18.8823],[76.5876,18.9173],[76.5829,18.9446],[76.5387,18.9492],[76.533,18.9232],[76.5096,18.927],[76.5002,18.9508],[76.478,18.9563],[76.4712,18.9762],[76.4781,19.0006],[76.4556,19.0075],[76.4405,19.0444],[76.4384,19.0882],[76.4111,19.0925],[76.3777,19.1311],[76.3547,19.1026],[76.3274,19.1041],[76.3206,19.1142],[76.336,19.1381],[76.3608,19.1562],[76.3522,19.1928],[76.3641,19.2113],[76.3646,19.2341],[76.3464,19.2496],[76.312,19.2611],[76.2689,19.2561],[76.2586,19.2427],[76.2264,19.2417],[76.2092,19.2778],[76.1851,19.2894],[76.1636,19.2834],[76.1253,19.3043],[76.0985,19.3073],[76.0838,19.28],[76.0396,19.2863],[76.0273,19.3015],[76.0256,19.3372],[76.0132,19.3368],[75.9714,19.2997],[75.9389,19.2928],[75.9078,19.3196],[75.9102,19.352],[75.9229,19.3741],[75.9107,19.3897],[75.888,19.3789],[75.8369,19.3722],[75.7975,19.3972],[75.7593,19.3899],[75.7556,19.3592],[75.6894,19.3558],[75.6572,19.3663],[75.6431,19.3816],[75.6115,19.382]]]},"properties":{"NAME_1":"Maharashtra","NAME_2":"Bid"}},{"type":"Feature","geometry":{"type":"Polygon","coordinates":[[[76.7818,21.191],[76.7641,21.1961],[76.7477,21.2527],[76.7222,21.2913],[76.6832,21.2904],[76.6611,21.2824],[76.6594,21.2621],[76.6426,21.2477],[76.6317,21.2289],[76.6313,21.2156],[76.62,21.1954],[76.6123,21.1959],[76.5594,21.2058],[76.5413,21.1963],[76.5208,21.1892],[76.4981,21.1961],[76.4825,21.1882],[76.477,21.1553],[76.469,21.1506],[76.467,21.1432],[76.4575,21.1383],[76.4559,21.1319],[76.4375,21.1076],[76.4337,21.1067],[76.3828,21.0796],[76.3971,21.0323],[76.3823,20.9795],[76.367,20.9798],[76.346,20.9517],[76.2798,20.9601],[76.2665,20.9819],[76.2389,20.9927],[76.2252,21.0139],[76.1999,21.0169],[76.17,21.0371],[76.159,21.0023],[76.1223,20.9772],[76.1094,20.9507],[76.0919,20.9454],[76.0805,20.91],[76.1151,20.8952],[76.0754,20.8467],[76.0738,20.8354],[76.0496,20.8143],[76.0498,20.7901],[75.998,20.7798],[75.987,20.7606],[76.0122,20.7404],[76.0001,20.7174],[76.0035,20.6904],[75.9982,20.6691],[76.0111,20.6447],[76.0328,20.6402],[76.0421,20.5833],[76.0403,20.5566],[76.0212,20.5538],[76.0087,20.5375],[75.971,20.5246],[75.9588,20.529],[75.9446,20.5055],[75.9445,20.4879],[75.9584,20.4673],[75.9425,20.427],[75.954,20.3914],[75.9425,20.3727],[75.945,20.353],[75.927,20.3247],[75.9206,20.2981],[75.9396,20.2927],[75.9813,20.3223],[75.9933,20.3223],[76.0295,20.3026],[76.0657,20.3234],[76.0844,20.3475],[76.0986,20.353],[76.1524,20.3289],[76.1776,20.2982],[76.1776,20.2795],[76.159,20.2433],[76.1513,20.1786],[76.126,20.1523],[76.0997,20.1402],[76.0822,20.1216],[76.0219,20.0229],[75.9974,19.9764],[76.0143,19.9543],[76.0428,19.9515],[76.0637,19.9167],[76.0807,19.9125],[76.0834,19.8819],[76.1003,19.8568],[76.1293,19.8638],[76.1745,19.8502],[76.1986,19.8632],[76.2299,19.8647],[76.2563,19.8742],[76.2978,19.8705],[76.3525,19.8946],[76.3675,19.9266],[76.3896,19.9051],[76.4075,19.9206],[76.4923,19.9178],[76.4911,19.8991],[76.5106,19.8749],[76.5326,19.8651],[76.532,19.8512],[76.5394,19.8455],[76.6221,19.8433],[76.6322,19.867],[76.6456,19.8663],[76.6553,19.8978],[76.6105,19.8912],[76.622,19.9221],[76.6342,19.9295],[76.6333,19.9539],[76.6585,19.9771],[76.6612,20.0489],[76.6236,20.0507],[76.6595,20.0985],[76.6695,20.1274],[76.7048,20.1234],[76.7571,20.1317],[76.7604,20.1627],[76.7479,20.1673],[76.7486,20.21],[76.7852,20.2041],[76.8098,20.2206],[76.8252,20.247],[76.8202,20.2815],[76.7904,20.2872],[76.7911,20.3165],[76.7426,20.3274],[76.7454,20.3393],[76.6981,20.3546],[76.7073,20.3867],[76.7258,20.408],[76.7123,20.4196],[76.7131,20.4384],[76.6924,20.4598],[76.715,20.515],[76.7346,20.5141],[76.749,20.4994],[76.761,20.5421],[76.7553,20.6012],[76.7153,20.6526],[76.7153,20.7002],[76.7343,20.7212],[76.7438,20.7727],[76.7438,20.8012],[76.6981,20.8775],[76.6623,20.9189],[76.7171,20.9203],[76.7448,20.9298],[76.7828,20.9309],[76.7864,20.9638],[76.7765,21.005],[76.7872,21.0337],[76.7777,21.0552],[76.7813,21.0745],[76.7724,21.0908],[76.7867,21.1123],[76.7703,21.183],[76.7818,21.191]]]},"properties":{"NAME_1":"Maharashtra","NAME_2":"Buldana"}},{"type":"Feature","geometry":{"type":"Polygon","coordinates":[[[79.9266,20.6656],[79.8728,20.6838],[79.8435,20.6768],[79.7966,20.6835],[79.783,20.7168],[79.7555,20.7305],[79.7463,20.6851],[79.7073,20.6847],[79.6873,20.6681],[79.6894,20.6397],[79.6586,20.6531],[79.6472,20.667],[79.617,20.6724],[79.607,20.6907],[79.5617,20.6937],[79.5599,20.7011],[79.503,20.7036],[79.4836,20.6978],[79.454,20.6685],[79.4009,20.6551],[79.3696,20.677],[79.3515,20.655],[79.3159,20.5829],[79.2867,20.5884],[79.219,20.5818],[79.2086,20.5461],[79.1861,20.5324],[79.1616,20.505],[79.1509,20.4763],[79.1337,20.4772],[79.125,20.4537],[79.0184,20.4782],[78.9964,20.4474],[78.9836,20.4595],[78.9631,20.4583],[78.9583,20.4358],[78.9454,20.4282],[78.8939,20.437],[78.8137,20.3871],[78.8227,20.3619],[78.8248,20.3186],[78.7966,20.2975],[78.8145,20.2702],[78.8218,20.2466],[78.845,20.2511],[78.8799,20.2469],[78.9134,20.254],[78.9163,20.2367],[78.9412,20.2113],[78.9548,20.2063],[78.9496,20.1677],[78.9743,20.1519],[78.9686,20.1196],[78.9986,20.1197],[79.0427,20.0833],[79.0385,20.0705],[79.0651,20.0629],[79.0776,20.0276],[79.0989,20.0141],[79.1095,19.9874],[79.1048,19.9636],[79.0879,19.9446],[79.0892,19.9135],[79.1079,19.9026],[79.1459,19.8918],[79.1269,19.8618],[79.0884,19.8393],[79.06,19.8135],[79.0373,19.8159],[79.0237,19.8001],[78.9531,19.802],[78.9363,19.7834],[78.9463,19.752],[78.8974,19.7359],[78.8776,19.7448],[78.8753,19.7621],[78.8535,19.7691],[78.8443,19.759],[78.8569,19.7313],[78.8635,19.6968],[78.8588,19.6563],[78.891,19.6553],[78.9159,19.6677],[78.9436,19.6651],[78.969,19.6492],[78.9629,19.6173],[78.9779,19.5799],[78.9545,19.5627],[78.9785,19.5509],[78.9929,19.562],[79.0184,19.54],[79.0515,19.5453],[79.0634,19.5313],[79.1029,19.528],[79.1047,19.5127],[79.1403,19.5011],[79.1691,19.4678],[79.189,19.4587],[79.2187,19.4645],[79.2088,19.4848],[79.2157,19.5106],[79.2366,19.5268],[79.2398,19.5595],[79.2501,19.5777],[79.2371,19.6095],[79.2552,19.6112],[79.3048,19.5902],[79.3143,19.5655],[79.3409,19.5738],[79.3712,19.5615],[79.4136,19.5335],[79.4413,19.5335],[79.4704,19.4975],[79.5134,19.5181],[79.515,19.542],[79.5427,19.5485],[79.5477,19.5261],[79.5656,19.5109],[79.6009,19.508],[79.6072,19.5395],[79.6214,19.5651],[79.6397,19.575],[79.7129,19.5833],[79.7403,19.6031],[79.7854,19.5936],[79.7803,19.7152],[79.7545,19.7467],[79.741,19.777],[79.7377,19.8214],[79.7521,19.8448],[79.7753,19.8615],[79.7992,19.898],[79.7705,19.9482],[79.7658,19.9702],[79.7743,19.9986],[79.8078,20.0271],[79.8422,20.0307],[79.8642,19.9993],[79.8647,19.9821],[79.906,19.9657],[79.944,19.9828],[79.985,20.0434],[79.9717,20.1014],[79.9589,20.1194],[79.9072,20.1391],[79.9062,20.1481],[79.9277,20.1853],[79.9491,20.1972],[79.983,20.2051],[79.9857,20.2359],[79.9503,20.2742],[79.9389,20.2926],[79.9435,20.3255],[79.9621,20.3407],[79.967,20.3593],[79.9538,20.3822],[79.9556,20.4137],[79.9349,20.4455],[79.9455,20.499],[79.9463,20.5271],[79.9212,20.5511],[79.9318,20.5814],[79.9369,20.6369],[79.9266,20.6656]]]},"properties":{"NAME_1":"Maharashtra","NAME_2":"Chandrapur"}},{"type":"Feature","geometry":{"type":"Polygon","coordinates":[[[75.2075,21.4158],[75.188,21.4273],[75.1298,21.4493],[75.1067,21.4696],[75.09,21.5143],[75.0577,21.5649],[75.0178,21.5726],[74.9807,21.596],[74.926,21.6107],[74.9028,21.6298],[74.8663,21.6311],[74.8252,21.6102],[74.775,21.6155],[74.762,21.5855],[74.7634,21.5188],[74.7543,21.4778],[74.7432,21.4821],[74.7017,21.4724],[74.7048,21.4533],[74.689,21.4044],[74.6648,21.4077],[74.6419,21.4013],[74.6119,21.4172],[74.5764,21.4053],[74.5245,21.4312],[74.5018,21.4291],[74.5017,21.4015],[74.5124,21.3913],[74.483,21.3548],[74.4859,21.3105],[74.5017,21.2919],[74.4958,21.2411],[74.4516,21.2382],[74.4367,21.2645],[74.3651,21.2549],[74.3599,21.2335],[74.3228,21.2351],[74.3199,21.2466],[74.2894,21.2403],[74.2776,21.2503],[74.2278,21.2427],[74.213,21.2227],[74.1872,21.2116],[74.1477,21.2209],[74.1257,21.2152],[74.0636,21.1725],[74.087,21.1462],[74.0749,21.1286],[74.0565,21.1287],[74.0463,21.1456],[74.0253,21.1451],[74.0086,21.1209],[73.9813,21.1122],[73.9572,21.087],[73.9567,21.0614],[73.966,21.0453],[73.89,21.0291],[73.8632,21.0274],[73.8572,20.9977],[73.8792,20.9865],[73.9064,20.9832],[73.8963,20.933],[73.9122,20.9179],[73.9244,20.9028],[73.931,20.8859],[73.9312,20.8766],[73.9317,20.8647],[73.9337,20.845],[73.9451,20.8401],[73.9734,20.847],[74.006,20.8366],[74.0537,20.8367],[74.1319,20.8662],[74.1503,20.8533],[74.1731,20.864],[74.1996,20.8556],[74.2307,20.8583],[74.2751,20.8516],[74.2959,20.8565],[74.3207,20.8433],[74.3443,20.8527],[74.3923,20.836],[74.4267,20.8067],[74.4547,20.8031],[74.4698,20.8149],[74.5113,20.8189],[74.5166,20.8093],[74.5525,20.8284],[74.5785,20.8251],[74.6263,20.7999],[74.641,20.7829],[74.6689,20.7757],[74.6588,20.7546],[74.6651,20.738],[74.6548,20.6963],[74.7139,20.6907],[74.7418,20.6691],[74.7875,20.6655],[74.8091,20.6581],[74.8184,20.6352],[74.8598,20.6367],[74.8906,20.6457],[74.9041,20.6595],[74.9325,20.659],[74.9578,20.693],[74.9565,20.7134],[74.994,20.738],[74.9913,20.7747],[74.9648,20.8065],[74.9893,20.8239],[74.9847,20.8449],[74.9704,20.8532],[74.9731,20.879],[74.9528,20.9133],[74.938,20.9276],[74.9171,20.9285],[74.9155,20.9638],[74.9326,20.9794],[74.9195,20.9917],[74.9241,21.0123],[74.894,21.0542],[74.8679,21.053],[74.8611,21.0648],[74.8896,21.1151],[74.8958,21.1532],[74.9309,21.1675],[74.966,21.1937],[74.9555,21.2232],[74.9762,21.2228],[74.9928,21.1971],[75.0353,21.194],[75.0443,21.2131],[75.0668,21.2256],[75.1065,21.238],[75.1416,21.2958],[75.1276,21.3413],[75.1435,21.3863],[75.1629,21.4049],[75.2075,21.4158]]]},"properties":{"NAME_1":"Maharashtra","NAME_2":"Dhule"}},{"type":"Feature","geometry":{"type":"Polygon","coordinates":[[[80.5559,20.8197],[80.4993,20.8303],[80.4494,20.8186],[80.4086,20.8224],[80.3941,20.8079],[80.3741,20.8038],[80.3415,20.809],[80.3251,20.8186],[80.3103,20.7743],[80.3152,20.7516],[80.2919,20.7028],[80.2766,20.7011],[80.2668,20.6705],[80.2417,20.6706],[80.2227,20.6518],[80.1696,20.6733],[80.155,20.6859],[80.1195,20.6826],[80.0805,20.6877],[80.0519,20.7068],[80.0304,20.6967],[80.012,20.6653],[79.9827,20.6726],[79.958,20.689],[79.928,20.6753],[79.9266,20.6656],[79.9369,20.6369],[79.9318,20.5814],[79.9212,20.5511],[79.9463,20.5271],[79.9455,20.499],[79.9349,20.4455],[79.9556,20.4137],[79.9538,20.3822],[79.967,20.3593],[79.9621,20.3407],[79.9435,20.3255],[79.9389,20.2926],[79.9503,20.2742],[79.9857,20.2359],[79.983,20.2051],[79.9491,20.1972],[79.9277,20.1853],[79.9062,20.1481],[79.9072,20.1391],[79.9589,20.1194],[79.9717,20.1014],[79.985,20.0434],[79.944,19.9828],[79.906,19.9657],[79.8647,19.9821],[79.8642,19.9993],[79.8422,20.0307],[79.8078,20.0271],[79.7743,19.9986],[79.7658,19.9702],[79.7705,19.9482],[79.7992,19.898],[79.7753,19.8615],[79.7521,19.8448],[79.7377,19.8214],[79.741,19.777],[79.7545,19.7467],[79.7803,19.7152],[79.7854,19.5936],[79.7933,19.5801],[79.8166,19.569],[79.8282,19.537],[79.8782,19.5007],[79.911,19.4923],[79.945,19.4588],[79.9458,19.4408],[79.9731,19.401],[79.9645,19.3507],[79.9572,19.3346],[79.9618,19.2975],[79.9452,19.2841],[79.9202,19.2264],[79.9225,19.2034],[79.9424,19.1759],[79.906,19.1418],[79.8712,19.1227],[79.858,19.1041],[79.8611,19.0599],[79.871,19.0355],[79.8908,19.0455],[79.926,19.0425],[79.9345,19.0217],[79.9313,18.9748],[79.9409,18.9377],[79.939,18.8589],[79.9255,18.8375],[79.894,18.8308],[79.9163,18.7973],[79.932,18.7844],[80.0124,18.7668],[80.0329,18.7464],[80.0464,18.7209],[80.0821,18.7024],[80.1066,18.6775],[80.1581,18.6959],[80.1674,18.6801],[80.189,18.6756],[80.2019,18.6974],[80.2467,18.7013],[80.2675,18.718],[80.2408,18.7487],[80.2546,18.766],[80.2718,18.7622],[80.2994,18.7935],[80.3187,18.796],[80.3462,18.8111],[80.3485,18.8239],[80.3357,18.8561],[80.2641,18.9405],[80.2677,18.9873],[80.2953,19.0287],[80.2888,19.0463],[80.3158,19.0646],[80.3315,19.1011],[80.3209,19.1245],[80.3249,19.1415],[80.3455,19.1629],[80.3811,19.1807],[80.3861,19.1956],[80.377,19.2174],[80.3885,19.2433],[80.4192,19.2503],[80.4454,19.2699],[80.4705,19.3289],[80.5138,19.3482],[80.5315,19.3743],[80.5593,19.3976],[80.5729,19.3984],[80.5839,19.3772],[80.5856,19.353],[80.6039,19.3118],[80.6177,19.3048],[80.6644,19.3266],[80.6853,19.3126],[80.6836,19.2869],[80.7004,19.2823],[80.7492,19.2867],[80.7662,19.3081],[80.8264,19.348],[80.8428,19.3661],[80.8127,19.3827],[80.7879,19.4267],[80.8351,19.4424],[80.8675,19.4435],[80.8921,19.4657],[80.8897,19.4993],[80.8791,19.519],[80.8523,19.5242],[80.8335,19.556],[80.8196,19.5654],[80.7852,19.5604],[80.7664,19.5683],[80.7643,19.5848],[80.721,19.6084],[80.662,19.6087],[80.6561,19.6252],[80.6646,19.6908],[80.6335,19.7185],[80.5821,19.7381],[80.5705,19.7547],[80.5397,19.7746],[80.5442,19.8112],[80.5178,19.8289],[80.476,19.828],[80.4524,19.7929],[80.4001,19.7936],[80.3975,19.8162],[80.4317,19.8103],[80.4603,19.828],[80.475,19.8571],[80.4975,19.8687],[80.4898,19.8937],[80.4612,19.9034],[80.4444,19.8936],[80.4027,19.9096],[80.4063,19.9325],[80.4437,19.9527],[80.4698,19.9337],[80.5017,19.9248],[80.5204,19.9309],[80.5324,19.9671],[80.5442,19.9815],[80.5325,20.0039],[80.5462,20.0657],[80.535,20.0854],[80.5404,20.1098],[80.5236,20.1245],[80.4513,20.1449],[80.427,20.1302],[80.3938,20.144],[80.3846,20.1585],[80.3946,20.1816],[80.4134,20.1875],[80.383,20.2417],[80.4196,20.2516],[80.4565,20.2689],[80.4945,20.2748],[80.5108,20.2696],[80.542,20.3068],[80.6167,20.3257],[80.6022,20.3764],[80.586,20.392],[80.6034,20.4333],[80.6099,20.5563],[80.6197,20.5673],[80.6129,20.5906],[80.6223,20.6039],[80.5787,20.6141],[80.5195,20.5847],[80.5001,20.5869],[80.4816,20.6171],[80.4896,20.6399],[80.5189,20.6618],[80.5783,20.6788],[80.5749,20.6984],[80.5602,20.7118],[80.5433,20.7918],[80.5559,20.8197]]]},"properties":{"NAME_1":"Maharashtra","NAME_2":"Garhchiroli"}},{"type":"Feature","geometry":{"type":"Polygon","coordinates":[[[80.3753,21.4911],[80.3706,21.521],[80.338,21.5387],[80.3202,21.5736],[80.2954,21.5755],[80.2602,21.6201],[80.2206,21.6196],[80.1882,21.6342],[80.1439,21.605],[80.1186,21.6089],[80.0636,21.5546],[80.0262,21.5567],[79.9936,21.5347],[79.9718,21.5551],[79.9272,21.5537],[79.9158,21.5245],[79.9233,21.4987],[79.9175,21.4822],[79.8748,21.4364],[79.8766,21.4248],[79.8452,21.4101],[79.7932,21.3771],[79.8091,21.3161],[79.8281,21.3069],[79.8197,21.2704],[79.842,21.2451],[79.881,21.2525],[79.8992,21.2405],[79.9165,21.2533],[79.9355,21.2522],[79.9652,21.2281],[79.9852,21.2298],[80.0015,21.2159],[80.0166,21.2254],[80.0433,21.2101],[80.056,21.1741],[80.0772,21.1431],[80.0669,21.1347],[80.0805,21.0478],[80.0411,21.0025],[79.9907,21.021],[79.9811,21.0074],[79.9465,21.0127],[79.9483,20.9878],[79.9354,20.9588],[79.9414,20.9256],[79.903,20.8861],[79.8833,20.8751],[79.8589,20.8757],[79.8564,20.8453],[79.8596,20.7807],[79.8801,20.7685],[79.9231,20.7845],[79.9197,20.7457],[79.928,20.7111],[79.964,20.7131],[79.958,20.689],[79.9827,20.6726],[80.012,20.6653],[80.0304,20.6967],[80.0519,20.7068],[80.0805,20.6877],[80.1195,20.6826],[80.155,20.6859],[80.1696,20.6733],[80.2227,20.6518],[80.2417,20.6706],[80.2668,20.6705],[80.2766,20.7011],[80.2919,20.7028],[80.3152,20.7516],[80.3103,20.7743],[80.3251,20.8186],[80.3415,20.809],[80.3741,20.8038],[80.3941,20.8079],[80.4086,20.8224],[80.4494,20.8186],[80.4993,20.8303],[80.5559,20.8197],[80.5504,20.8457],[80.5498,20.8889],[80.5352,20.9313],[80.4591,20.9282],[80.4389,20.9716],[80.4381,20.9921],[80.4238,21.0096],[80.4452,21.0309],[80.4485,21.0496],[80.4333,21.0972],[80.4169,21.104],[80.3815,21.1427],[80.4006,21.1854],[80.3349,21.188],[80.3458,21.212],[80.3236,21.2399],[80.3137,21.2763],[80.3216,21.3013],[80.312,21.3184],[80.2876,21.3162],[80.2881,21.3503],[80.2647,21.3517],[80.2611,21.3653],[80.2876,21.3767],[80.3069,21.3767],[80.319,21.3974],[80.3411,21.4054],[80.2772,21.4475],[80.2728,21.4815],[80.2792,21.4935],[80.3067,21.4893],[80.3239,21.4961],[80.3463,21.4791],[80.3753,21.4911]]]},"properties":{"NAME_1":"Maharashtra","NAME_2":"Gondiya"}},{"type":"Feature","geometry":{"type":"Polygon","coordinates":[[[72.8589,19.3135],[72.8579,19.3149],[72.853,19.315],[72.8135,19.3047],[72.8095,19.3038],[72.8088,19.3029],[72.8063,19.3053],[72.7932,19.3104],[72.7843,19.3026],[72.7829,19.2518],[72.776,19.2221],[72.7813,19.1946],[72.7965,19.1779],[72.789,19.1501],[72.8185,19.1243],[72.8268,19.094],[72.8238,19.0421],[72.8382,19.0349],[72.8112,19.0024],[72.8138,18.9813],[72.8015,18.969],[72.8238,18.9349],[72.8443,18.929],[72.8468,18.9538],[72.8621,19.0029],[72.9185,18.9996],[72.9549,19.0271],[72.9632,19.0585],[72.9929,19.059],[73.0088,18.9988],[73.0323,18.9992],[73.0576,19.0162],[73.0597,19.0506],[73.0542,19.0705],[73.0584,19.0971],[73.0754,19.1099],[73.1208,19.1107],[73.1238,19.1416],[73.0912,19.1427],[73.0744,19.206],[73.0423,19.1985],[73.015,19.2321],[72.9954,19.2787],[72.9638,19.3018],[72.9426,19.2911],[72.9184,19.29],[72.9053,19.2984],[72.9121,19.284],[72.9007,19.2904],[72.8978,19.2927],[72.8685,19.3138],[72.8655,19.313],[72.8589,19.3135]]]},"properties":{"NAME_1":"Maharashtra","NAME_2":"Greater Bombay"}},{"type":"Feature","geometry":{"type":"Polygon","coordinates":[[[77.2831,19.9109],[77.2413,19.8917],[77.2367,19.9386],[77.2064,19.9475],[77.2154,19.9784],[77.2014,19.9919],[77.155,19.9672],[77.1316,19.9434],[77.0997,19.9333],[77.0832,19.965],[77.0588,19.9967],[77.0341,20.011],[77.0131,20.0033],[76.9911,20.0185],[76.987,19.9968],[76.9705,19.9949],[76.899,19.9633],[76.8988,19.9526],[76.8354,19.9615],[76.8217,19.9274],[76.7717,19.9335],[76.7657,19.9044],[76.7449,19.9074],[76.7379,19.8727],[76.69,19.8731],[76.6772,19.8468],[76.7047,19.8365],[76.7009,19.8068],[76.6861,19.7817],[76.7014,19.7649],[76.7158,19.7679],[76.7323,19.7171],[76.7585,19.685],[76.783,19.7012],[76.7868,19.6713],[76.8077,19.682],[76.817,19.7047],[76.8492,19.7048],[76.8628,19.6746],[76.8554,19.6455],[76.8739,19.6425],[76.8824,19.6241],[76.9015,19.6442],[76.9115,19.6212],[76.9408,19.6225],[76.943,19.5975],[76.9598,19.5809],[76.9672,19.5454],[76.9576,19.5115],[76.9754,19.5054],[76.9706,19.4751],[76.951,19.4889],[76.935,19.4669],[76.918,19.4133],[76.8939,19.3784],[76.8899,19.3486],[76.8987,19.3381],[76.8911,19.3113],[76.9009,19.2975],[76.9302,19.2966],[76.9195,19.2557],[76.9675,19.2536],[76.9682,19.2766],[76.9954,19.2816],[77.0094,19.273],[77.0112,19.2514],[77.0381,19.2437],[77.0492,19.2301],[77.0359,19.201],[77.0684,19.1926],[77.086,19.1719],[77.1027,19.113],[77.0989,19.1067],[77.0847,19.0752],[77.0957,19.0659],[77.1228,19.0779],[77.139,19.0696],[77.1619,19.0929],[77.1638,19.1157],[77.189,19.1299],[77.1924,19.1649],[77.1799,19.1645],[77.1758,19.2105],[77.1817,19.2297],[77.203,19.2419],[77.2195,19.2697],[77.2356,19.2734],[77.2416,19.3206],[77.2774,19.3145],[77.3075,19.3297],[77.311,19.3537],[77.3493,19.3519],[77.3615,19.3384],[77.4486,19.3887],[77.4343,19.4068],[77.4494,19.4394],[77.4692,19.4365],[77.4745,19.455],[77.4905,19.4661],[77.4866,19.495],[77.4672,19.4984],[77.4706,19.5273],[77.4658,19.5632],[77.4509,19.5673],[77.478,19.5999],[77.4637,19.6146],[77.467,19.6647],[77.4565,19.682],[77.4329,19.7295],[77.4103,19.7437],[77.396,19.7323],[77.3764,19.7431],[77.3842,19.7662],[77.3806,19.7883],[77.3871,19.8212],[77.3594,19.8153],[77.344,19.8255],[77.3624,19.8584],[77.3451,19.8738],[77.2938,19.9006],[77.2831,19.9109]]]},"properties":{"NAME_1":"Maharashtra","NAME_2":"Hingoli"}},{"type":"Feature","geometry":{"type":"Polygon","coordinates":[[[75.6194,21.3935],[75.5913,21.3917],[75.5813,21.3799],[75.5481,21.3725],[75.5246,21.3872],[75.4684,21.3942],[75.3845,21.3856],[75.3538,21.3935],[75.3032,21.3952],[75.3018,21.4148],[75.254,21.4061],[75.2323,21.4166],[75.2075,21.4158],[75.1629,21.4049],[75.1435,21.3863],[75.1276,21.3413],[75.1416,21.2958],[75.1065,21.238],[75.0668,21.2256],[75.0443,21.2131],[75.0353,21.194],[74.9928,21.1971],[74.9762,21.2228],[74.9555,21.2232],[74.966,21.1937],[74.9309,21.1675],[74.8958,21.1532],[74.8896,21.1151],[74.8611,21.0648],[74.8679,21.053],[74.894,21.0542],[74.9241,21.0123],[74.9195,20.9917],[74.9326,20.9794],[74.9155,20.9638],[74.9171,20.9285],[74.938,20.9276],[74.9528,20.9133],[74.9731,20.879],[74.9704,20.8532],[74.9847,20.8449],[74.9893,20.8239],[74.9648,20.8065],[74.9913,20.7747],[74.994,20.738],[74.9565,20.7134],[74.9578,20.693],[74.9325,20.659],[74.9041,20.6595],[74.8906,20.6457],[74.8598,20.6367],[74.8184,20.6352],[74.8159,20.5961],[74.7991,20.5768],[74.7993,20.5409],[74.7656,20.54],[74.7783,20.5059],[74.7898,20.5015],[74.7772,20.4719],[74.8042,20.4704],[74.8115,20.4442],[74.8414,20.4188],[74.8384,20.3951],[74.8542,20.384],[74.8702,20.3175],[74.8606,20.2867],[74.8737,20.2783],[74.9382,20.271],[74.9742,20.3054],[74.9906,20.3037],[74.992,20.3316],[75.0031,20.3382],[75.0512,20.309],[75.0623,20.3354],[75.0951,20.336],[75.1254,20.3489],[75.1291,20.3587],[75.1108,20.4084],[75.1321,20.4329],[75.164,20.438],[75.1651,20.4766],[75.2037,20.4778],[75.2046,20.4933],[75.2418,20.5231],[75.257,20.5716],[75.2876,20.57],[75.3307,20.5938],[75.355,20.5912],[75.3745,20.577],[75.393,20.5812],[75.3991,20.5257],[75.4144,20.525],[75.4526,20.5419],[75.4625,20.5545],[75.4912,20.5326],[75.5101,20.556],[75.5276,20.5623],[75.5239,20.592],[75.5381,20.6113],[75.5602,20.6151],[75.5915,20.6043],[75.6161,20.6109],[75.6259,20.6269],[75.6494,20.6217],[75.6633,20.6302],[75.6589,20.6636],[75.6676,20.6716],[75.7067,20.6632],[75.7004,20.633],[75.7074,20.617],[75.7342,20.6118],[75.7594,20.6159],[75.7605,20.5816],[75.7858,20.5884],[75.8212,20.5633],[75.8302,20.576],[75.8438,20.6201],[75.8696,20.6252],[75.8722,20.6025],[75.8878,20.5985],[75.8899,20.565],[75.934,20.5564],[75.9355,20.5953],[75.9551,20.6081],[75.9574,20.6267],[75.9912,20.6248],[76.0111,20.6447],[75.9982,20.6691],[76.0035,20.6904],[76.0001,20.7174],[76.0122,20.7404],[75.987,20.7606],[75.998,20.7798],[76.0498,20.7901],[76.0496,20.8143],[76.0738,20.8354],[76.0754,20.8467],[76.1151,20.8952],[76.0805,20.91],[76.0919,20.9454],[76.1094,20.9507],[76.1223,20.9772],[76.159,21.0023],[76.17,21.0371],[76.1999,21.0169],[76.2252,21.0139],[76.2389,20.9927],[76.2665,20.9819],[76.2798,20.9601],[76.346,20.9517],[76.367,20.9798],[76.3823,20.9795],[76.3971,21.0323],[76.3828,21.0796],[76.381,21.0791],[76.3658,21.0791],[76.3613,21.08],[76.3348,21.0772],[76.2971,21.0772],[76.2818,21.0753],[76.2692,21.093],[76.2275,21.0914],[76.1839,21.09],[76.1773,21.0855],[76.167,21.0896],[76.1693,21.1014],[76.1674,21.1063],[76.1342,21.1303],[76.1409,21.136],[76.1317,21.1527],[76.1189,21.1601],[76.1143,21.1705],[76.1274,21.1779],[76.1551,21.1726],[76.1668,21.1707],[76.1659,21.1955],[76.1671,21.2036],[76.1615,21.2167],[76.1455,21.2332],[76.1543,21.2491],[76.1471,21.2814],[76.1399,21.289],[76.1293,21.2975],[76.1222,21.3216],[76.1069,21.3602],[76.095,21.3727],[76.0772,21.3643],[76.0524,21.3527],[76.047,21.3552],[76.042,21.3589],[76.0346,21.3653],[76.016,21.3699],[75.9916,21.3761],[75.9687,21.394],[75.9165,21.3898],[75.8881,21.3996],[75.8628,21.3873],[75.8326,21.3833],[75.8014,21.3902],[75.7589,21.3855],[75.7441,21.3932],[75.7068,21.3913],[75.6734,21.3804],[75.6295,21.3812],[75.6194,21.3935]]]},"properties":{"NAME_1":"Maharashtra","NAME_2":"Jalgaon"}},{"type":"Feature","geometry":{"type":"Polygon","coordinates":[[[76.532,19.8512],[76.5326,19.8651],[76.5106,19.8749],[76.4911,19.8991],[76.4923,19.9178],[76.4075,19.9206],[76.3896,19.9051],[76.3675,19.9266],[76.3525,19.8946],[76.2978,19.8705],[76.2563,19.8742],[76.2299,19.8647],[76.1986,19.8632],[76.1745,19.8502],[76.1293,19.8638],[76.1003,19.8568],[76.0834,19.8819],[76.0807,19.9125],[76.0637,19.9167],[76.0428,19.9515],[76.0143,19.9543],[75.9974,19.9764],[76.0219,20.0229],[76.0822,20.1216],[76.0997,20.1402],[76.126,20.1523],[76.1513,20.1786],[76.159,20.2433],[76.1776,20.2795],[76.1776,20.2982],[76.1524,20.3289],[76.0986,20.353],[76.0844,20.3475],[76.0657,20.3234],[76.0295,20.3026],[75.9933,20.3223],[75.9813,20.3223],[75.9396,20.2927],[75.9206,20.2981],[75.927,20.3247],[75.945,20.353],[75.9425,20.3727],[75.954,20.3914],[75.9425,20.427],[75.9584,20.4673],[75.9445,20.4879],[75.9446,20.5055],[75.9588,20.529],[75.971,20.5246],[76.0087,20.5375],[76.0212,20.5538],[76.0403,20.5566],[76.0421,20.5833],[76.0328,20.6402],[76.0111,20.6447],[75.9912,20.6248],[75.9574,20.6267],[75.9551,20.6081],[75.9355,20.5953],[75.934,20.5564],[75.8899,20.565],[75.8654,20.5634],[75.8868,20.5327],[75.8684,20.5289],[75.8522,20.4918],[75.8672,20.469],[75.8444,20.4616],[75.8316,20.4743],[75.8003,20.4648],[75.7997,20.4545],[75.7663,20.4522],[75.7605,20.4287],[75.7382,20.4158],[75.7553,20.4007],[75.7526,20.3748],[75.7703,20.355],[75.7567,20.3292],[75.7198,20.3333],[75.7129,20.3185],[75.6868,20.3108],[75.6977,20.2875],[75.6772,20.2415],[75.6853,20.2056],[75.6756,20.1895],[75.6499,20.1926],[75.637,20.1293],[75.6285,20.1066],[75.5908,20.1032],[75.5957,20.0625],[75.6088,20.053],[75.5949,20.0293],[75.6064,20.007],[75.6313,20.0017],[75.6423,19.9563],[75.6693,19.9408],[75.6689,19.9215],[75.655,19.9115],[75.6486,19.8513],[75.6539,19.816],[75.638,19.8146],[75.6468,19.7858],[75.6293,19.7768],[75.6294,19.7468],[75.6377,19.7353],[75.6349,19.6562],[75.6119,19.657],[75.5925,19.6384],[75.6024,19.603],[75.6533,19.5956],[75.6571,19.5552],[75.6454,19.5289],[75.6468,19.4994],[75.6336,19.4612],[75.6129,19.454],[75.62,19.4255],[75.6115,19.382],[75.6431,19.3816],[75.6572,19.3663],[75.6894,19.3558],[75.7556,19.3592],[75.7593,19.3899],[75.7975,19.3972],[75.8369,19.3722],[75.888,19.3789],[75.9107,19.3897],[75.9229,19.3741],[75.9102,19.352],[75.9078,19.3196],[75.9389,19.2928],[75.9714,19.2997],[76.0132,19.3368],[76.0256,19.3372],[76.0273,19.3015],[76.0396,19.2863],[76.0838,19.28],[76.0985,19.3073],[76.1253,19.3043],[76.1636,19.2834],[76.1851,19.2894],[76.2092,19.2778],[76.2132,19.3186],[76.2349,19.3137],[76.2417,19.3382],[76.2648,19.334],[76.2794,19.3445],[76.2853,19.3661],[76.2909,19.4319],[76.3035,19.4318],[76.3151,19.4638],[76.3412,19.4538],[76.3448,19.4698],[76.3653,19.4682],[76.3773,19.5037],[76.3781,19.5366],[76.3952,19.5313],[76.4418,19.5412],[76.4513,19.6127],[76.4529,19.6672],[76.487,19.6775],[76.4844,19.7205],[76.4579,19.7235],[76.4592,19.7472],[76.4848,19.7439],[76.493,19.7609],[76.4853,19.8004],[76.5108,19.801],[76.5091,19.8186],[76.5196,19.8491],[76.532,19.8512]]]},"properties":{"NAME_1":"Maharashtra","NAME_2":"Jalna"}},{"type":"Feature","geometry":{"type":"Polygon","coordinates":[[[74.6982,16.7152],[74.7054,16.7324],[74.6663,16.7483],[74.6371,16.7843],[74.6048,16.7996],[74.5648,16.8052],[74.5413,16.8442],[74.5036,16.8276],[74.5018,16.8541],[74.4761,16.8658],[74.4668,16.8501],[74.4201,16.8404],[74.4222,16.8696],[74.4022,16.8758],[74.3716,16.8514],[74.3455,16.8761],[74.3043,16.8904],[74.2885,16.9141],[74.2643,16.9032],[74.2568,16.8847],[74.1994,16.8905],[74.184,16.8975],[74.1554,16.8825],[74.1417,16.8881],[74.1288,16.9101],[74.0854,16.9032],[74.0472,16.9226],[74.0287,16.9574],[74.0306,16.9831],[73.9794,16.9918],[73.9902,17.012],[73.9891,17.0328],[73.9486,17.0674],[73.9238,17.073],[73.9103,17.101],[73.8951,17.1087],[73.858,17.1514],[73.8365,17.1661],[73.7896,17.1788],[73.766,17.1529],[73.7414,17.1661],[73.7187,17.1684],[73.699,17.157],[73.7037,17.1374],[73.72,17.1391],[73.7487,17.1203],[73.7561,17.13],[73.7978,17.0918],[73.8166,17.0843],[73.8129,17.0603],[73.8434,17.0526],[73.832,17.0366],[73.8427,16.9893],[73.7968,16.9914],[73.775,16.9612],[73.8046,16.9288],[73.8022,16.9107],[73.7577,16.9034],[73.7581,16.8811],[73.777,16.869],[73.7756,16.8475],[73.7472,16.8192],[73.7897,16.7809],[73.8008,16.7613],[73.828,16.7635],[73.8499,16.7373],[73.8334,16.715],[73.8363,16.6959],[73.8564,16.6898],[73.8747,16.6684],[73.8627,16.6487],[73.8726,16.6117],[73.8527,16.5839],[73.8562,16.5694],[73.8351,16.5419],[73.8571,16.5247],[73.8524,16.505],[73.878,16.4717],[73.8947,16.4701],[73.8963,16.447],[73.8467,16.4013],[73.8478,16.3905],[73.875,16.372],[73.8475,16.3419],[73.8581,16.3117],[73.8751,16.3075],[73.9076,16.3284],[73.9111,16.3024],[73.8902,16.2776],[73.9066,16.2549],[73.9248,16.2465],[73.926,16.2284],[73.9403,16.218],[73.9387,16.201],[73.9539,16.1903],[73.9551,16.1704],[73.9175,16.1567],[73.9184,16.1334],[73.8951,16.1433],[73.8645,16.1429],[73.8542,16.1058],[73.9097,16.0871],[73.9154,16.098],[73.9563,16.0965],[74.0068,16.0851],[74.0098,16.0358],[74.0564,16.0322],[74.0675,16.0482],[74.0916,16.0017],[74.0662,15.9754],[74.0572,15.9479],[74.0899,15.9249],[74.1003,15.887],[74.0913,15.8658],[74.0512,15.8367],[74.0389,15.818],[74.0565,15.8046],[74.0742,15.8114],[74.0782,15.8282],[74.1109,15.8373],[74.1154,15.8212],[74.1665,15.8193],[74.1626,15.7857],[74.1806,15.7722],[74.2174,15.7788],[74.2403,15.7808],[74.2352,15.7596],[74.2439,15.7444],[74.274,15.7531],[74.2922,15.7393],[74.3241,15.7565],[74.3509,15.7634],[74.3755,15.7967],[74.3692,15.8122],[74.3874,15.8471],[74.3538,15.8481],[74.37,15.8757],[74.3992,15.8743],[74.3919,15.9012],[74.4352,15.9512],[74.45,15.9832],[74.4497,15.9985],[74.4639,16.0226],[74.468,16.0467],[74.4405,16.057],[74.4112,16.049],[74.3901,16.0351],[74.371,16.0596],[74.4041,16.091],[74.4346,16.1106],[74.4645,16.1021],[74.4891,16.0873],[74.4971,16.1124],[74.491,16.142],[74.4978,16.1813],[74.5129,16.1883],[74.5083,16.2229],[74.4841,16.2467],[74.4225,16.2575],[74.4212,16.2806],[74.3913,16.2756],[74.3801,16.2935],[74.3626,16.2871],[74.3371,16.2657],[74.3287,16.2794],[74.3487,16.2915],[74.3344,16.3405],[74.3237,16.3536],[74.3427,16.4005],[74.3389,16.4522],[74.3219,16.45],[74.2948,16.4744],[74.2889,16.5038],[74.2766,16.5206],[74.2764,16.5445],[74.3069,16.5292],[74.3322,16.5537],[74.3854,16.5274],[74.3957,16.5357],[74.4035,16.5787],[74.4288,16.5827],[74.4408,16.5987],[74.4725,16.6048],[74.4648,16.653],[74.4774,16.6608],[74.4955,16.6277],[74.5514,16.6332],[74.5499,16.5922],[74.5656,16.5904],[74.5597,16.5597],[74.5741,16.552],[74.617,16.568],[74.6405,16.5819],[74.6411,16.6047],[74.6639,16.6011],[74.6943,16.6152],[74.6605,16.6376],[74.6717,16.6635],[74.6961,16.675],[74.6982,16.7152]]]},"properties":{"NAME_1":"Maharashtra","NAME_2":"Kolhapur"}},{"type":"Feature","geometry":{"type":"Polygon","coordinates":[[[77.2646,18.4184],[77.2613,18.4401],[77.291,18.4569],[77.2832,18.4725],[77.2492,18.481],[77.2445,18.4979],[77.2745,18.5189],[77.2936,18.5461],[77.2638,18.5643],[77.2678,18.6098],[77.2115,18.6237],[77.1971,18.6462],[77.1533,18.6453],[77.1568,18.6794],[77.1752,18.6787],[77.1795,18.7015],[77.1545,18.7005],[77.0443,18.6821],[77.0424,18.6972],[77.0553,18.729],[77.0546,18.7651],[77.0444,18.7723],[77.006,18.7663],[76.9932,18.8267],[76.9052,18.8354],[76.8833,18.8342],[76.8148,18.7989],[76.7825,18.7929],[76.7726,18.7739],[76.744,18.7736],[76.7256,18.7487],[76.7359,18.7016],[76.6844,18.6913],[76.6725,18.6695],[76.6275,18.677],[76.6047,18.6604],[76.5833,18.6749],[76.5626,18.6735],[76.5467,18.648],[76.5439,18.6072],[76.528,18.5982],[76.4714,18.6438],[76.4527,18.6452],[76.4175,18.6245],[76.4099,18.5989],[76.4099,18.5554],[76.3871,18.5409],[76.3677,18.5448],[76.3516,18.5639],[76.3111,18.5664],[76.2797,18.5738],[76.2766,18.5565],[76.2745,18.5379],[76.2551,18.5183],[76.2565,18.4818],[76.2714,18.4194],[76.2391,18.4338],[76.2258,18.4283],[76.2075,18.3871],[76.2488,18.3744],[76.2589,18.3639],[76.2893,18.3784],[76.2849,18.34],[76.3182,18.3282],[76.3158,18.2809],[76.2866,18.2476],[76.3017,18.2288],[76.2948,18.1982],[76.2818,18.1811],[76.2767,18.1385],[76.3052,18.1075],[76.3053,18.0951],[76.3308,18.0731],[76.3811,18.0882],[76.3986,18.0519],[76.4276,18.0292],[76.4409,18.0318],[76.5019,18.0215],[76.5464,18.0229],[76.5669,18.0377],[76.5954,18.0315],[76.6061,18.0091],[76.6241,17.9985],[76.6753,17.9954],[76.688,17.969],[76.6741,17.9205],[76.7172,17.9154],[76.7407,17.898],[76.766,17.8984],[76.7746,17.877],[76.8028,17.8683],[76.8082,17.8831],[76.8538,17.8978],[76.8812,17.8931],[76.9132,17.9372],[76.9196,17.9854],[76.9177,18.0332],[76.9521,18.0377],[76.9497,18.0823],[76.9683,18.0971],[76.9534,18.1101],[76.9226,18.1161],[76.9438,18.1547],[76.9541,18.1849],[76.9915,18.1867],[76.9978,18.1668],[77.024,18.1627],[77.0328,18.1838],[77.0494,18.1732],[77.0577,18.1524],[77.1089,18.1527],[77.1163,18.1676],[77.0955,18.1951],[77.1395,18.2072],[77.1572,18.2531],[77.1778,18.2819],[77.2062,18.278],[77.1954,18.3127],[77.21,18.3137],[77.2273,18.3449],[77.2402,18.4086],[77.2646,18.4184]]]},"properties":{"NAME_1":"Maharashtra","NAME_2":"Latur"}},{"type":"Feature","geometry":{"type":"Polygon","coordinates":[[[79.5058,21.5903],[79.4982,21.6124],[79.5125,21.6265],[79.4886,21.6741],[79.4585,21.6873],[79.4407,21.6822],[79.4114,21.691],[79.3947,21.6746],[79.2848,21.6939],[79.2577,21.7175],[79.2281,21.7219],[79.2182,21.6813],[79.2284,21.6714],[79.2166,21.6502],[79.1478,21.6605],[79.1411,21.6395],[79.1041,21.6094],[79.031,21.6056],[79.0096,21.6015],[78.9944,21.6187],[78.9748,21.6176],[78.9403,21.5938],[78.9132,21.5924],[78.9127,21.5631],[78.9234,21.5238],[78.9363,21.5194],[78.9318,21.4874],[78.8958,21.5006],[78.8854,21.4856],[78.8515,21.4957],[78.8442,21.49],[78.761,21.4898],[78.7242,21.4644],[78.6841,21.482],[78.6375,21.4842],[78.621,21.4775],[78.6054,21.4884],[78.5849,21.4869],[78.56,21.5146],[78.5086,21.5284],[78.4804,21.5061],[78.4301,21.5018],[78.4256,21.4813],[78.4396,21.447],[78.4414,21.4043],[78.3972,21.385],[78.3717,21.3955],[78.3062,21.3585],[78.2477,21.3385],[78.2467,21.3301],[78.2557,21.3309],[78.2934,21.2945],[78.3051,21.2714],[78.3216,21.2726],[78.3283,21.2519],[78.4058,21.2373],[78.4377,21.236],[78.4776,21.213],[78.5021,21.191],[78.5208,21.154],[78.5537,21.1158],[78.5847,21.1157],[78.6019,21.0702],[78.6382,21.0604],[78.647,21.0368],[78.6835,21.0303],[78.69,21.021],[78.7258,21.0054],[78.7218,20.9694],[78.7299,20.9477],[78.7685,20.9082],[78.7648,20.8995],[78.7996,20.8772],[78.8212,20.8893],[78.8594,20.8718],[78.8587,20.8426],[78.9106,20.8355],[78.9101,20.8067],[78.9399,20.7941],[78.9398,20.7672],[78.9682,20.7544],[78.9921,20.7541],[79.0142,20.7362],[79.0473,20.7344],[79.0551,20.7227],[79.0866,20.708],[79.1013,20.6857],[79.1372,20.6758],[79.1456,20.65],[79.1647,20.6429],[79.165,20.6243],[79.1829,20.6024],[79.2037,20.5972],[79.219,20.5818],[79.2867,20.5884],[79.3159,20.5829],[79.3515,20.655],[79.3696,20.677],[79.4009,20.6551],[79.454,20.6685],[79.4836,20.6978],[79.503,20.7036],[79.5294,20.7396],[79.5295,20.7725],[79.5544,20.8026],[79.5355,20.8476],[79.5769,20.8422],[79.5981,20.864],[79.6105,20.9023],[79.638,20.9163],[79.6547,20.9526],[79.6535,20.9693],[79.6065,21.0384],[79.5935,21.0725],[79.5719,21.0661],[79.5077,21.1215],[79.5002,21.1461],[79.5045,21.163],[79.5226,21.1679],[79.5458,21.1575],[79.5569,21.1873],[79.55,21.2091],[79.5654,21.2474],[79.5695,21.2837],[79.5526,21.3031],[79.5416,21.3318],[79.5204,21.3552],[79.4772,21.428],[79.4445,21.4357],[79.4533,21.4614],[79.4797,21.5028],[79.5082,21.5349],[79.5366,21.5442],[79.5395,21.5652],[79.5058,21.5903]]]},"properties":{"NAME_1":"Maharashtra","NAME_2":"Nagpur"}},{"type":"Feature","geometry":{"type":"Polygon","coordinates":[[[78.3102,19.9127],[78.2797,19.9072],[78.2763,19.8848],[78.2469,19.8735],[78.2379,19.8872],[78.2552,19.9114],[78.2483,19.9291],[78.1961,19.9024],[78.1378,19.9151],[78.1268,19.9018],[78.0988,19.8965],[78.0742,19.9004],[78.0491,19.9306],[78.0146,19.9155],[77.996,19.9177],[77.9499,19.9112],[77.9366,19.8928],[77.9201,19.8912],[77.888,19.871],[77.8724,19.8495],[77.8665,19.8238],[77.8453,19.8007],[77.8624,19.7663],[77.8567,19.7435],[77.8877,19.727],[77.9296,19.7391],[77.9492,19.7291],[77.9609,19.7061],[77.9813,19.6991],[77.9959,19.6811],[78.0277,19.6988],[78.0429,19.6985],[78.0525,19.6705],[78.078,19.6479],[78.1267,19.6666],[78.1746,19.6544],[78.1903,19.6249],[78.1802,19.5629],[78.1431,19.5522],[78.1101,19.4906],[78.0912,19.4866],[78.0636,19.4662],[78.0217,19.4967],[78.009,19.4647],[77.983,19.4593],[77.9831,19.4779],[77.9548,19.5104],[77.9395,19.4977],[77.9126,19.5147],[77.9003,19.5319],[77.886,19.5189],[77.8577,19.5191],[77.8391,19.5093],[77.8397,19.4832],[77.8284,19.4681],[77.8437,19.4552],[77.8266,19.4381],[77.8062,19.4624],[77.7944,19.45],[77.7453,19.4305],[77.6954,19.4382],[77.6949,19.4569],[77.7337,19.4801],[77.746,19.5214],[77.7301,19.5317],[77.7104,19.5253],[77.6968,19.5375],[77.6429,19.5473],[77.6448,19.5637],[77.6134,19.6376],[77.5832,19.6513],[77.552,19.6524],[77.5363,19.6687],[77.4759,19.6824],[77.4565,19.682],[77.467,19.6647],[77.4637,19.6146],[77.478,19.5999],[77.4509,19.5673],[77.4658,19.5632],[77.4706,19.5273],[77.4672,19.4984],[77.4866,19.495],[77.4905,19.4661],[77.4745,19.455],[77.4692,19.4365],[77.4494,19.4394],[77.4343,19.4068],[77.4486,19.3887],[77.3615,19.3384],[77.3493,19.3519],[77.311,19.3537],[77.3075,19.3297],[77.2774,19.3145],[77.2416,19.3206],[77.2356,19.2734],[77.2195,19.2697],[77.203,19.2419],[77.1817,19.2297],[77.1758,19.2105],[77.1799,19.1645],[77.1924,19.1649],[77.189,19.1299],[77.1638,19.1157],[77.1619,19.0929],[77.139,19.0696],[77.1228,19.0779],[77.0957,19.0659],[77.0847,19.0752],[77.0989,19.1067],[77.0826,19.1072],[77.0605,19.067],[77.0633,19.0285],[77.0424,19.0296],[77.0406,19.0027],[77.0525,18.9876],[77.0369,18.971],[77.0184,18.9336],[76.9846,18.9149],[76.9599,18.9317],[76.949,18.9062],[76.9551,18.8738],[77.0107,18.8773],[77.0169,18.8423],[76.9932,18.8267],[77.006,18.7663],[77.0444,18.7723],[77.0546,18.7651],[77.0553,18.729],[77.0424,18.6972],[77.0443,18.6821],[77.1545,18.7005],[77.1795,18.7015],[77.1752,18.6787],[77.1568,18.6794],[77.1533,18.6453],[77.1971,18.6462],[77.2115,18.6237],[77.2678,18.6098],[77.2638,18.5643],[77.2936,18.5461],[77.2745,18.5189],[77.2445,18.4979],[77.2492,18.481],[77.2832,18.4725],[77.291,18.4569],[77.2613,18.4401],[77.2646,18.4184],[77.3133,18.4394],[77.3256,18.4551],[77.3421,18.4303],[77.3644,18.4298],[77.3698,18.4007],[77.4005,18.3978],[77.4079,18.3785],[77.3918,18.3659],[77.3928,18.3405],[77.367,18.3223],[77.3625,18.3083],[77.4078,18.2996],[77.4364,18.3065],[77.4369,18.282],[77.4654,18.26],[77.4922,18.2659],[77.5126,18.282],[77.5198,18.3074],[77.55,18.2913],[77.5702,18.3082],[77.5534,18.3312],[77.5273,18.3394],[77.5214,18.3647],[77.5493,18.3877],[77.5552,18.4179],[77.5259,18.4274],[77.5285,18.4405],[77.5602,18.435],[77.5826,18.4431],[77.5706,18.4669],[77.5863,18.5029],[77.5973,18.5475],[77.6405,18.5539],[77.6576,18.5272],[77.7124,18.5544],[77.7279,18.5515],[77.7472,18.5891],[77.743,18.6214],[77.7297,18.6427],[77.7329,18.676],[77.7495,18.6898],[77.7865,18.6943],[77.8232,18.7685],[77.8375,18.8075],[77.9076,18.8295],[77.9426,18.8223],[77.9441,18.8423],[77.9253,18.8592],[77.8992,18.8679],[77.8816,18.9085],[77.8405,18.9113],[77.8537,18.9523],[77.8127,18.9495],[77.8171,18.9824],[77.7674,18.9814],[77.7643,19.0196],[77.7574,19.0286],[77.7617,19.062],[77.7972,19.0513],[77.7935,19.0712],[77.8002,19.0989],[77.8152,19.1037],[77.8286,19.0849],[77.8422,19.0868],[77.8452,19.1142],[77.8339,19.1327],[77.8492,19.1553],[77.8445,19.1882],[77.8681,19.2461],[77.9007,19.2771],[77.8619,19.2841],[77.8609,19.3021],[77.9123,19.318],[77.9489,19.3413],[77.9855,19.309],[78.0116,19.3011],[78.0273,19.2787],[78.0457,19.2709],[78.0576,19.2397],[78.0823,19.2548],[78.0994,19.2455],[78.1267,19.2464],[78.1497,19.2301],[78.1833,19.2415],[78.1832,19.279],[78.1972,19.3317],[78.1796,19.353],[78.1876,19.3956],[78.2243,19.434],[78.252,19.43],[78.2732,19.4538],[78.2973,19.4488],[78.312,19.4659],[78.2994,19.5041],[78.2965,19.5584],[78.3111,19.5718],[78.311,19.6042],[78.2876,19.6545],[78.2697,19.6631],[78.2858,19.6897],[78.3161,19.6906],[78.3453,19.7136],[78.3454,19.7344],[78.3608,19.754],[78.3677,19.7811],[78.3605,19.8057],[78.3392,19.8135],[78.339,19.8392],[78.2941,19.8496],[78.3102,19.9127]]]},"properties":{"NAME_1":"Maharashtra","NAME_2":"Nanded"}},{"type":"Feature","geometry":{"type":"Polygon","coordinates":[[[74.4355,22.031],[74.3883,22.0202],[74.3782,22.0022],[74.3456,21.9752],[74.3014,21.9668],[74.2923,21.9373],[74.2006,21.9256],[74.1718,21.9451],[74.146,21.9541],[74.0467,21.9228],[74.023,21.906],[73.9492,21.8703],[73.9219,21.8566],[73.8995,21.8545],[73.8796,21.8386],[73.8415,21.8385],[73.8105,21.8233],[73.8276,21.8119],[73.8429,21.7721],[73.8312,21.7629],[73.8464,21.742],[73.8902,21.7106],[73.8981,21.6673],[73.8856,21.6451],[73.8452,21.6332],[73.829,21.6398],[73.7876,21.625],[73.8068,21.6024],[73.8245,21.5983],[73.8338,21.5535],[73.8499,21.511],[73.8608,21.4958],[73.9376,21.5207],[73.9875,21.5224],[74.0256,21.5526],[74.0471,21.5497],[74.0682,21.5594],[74.1361,21.5567],[74.1863,21.5596],[74.2069,21.5298],[74.2381,21.5501],[74.2716,21.5364],[74.2917,21.5588],[74.3118,21.5651],[74.3148,21.5447],[74.3355,21.5402],[74.3277,21.4958],[74.3078,21.4801],[74.2722,21.4756],[74.2632,21.4657],[74.2226,21.459],[74.1855,21.467],[74.1605,21.4534],[74.1408,21.4625],[74.1208,21.4497],[74.08,21.4572],[74.0572,21.4557],[74.0516,21.4263],[74.0095,21.4134],[73.9619,21.3931],[73.9553,21.3743],[73.957,21.3445],[73.9485,21.2976],[73.892,21.2624],[73.8584,21.27],[73.8321,21.2675],[73.8363,21.2423],[73.8201,21.2219],[73.8225,21.1719],[73.7963,21.1817],[73.7797,21.1646],[73.7416,21.1671],[73.7367,21.1383],[73.7132,21.1505],[73.6813,21.1521],[73.6364,21.1327],[73.6375,21.1531],[73.6115,21.1545],[73.6287,21.1201],[73.6577,21.121],[73.6934,21.101],[73.709,21.1123],[73.7358,21.1032],[73.7441,21.0817],[73.7476,21.04],[73.7661,21.0401],[73.7847,21.0196],[73.8077,21.0226],[73.8164,20.9961],[73.8572,20.9977],[73.8632,21.0274],[73.89,21.0291],[73.966,21.0453],[73.9567,21.0614],[73.9572,21.087],[73.9813,21.1122],[74.0086,21.1209],[74.0253,21.1451],[74.0463,21.1456],[74.0565,21.1287],[74.0749,21.1286],[74.087,21.1462],[74.0636,21.1725],[74.1257,21.2152],[74.1477,21.2209],[74.1872,21.2116],[74.213,21.2227],[74.2278,21.2427],[74.2776,21.2503],[74.2894,21.2403],[74.3199,21.2466],[74.3228,21.2351],[74.3599,21.2335],[74.3651,21.2549],[74.4367,21.2645],[74.4516,21.2382],[74.4958,21.2411],[74.5017,21.2919],[74.4859,21.3105],[74.483,21.3548],[74.5124,21.3913],[74.5017,21.4015],[74.5018,21.4291],[74.5245,21.4312],[74.5764,21.4053],[74.6119,21.4172],[74.6419,21.4013],[74.6648,21.4077],[74.689,21.4044],[74.7048,21.4533],[74.7017,21.4724],[74.7432,21.4821],[74.7543,21.4778],[74.7634,21.5188],[74.762,21.5855],[74.775,21.6155],[74.724,21.624],[74.6948,21.6334],[74.6564,21.6543],[74.589,21.6653],[74.5847,21.6841],[74.5605,21.688],[74.551,21.7194],[74.5243,21.7179],[74.5114,21.7285],[74.517,21.7672],[74.5036,21.8072],[74.5118,21.8212],[74.5178,21.8862],[74.5275,21.9088],[74.5156,21.9339],[74.4934,21.9545],[74.4517,21.9675],[74.443,21.9831],[74.4445,22.016],[74.4355,22.031]]]},"properties":{"NAME_1":"Maharashtra","NAME_2":"Nandurbar"}},{"type":"Feature","geometry":{"type":"Polygon","coordinates":[[[74.8184,20.6352],[74.8091,20.6581],[74.7875,20.6655],[74.7418,20.6691],[74.7139,20.6907],[74.6548,20.6963],[74.6651,20.738],[74.6588,20.7546],[74.6689,20.7757],[74.641,20.7829],[74.6263,20.7999],[74.5785,20.8251],[74.5525,20.8284],[74.5166,20.8093],[74.5113,20.8189],[74.4698,20.8149],[74.4547,20.8031],[74.4267,20.8067],[74.3923,20.836],[74.3443,20.8527],[74.3207,20.8433],[74.2959,20.8565],[74.2751,20.8516],[74.2307,20.8583],[74.1996,20.8556],[74.1731,20.864],[74.1503,20.8533],[74.1319,20.8662],[74.0537,20.8367],[74.006,20.8366],[73.9734,20.847],[73.9451,20.8401],[73.9476,20.8251],[73.9402,20.8089],[73.9381,20.7897],[73.9383,20.7608],[73.9475,20.7525],[73.9485,20.7467],[73.9351,20.7346],[73.9088,20.7252],[73.8773,20.7213],[73.8736,20.7077],[73.8636,20.6943],[73.8428,20.7021],[73.8287,20.6965],[73.8254,20.6736],[73.8415,20.6751],[73.8435,20.6503],[73.8464,20.6235],[73.8339,20.6141],[73.8254,20.614],[73.806,20.6015],[73.7871,20.6023],[73.78,20.5919],[73.7482,20.5674],[73.7415,20.5726],[73.7377,20.574],[73.7243,20.5758],[73.7096,20.5745],[73.6814,20.5677],[73.6707,20.5623],[73.6619,20.5657],[73.6471,20.5775],[73.6433,20.5772],[73.6368,20.5793],[73.6295,20.6123],[73.6073,20.6363],[73.5912,20.6451],[73.5742,20.6511],[73.5629,20.6474],[73.5384,20.6739],[73.5252,20.6671],[73.5123,20.663],[73.5009,20.6527],[73.4934,20.6656],[73.4895,20.6696],[73.4874,20.6756],[73.4934,20.6943],[73.4842,20.7091],[73.4752,20.7217],[73.4587,20.7143],[73.4565,20.6934],[73.4399,20.6648],[73.4036,20.6524],[73.416,20.6262],[73.4276,20.6245],[73.4404,20.5951],[73.4808,20.5836],[73.4818,20.5434],[73.4723,20.514],[73.4759,20.495],[73.449,20.4667],[73.4229,20.4143],[73.3977,20.3992],[73.4148,20.3816],[73.4253,20.3207],[73.4369,20.2821],[73.4204,20.257],[73.4268,20.2016],[73.3759,20.195],[73.3111,20.2072],[73.2941,20.1939],[73.2936,20.1539],[73.2685,20.1393],[73.2595,20.1246],[73.2815,20.1049],[73.2751,20.0607],[73.2881,20.0465],[73.305,20.0604],[73.3428,20.0396],[73.3726,20.0351],[73.3736,20.021],[73.4149,20.017],[73.4351,19.9846],[73.4614,19.9821],[73.4475,19.9311],[73.4328,19.9157],[73.4443,19.8729],[73.4275,19.8641],[73.4301,19.8367],[73.4519,19.8254],[73.4529,19.784],[73.471,19.7595],[73.5098,19.7587],[73.516,19.7298],[73.5003,19.7146],[73.5291,19.7018],[73.5758,19.6215],[73.6288,19.5871],[73.6426,19.5971],[73.672,19.5864],[73.7205,19.6029],[73.7209,19.6141],[73.7874,19.6358],[73.7893,19.6564],[73.812,19.6825],[73.8503,19.7413],[73.8752,19.7499],[73.9083,19.741],[73.9048,19.7168],[73.923,19.6819],[73.9467,19.6732],[73.9873,19.6767],[74.0773,19.6605],[74.1034,19.6402],[74.128,19.6442],[74.1501,19.6738],[74.1706,19.7256],[74.1956,19.7375],[74.229,19.7375],[74.252,19.7445],[74.2818,19.7767],[74.3248,19.768],[74.3394,19.7997],[74.3711,19.8025],[74.3702,19.8713],[74.3464,19.8741],[74.3439,19.8868],[74.2835,19.9089],[74.2809,19.9311],[74.2561,19.9375],[74.2575,19.9648],[74.2892,19.9597],[74.3118,19.9692],[74.3253,19.9862],[74.3536,19.9845],[74.3713,19.9663],[74.3913,19.9813],[74.4544,19.9755],[74.4743,19.9886],[74.4852,19.9671],[74.5363,19.9763],[74.5628,19.9683],[74.5782,19.9554],[74.6777,19.9476],[74.6938,19.9724],[74.6896,19.9902],[74.7145,20.0413],[74.7271,20.0558],[74.715,20.0794],[74.7423,20.0833],[74.7346,20.1125],[74.7111,20.1142],[74.7196,20.1362],[74.7194,20.1686],[74.7274,20.1876],[74.768,20.1839],[74.7706,20.2041],[74.7942,20.2095],[74.8201,20.2454],[74.8622,20.2283],[74.8597,20.1782],[74.9025,20.178],[74.9144,20.1538],[74.9273,20.1547],[74.9355,20.1825],[74.9348,20.2149],[74.9145,20.2169],[74.9118,20.2446],[74.9375,20.2479],[74.9382,20.271],[74.8737,20.2783],[74.8606,20.2867],[74.8702,20.3175],[74.8542,20.384],[74.8384,20.3951],[74.8414,20.4188],[74.8115,20.4442],[74.8042,20.4704],[74.7772,20.4719],[74.7898,20.5015],[74.7783,20.5059],[74.7656,20.54],[74.7993,20.5409],[74.7991,20.5768],[74.8159,20.5961],[74.8184,20.6352]]]},"properties":{"NAME_1":"Maharashtra","NAME_2":"Nashik"}},{"type":"Feature","geometry":{"type":"Polygon","coordinates":[[[76.2766,18.5565],[76.2541,18.5764],[76.2211,18.5751],[76.199,18.5824],[76.1531,18.5818],[76.099,18.5874],[76.0766,18.5756],[76.0521,18.5744],[76.0287,18.6015],[75.9971,18.6068],[75.9944,18.6198],[75.9504,18.6082],[75.9501,18.6367],[75.9169,18.6501],[75.8637,18.6497],[75.8264,18.6704],[75.8025,18.6732],[75.784,18.6618],[75.754,18.6802],[75.7322,18.6752],[75.6916,18.6905],[75.6743,18.6903],[75.6679,18.6499],[75.6489,18.6482],[75.6229,18.6612],[75.6034,18.6925],[75.5506,18.6823],[75.5461,18.6588],[75.5532,18.6439],[75.5278,18.6384],[75.5097,18.6217],[75.493,18.626],[75.4547,18.5886],[75.4416,18.5522],[75.4249,18.5351],[75.3484,18.5615],[75.3382,18.5247],[75.3171,18.5184],[75.3038,18.503],[75.3044,18.429],[75.2882,18.4114],[75.3095,18.3919],[75.3256,18.3952],[75.3628,18.3697],[75.3921,18.3285],[75.4036,18.2971],[75.3994,18.2647],[75.4313,18.2636],[75.43,18.2191],[75.441,18.2076],[75.431,18.1802],[75.4697,18.1614],[75.5136,18.157],[75.5353,18.1338],[75.5528,18.1443],[75.5489,18.1631],[75.5556,18.1965],[75.5767,18.2396],[75.5884,18.2452],[75.6318,18.2447],[75.6352,18.2639],[75.6206,18.2738],[75.6355,18.3046],[75.657,18.3325],[75.6912,18.3238],[75.7215,18.3372],[75.7332,18.3601],[75.7287,18.3886],[75.7127,18.3926],[75.7298,18.4337],[75.765,18.4396],[75.7753,18.4114],[75.7999,18.3837],[75.8176,18.3822],[75.8525,18.3641],[75.8845,18.3655],[75.9054,18.3244],[75.9251,18.3017],[75.928,18.2601],[75.9471,18.2416],[75.9396,18.2155],[75.949,18.1814],[75.9611,18.1602],[75.9439,18.1282],[75.9622,18.0889],[75.9877,18.0924],[76.0005,18.0715],[75.9924,18.0608],[76.0166,18.0386],[75.997,17.9916],[75.9763,17.9697],[75.9616,17.9787],[75.9279,17.972],[75.9136,17.9774],[75.908,18.0032],[75.8776,18.0123],[75.8584,18.0089],[75.8404,17.9776],[75.8398,17.9285],[75.8524,17.919],[75.8463,17.891],[75.8589,17.8629],[75.8771,17.845],[75.9202,17.8312],[75.9403,17.8507],[75.9689,17.8176],[75.984,17.8409],[76.0188,17.8279],[76.0098,17.8016],[76.0035,17.7524],[76.0279,17.7647],[76.0564,17.7641],[76.0965,17.7774],[76.1454,17.753],[76.1482,17.7315],[76.1761,17.7297],[76.1496,17.6977],[76.1897,17.681],[76.2392,17.6965],[76.271,17.7261],[76.2987,17.7276],[76.3156,17.7141],[76.3186,17.6956],[76.3554,17.6947],[76.3785,17.684],[76.3805,17.658],[76.4287,17.6444],[76.4846,17.6696],[76.4864,17.7135],[76.5236,17.7152],[76.5237,17.7589],[76.5598,17.7631],[76.5681,17.7398],[76.5694,17.7037],[76.587,17.7079],[76.5988,17.728],[76.6041,17.7558],[76.627,17.756],[76.6307,17.729],[76.6552,17.7164],[76.6631,17.6879],[76.6906,17.68],[76.6924,17.7053],[76.718,17.7479],[76.7194,17.7853],[76.7394,17.7791],[76.7763,17.7994],[76.7882,17.8265],[76.7657,17.8508],[76.7375,17.8571],[76.7407,17.898],[76.7172,17.9154],[76.6741,17.9205],[76.688,17.969],[76.6753,17.9954],[76.6241,17.9985],[76.6061,18.0091],[76.5954,18.0315],[76.5669,18.0377],[76.5464,18.0229],[76.5019,18.0215],[76.4409,18.0318],[76.4276,18.0292],[76.3986,18.0519],[76.3811,18.0882],[76.3308,18.0731],[76.3053,18.0951],[76.3052,18.1075],[76.2767,18.1385],[76.2818,18.1811],[76.2948,18.1982],[76.3017,18.2288],[76.2866,18.2476],[76.3158,18.2809],[76.3182,18.3282],[76.2849,18.34],[76.2893,18.3784],[76.2589,18.3639],[76.2488,18.3744],[76.2075,18.3871],[76.2258,18.4283],[76.2391,18.4338],[76.2714,18.4194],[76.2565,18.4818],[76.2551,18.5183],[76.2745,18.5379],[76.2766,18.5565]]]},"properties":{"NAME_1":"Maharashtra","NAME_2":"Osmanabad"}},{"type":"Feature","geometry":{"type":"Polygon","coordinates":[[[76.6456,19.8663],[76.6322,19.867],[76.6221,19.8433],[76.5394,19.8455],[76.532,19.8512],[76.5196,19.8491],[76.5091,19.8186],[76.5108,19.801],[76.4853,19.8004],[76.493,19.7609],[76.4848,19.7439],[76.4592,19.7472],[76.4579,19.7235],[76.4844,19.7205],[76.487,19.6775],[76.4529,19.6672],[76.4513,19.6127],[76.4418,19.5412],[76.3952,19.5313],[76.3781,19.5366],[76.3773,19.5037],[76.3653,19.4682],[76.3448,19.4698],[76.3412,19.4538],[76.3151,19.4638],[76.3035,19.4318],[76.2909,19.4319],[76.2853,19.3661],[76.2794,19.3445],[76.2648,19.334],[76.2417,19.3382],[76.2349,19.3137],[76.2132,19.3186],[76.2092,19.2778],[76.2264,19.2417],[76.2586,19.2427],[76.2689,19.2561],[76.312,19.2611],[76.3464,19.2496],[76.3646,19.2341],[76.3641,19.2113],[76.3522,19.1928],[76.3608,19.1562],[76.336,19.1381],[76.3206,19.1142],[76.3274,19.1041],[76.3547,19.1026],[76.3777,19.1311],[76.4111,19.0925],[76.4384,19.0882],[76.4405,19.0444],[76.4556,19.0075],[76.4781,19.0006],[76.4712,18.9762],[76.478,18.9563],[76.5002,18.9508],[76.5096,18.927],[76.533,18.9232],[76.5387,18.9492],[76.5829,18.9446],[76.5876,18.9173],[76.5835,18.8823],[76.5917,18.8697],[76.6218,18.8687],[76.6422,18.8414],[76.6469,18.8215],[76.666,18.8186],[76.6814,18.7792],[76.6746,18.7608],[76.7256,18.7487],[76.744,18.7736],[76.7726,18.7739],[76.7825,18.7929],[76.8148,18.7989],[76.8833,18.8342],[76.9052,18.8354],[76.9932,18.8267],[77.0169,18.8423],[77.0107,18.8773],[76.9551,18.8738],[76.949,18.9062],[76.9599,18.9317],[76.9846,18.9149],[77.0184,18.9336],[77.0369,18.971],[77.0525,18.9876],[77.0406,19.0027],[77.0424,19.0296],[77.0633,19.0285],[77.0605,19.067],[77.0826,19.1072],[77.0989,19.1067],[77.1027,19.113],[77.086,19.1719],[77.0684,19.1926],[77.0359,19.201],[77.0492,19.2301],[77.0381,19.2437],[77.0112,19.2514],[77.0094,19.273],[76.9954,19.2816],[76.9682,19.2766],[76.9675,19.2536],[76.9195,19.2557],[76.9302,19.2966],[76.9009,19.2975],[76.8911,19.3113],[76.8987,19.3381],[76.8899,19.3486],[76.8939,19.3784],[76.918,19.4133],[76.935,19.4669],[76.951,19.4889],[76.9706,19.4751],[76.9754,19.5054],[76.9576,19.5115],[76.9672,19.5454],[76.9598,19.5809],[76.943,19.5975],[76.9408,19.6225],[76.9115,19.6212],[76.9015,19.6442],[76.8824,19.6241],[76.8739,19.6425],[76.8554,19.6455],[76.8628,19.6746],[76.8492,19.7048],[76.817,19.7047],[76.8077,19.682],[76.7868,19.6713],[76.783,19.7012],[76.7585,19.685],[76.7323,19.7171],[76.7158,19.7679],[76.7014,19.7649],[76.6861,19.7817],[76.7009,19.8068],[76.7047,19.8365],[76.6772,19.8468],[76.6456,19.8663]]]},"properties":{"NAME_1":"Maharashtra","NAME_2":"Parbhani"}},{"type":"Feature","geometry":{"type":"Polygon","coordinates":[[[74.8383,18.3389],[74.8146,18.343],[74.799,18.3549],[74.813,18.3858],[74.7884,18.4059],[74.7637,18.3972],[74.7394,18.3977],[74.7196,18.4301],[74.7317,18.4795],[74.7056,18.5056],[74.6687,18.4884],[74.6688,18.4652],[74.6487,18.4496],[74.6174,18.4673],[74.5858,18.4731],[74.5593,18.4987],[74.5552,18.5137],[74.5784,18.5321],[74.5713,18.559],[74.5492,18.5833],[74.551,18.6172],[74.5163,18.6158],[74.4846,18.6339],[74.4814,18.6476],[74.5153,18.6624],[74.4813,18.689],[74.4828,18.7222],[74.4569,18.7194],[74.4308,18.7489],[74.4055,18.7413],[74.392,18.8081],[74.4034,18.8305],[74.3578,18.8437],[74.332,18.8398],[74.3176,18.8535],[74.3007,18.9033],[74.2772,18.921],[74.2568,18.9529],[74.2296,18.9761],[74.2213,19.007],[74.2002,19.0178],[74.1819,19.0419],[74.207,19.0877],[74.204,19.106],[74.2171,19.1252],[74.2424,19.1235],[74.2722,19.1661],[74.2772,19.1858],[74.3104,19.189],[74.3225,19.2083],[74.268,19.2199],[74.2353,19.2047],[74.2163,19.204],[74.1937,19.2152],[74.1595,19.222],[74.1351,19.2203],[74.1185,19.2301],[74.1008,19.2264],[74.034,19.269],[74.0227,19.2924],[74.0354,19.3105],[74.0202,19.3258],[74.0072,19.3577],[73.9384,19.3407],[73.9224,19.3654],[73.892,19.3764],[73.865,19.3589],[73.8514,19.3754],[73.8093,19.395],[73.7897,19.3861],[73.8061,19.3362],[73.7617,19.3273],[73.7244,19.3265],[73.6825,19.3026],[73.6802,19.2881],[73.6992,19.2696],[73.699,19.2442],[73.6738,19.24],[73.6451,19.2097],[73.6231,19.2061],[73.6179,19.1892],[73.5797,19.1891],[73.5478,19.1741],[73.5367,19.1289],[73.5308,19.101],[73.5338,19.0581],[73.5561,19.0177],[73.5497,18.9958],[73.5214,18.972],[73.4719,18.9655],[73.4682,18.9291],[73.4405,18.9139],[73.4493,18.8983],[73.4376,18.8621],[73.413,18.8419],[73.3972,18.8462],[73.3912,18.8018],[73.3765,18.7853],[73.3647,18.7521],[73.3624,18.7225],[73.3467,18.6946],[73.3855,18.7074],[73.3951,18.6922],[73.3991,18.6537],[73.3668,18.6291],[73.3415,18.5945],[73.3342,18.5586],[73.3579,18.5436],[73.3975,18.5017],[73.4181,18.4929],[73.417,18.4666],[73.4067,18.4532],[73.4122,18.3992],[73.4321,18.4019],[73.4381,18.372],[73.4546,18.3593],[73.4324,18.3253],[73.4344,18.3046],[73.4566,18.3078],[73.4832,18.3004],[73.4902,18.2706],[73.5147,18.2793],[73.5151,18.257],[73.5423,18.2467],[73.5389,18.2168],[73.5912,18.1785],[73.609,18.1886],[73.6334,18.1756],[73.6629,18.1718],[73.6751,18.154],[73.6442,18.1452],[73.6375,18.1321],[73.6065,18.1056],[73.6294,18.0774],[73.6225,18.0572],[73.6592,18.0403],[73.668,18.0276],[73.7148,18.0474],[73.7685,18.0366],[73.7755,18.0242],[73.8005,18.0214],[73.8219,18.0352],[73.8662,18.0309],[73.8818,18.0519],[73.8888,18.0839],[73.8706,18.1192],[73.8989,18.1152],[73.9119,18.1355],[73.8825,18.1688],[73.9057,18.1818],[73.9107,18.1599],[73.9538,18.18],[73.9863,18.1542],[74.0173,18.1454],[74.0436,18.1304],[74.0735,18.1343],[74.0849,18.1208],[74.125,18.1298],[74.1699,18.1059],[74.1901,18.1104],[74.2153,18.0983],[74.2481,18.0966],[74.2641,18.0837],[74.3096,18.0681],[74.3315,18.0837],[74.3638,18.0956],[74.3827,18.0731],[74.439,18.0646],[74.4702,18.0468],[74.4991,18.0582],[74.5409,18.0568],[74.5569,18.0691],[74.5742,18.0557],[74.6114,18.0467],[74.634,18.0549],[74.6463,18.044],[74.6703,18.0684],[74.6913,18.0586],[74.6946,18.0426],[74.7149,18.0288],[74.7713,18.0219],[74.803,18.006],[74.8272,18.0131],[74.8358,17.9941],[74.8682,17.9908],[74.8718,17.9504],[74.8962,17.9373],[74.9213,17.9442],[74.9432,17.9393],[74.9475,17.9241],[75.0215,17.9068],[75.0306,17.8924],[75.0621,17.9246],[75.0758,17.9137],[75.1182,17.936],[75.1384,17.969],[75.1268,17.9958],[75.1125,17.9925],[75.1025,17.9722],[75.0742,17.9752],[75.0627,17.9507],[75.044,17.9461],[75.0253,17.9614],[75.0288,17.9804],[75.0661,18.0287],[75.0899,18.0453],[75.0942,18.0632],[75.1337,18.0749],[75.1467,18.0953],[75.1664,18.106],[75.1613,18.1205],[75.1217,18.1176],[75.0973,18.1218],[75.0952,18.1456],[75.1134,18.1781],[75.1131,18.2139],[75.0855,18.2175],[75.063,18.1972],[75.0257,18.1871],[75.0123,18.2117],[75.0484,18.2531],[75.0403,18.2616],[75.0169,18.2474],[74.99,18.2411],[74.9551,18.2631],[74.8922,18.2571],[74.881,18.247],[74.8376,18.246],[74.8011,18.279],[74.8086,18.3011],[74.8467,18.2954],[74.8383,18.3389]]]},"properties":{"NAME_1":"Maharashtra","NAME_2":"Pune"}},{"type":"Feature","geometry":{"type":"Polygon","coordinates":[[[73.5367,19.1289],[73.4961,19.1244],[73.4821,19.1346],[73.4419,19.1271],[73.4121,19.1343],[73.3858,19.127],[73.3602,19.1283],[73.321,19.1048],[73.3271,19.0815],[73.2898,19.084],[73.2734,19.0655],[73.2571,19.0633],[73.2259,19.0961],[73.2054,19.1245],[73.1876,19.1084],[73.1651,19.1124],[73.1208,19.1107],[73.0754,19.1099],[73.0584,19.0971],[73.0542,19.0705],[73.0597,19.0506],[73.0576,19.0162],[73.0323,18.9992],[73.0013,18.9707],[72.9721,18.9635],[72.9557,18.9735],[72.9396,18.9471],[72.9618,18.9204],[72.9574,18.9096],[72.9226,18.9121],[72.9082,18.8857],[72.9265,18.851],[72.9429,18.8457],[72.9779,18.8632],[72.9826,18.8101],[72.9574,18.8013],[72.9435,18.8271],[72.9163,18.7924],[72.8999,18.804],[72.8635,18.7912],[72.8643,18.7213],[72.8554,18.696],[72.8704,18.6396],[72.884,18.6385],[72.9285,18.5357],[72.911,18.5246],[72.8949,18.4582],[72.9054,18.441],[72.909,18.3988],[72.924,18.3921],[72.914,18.3549],[72.9529,18.3337],[72.9724,18.3018],[72.9921,18.2801],[73.0088,18.2846],[73.0351,18.2649],[73.0685,18.269],[73.059,18.2293],[73.0015,18.2479],[72.9737,18.2476],[72.9632,18.2807],[72.9382,18.2843],[72.9446,18.2232],[72.9812,18.1929],[72.9876,18.1604],[72.979,18.1082],[72.9974,18.0768],[72.9896,18.056],[73.031,18.0321],[73.0107,18.0249],[73.0218,17.9901],[73.0373,17.9849],[73.0593,17.9897],[73.1089,17.9907],[73.1251,17.9813],[73.1464,18.0144],[73.1893,18.0593],[73.2123,18.0667],[73.2352,18.0532],[73.2773,18.0683],[73.2993,18.0691],[73.308,18.057],[73.3017,18.0329],[73.3158,18.0223],[73.358,18.0236],[73.3731,18.0039],[73.355,17.9709],[73.3727,17.9538],[73.389,17.9107],[73.3847,17.8869],[73.4196,17.8844],[73.4488,17.9003],[73.4597,17.8493],[73.4731,17.864],[73.5041,17.8636],[73.5188,17.8517],[73.5448,17.8816],[73.5608,17.8639],[73.5799,17.8759],[73.5567,17.9028],[73.5846,17.9269],[73.6044,17.9347],[73.6454,17.9675],[73.6356,17.9837],[73.6655,18.0123],[73.668,18.0276],[73.6592,18.0403],[73.6225,18.0572],[73.6294,18.0774],[73.6065,18.1056],[73.6375,18.1321],[73.6442,18.1452],[73.6751,18.154],[73.6629,18.1718],[73.6334,18.1756],[73.609,18.1886],[73.5912,18.1785],[73.5389,18.2168],[73.5423,18.2467],[73.5151,18.257],[73.5147,18.2793],[73.4902,18.2706],[73.4832,18.3004],[73.4566,18.3078],[73.4344,18.3046],[73.4324,18.3253],[73.4546,18.3593],[73.4381,18.372],[73.4321,18.4019],[73.4122,18.3992],[73.4067,18.4532],[73.417,18.4666],[73.4181,18.4929],[73.3975,18.5017],[73.3579,18.5436],[73.3342,18.5586],[73.3415,18.5945],[73.3668,18.6291],[73.3991,18.6537],[73.3951,18.6922],[73.3855,18.7074],[73.3467,18.6946],[73.3624,18.7225],[73.3647,18.7521],[73.3765,18.7853],[73.3912,18.8018],[73.3972,18.8462],[73.413,18.8419],[73.4376,18.8621],[73.4493,18.8983],[73.4405,18.9139],[73.4682,18.9291],[73.4719,18.9655],[73.5214,18.972],[73.5497,18.9958],[73.5561,19.0177],[73.5338,19.0581],[73.5308,19.101],[73.5367,19.1289]]]},"properties":{"NAME_1":"Maharashtra","NAME_2":"Raigarh"}},{"type":"Feature","geometry":{"type":"Polygon","coordinates":[[[73.5799,17.8759],[73.5608,17.8639],[73.5448,17.8816],[73.5188,17.8517],[73.5041,17.8636],[73.4731,17.864],[73.4597,17.8493],[73.4488,17.9003],[73.4196,17.8844],[73.3847,17.8869],[73.389,17.9107],[73.3727,17.9538],[73.355,17.9709],[73.3731,18.0039],[73.358,18.0236],[73.3158,18.0223],[73.3017,18.0329],[73.308,18.057],[73.2993,18.0691],[73.2773,18.0683],[73.2352,18.0532],[73.2123,18.0667],[73.1893,18.0593],[73.1464,18.0144],[73.1251,17.9813],[73.1089,17.9907],[73.0593,17.9897],[73.0373,17.9849],[73.0296,17.9443],[73.0524,17.9315],[73.054,17.9004],[73.0713,17.8888],[73.0815,17.8654],[73.0965,17.8101],[73.1107,17.7871],[73.1351,17.7099],[73.1137,17.6893],[73.1335,17.6532],[73.1271,17.6371],[73.144,17.6018],[73.1621,17.5912],[73.161,17.5685],[73.1399,17.5679],[73.1418,17.546],[73.1815,17.5076],[73.1935,17.466],[73.1846,17.4571],[73.1843,17.4121],[73.1671,17.4051],[73.1771,17.3871],[73.2071,17.3843],[73.2201,17.3529],[73.2188,17.331],[73.2421,17.3165],[73.1985,17.2893],[73.2046,17.2685],[73.2229,17.266],[73.2465,17.2087],[73.2724,17.1218],[73.2851,17.1063],[73.2885,17.0579],[73.2776,17.034],[73.2843,17.0107],[73.2768,16.9921],[73.2943,16.986],[73.2921,16.9568],[73.2818,16.9479],[73.2868,16.9162],[73.3004,16.8926],[73.2929,16.8707],[73.2954,16.8168],[73.3157,16.8071],[73.3051,16.7671],[73.3054,16.7293],[73.3301,16.6874],[73.3329,16.6415],[73.3515,16.6221],[73.3404,16.6038],[73.3168,16.601],[73.3224,16.5837],[73.3421,16.5679],[73.3549,16.531],[73.3901,16.514],[73.4063,16.5089],[73.4291,16.5161],[73.476,16.4916],[73.4993,16.5128],[73.5513,16.5132],[73.5913,16.5417],[73.6203,16.551],[73.6246,16.5721],[73.6473,16.5632],[73.6712,16.5743],[73.6993,16.6223],[73.7541,16.5987],[73.7773,16.6018],[73.7773,16.6582],[73.8047,16.6593],[73.8427,16.6466],[73.8627,16.6487],[73.8747,16.6684],[73.8564,16.6898],[73.8363,16.6959],[73.8334,16.715],[73.8499,16.7373],[73.828,16.7635],[73.8008,16.7613],[73.7897,16.7809],[73.7472,16.8192],[73.7756,16.8475],[73.777,16.869],[73.7581,16.8811],[73.7577,16.9034],[73.8022,16.9107],[73.8046,16.9288],[73.775,16.9612],[73.7968,16.9914],[73.8427,16.9893],[73.832,17.0366],[73.8434,17.0526],[73.8129,17.0603],[73.8166,17.0843],[73.7978,17.0918],[73.7561,17.13],[73.7487,17.1203],[73.72,17.1391],[73.7037,17.1374],[73.699,17.157],[73.7187,17.1684],[73.7076,17.1806],[73.728,17.2011],[73.7027,17.2422],[73.7056,17.2613],[73.6946,17.2912],[73.6901,17.3255],[73.6916,17.3622],[73.6708,17.3749],[73.6975,17.4195],[73.7144,17.4221],[73.717,17.4645],[73.7057,17.4871],[73.7157,17.5055],[73.7508,17.5304],[73.7513,17.5594],[73.7284,17.5709],[73.7385,17.5898],[73.7293,17.6221],[73.7016,17.6262],[73.7125,17.657],[73.7014,17.6731],[73.6662,17.6976],[73.6449,17.6985],[73.6246,17.7116],[73.6036,17.6985],[73.5763,17.7209],[73.5986,17.7638],[73.5932,17.7864],[73.6123,17.7938],[73.5929,17.8259],[73.6017,17.8479],[73.5799,17.8759]]]},"properties":{"NAME_1":"Maharashtra","NAME_2":"Ratnagiri"}},{"type":"Feature","geometry":{"type":"Polygon","coordinates":[[[75.606,17.3033],[75.5587,17.2834],[75.5298,17.2577],[75.5171,17.2378],[75.4659,17.2375],[75.4693,17.2499],[75.4244,17.2635],[75.4056,17.2096],[75.4083,17.1818],[75.3698,17.1895],[75.3723,17.2134],[75.3642,17.2342],[75.3364,17.2311],[75.3335,17.2173],[75.2915,17.2138],[75.2872,17.1912],[75.3079,17.1694],[75.2988,17.1447],[75.2733,17.1471],[75.2721,17.1818],[75.228,17.1819],[75.2169,17.1978],[75.2423,17.2148],[75.2508,17.2537],[75.2281,17.2543],[75.1948,17.2652],[75.1784,17.2377],[75.1026,17.2419],[75.0839,17.2465],[75.083,17.2205],[75.021,17.2238],[75.0117,17.207],[74.9695,17.1926],[74.9613,17.1694],[74.9705,17.1249],[74.9262,17.1271],[74.9306,17.1441],[74.9112,17.1726],[74.8709,17.1939],[74.8634,17.2135],[74.8882,17.2192],[74.9181,17.274],[74.9658,17.2922],[74.9754,17.3433],[75.011,17.3668],[75.0015,17.3905],[75.0103,17.4094],[75.038,17.4187],[75.0361,17.4443],[75.0446,17.4728],[75.0314,17.4927],[74.9884,17.4646],[74.945,17.5116],[74.9927,17.5406],[74.9665,17.5651],[74.9693,17.5853],[74.9494,17.5852],[74.9297,17.5741],[74.9227,17.5973],[74.9317,17.616],[74.9097,17.6256],[74.884,17.5961],[74.8868,17.5729],[74.8631,17.5551],[74.869,17.5297],[74.8657,17.5054],[74.8418,17.4842],[74.8148,17.4508],[74.7907,17.4561],[74.7605,17.4731],[74.6948,17.4841],[74.7051,17.454],[74.7034,17.4269],[74.6914,17.4225],[74.6997,17.3904],[74.6829,17.3861],[74.6648,17.3994],[74.65,17.3944],[74.6159,17.4415],[74.5843,17.4096],[74.5404,17.4152],[74.5325,17.3989],[74.5004,17.3819],[74.4566,17.3904],[74.4437,17.3877],[74.4181,17.4007],[74.3601,17.408],[74.3047,17.4201],[74.293,17.4163],[74.269,17.3832],[74.2622,17.3616],[74.2954,17.3509],[74.2878,17.334],[74.3011,17.3144],[74.2706,17.3049],[74.2639,17.2922],[74.2722,17.2544],[74.2958,17.2358],[74.2787,17.2135],[74.2938,17.1968],[74.2856,17.171],[74.2577,17.1674],[74.2549,17.1387],[74.2409,17.1364],[74.1934,17.1476],[74.1653,17.1256],[74.1376,17.1142],[74.1185,17.1196],[74.1045,17.1001],[74.0587,17.1017],[74.0444,17.0898],[73.9953,17.1165],[73.9901,17.1277],[73.9511,17.1317],[73.9101,17.1555],[73.8933,17.1548],[73.8808,17.188],[73.8616,17.1966],[73.8417,17.2256],[73.816,17.2302],[73.8094,17.2407],[73.7806,17.2467],[73.764,17.2669],[73.7412,17.2726],[73.7276,17.2577],[73.7056,17.2613],[73.7027,17.2422],[73.728,17.2011],[73.7076,17.1806],[73.7187,17.1684],[73.7414,17.1661],[73.766,17.1529],[73.7896,17.1788],[73.8365,17.1661],[73.858,17.1514],[73.8951,17.1087],[73.9103,17.101],[73.9238,17.073],[73.9486,17.0674],[73.9891,17.0328],[73.9902,17.012],[73.9794,16.9918],[74.0306,16.9831],[74.0287,16.9574],[74.0472,16.9226],[74.0854,16.9032],[74.1288,16.9101],[74.1417,16.8881],[74.1554,16.8825],[74.184,16.8975],[74.1994,16.8905],[74.2568,16.8847],[74.2643,16.9032],[74.2885,16.9141],[74.3043,16.8904],[74.3455,16.8761],[74.3716,16.8514],[74.4022,16.8758],[74.4222,16.8696],[74.4201,16.8404],[74.4668,16.8501],[74.4761,16.8658],[74.5018,16.8541],[74.5036,16.8276],[74.5413,16.8442],[74.5648,16.8052],[74.6048,16.7996],[74.6371,16.7843],[74.6663,16.7483],[74.7054,16.7324],[74.6982,16.7152],[74.7366,16.7158],[74.779,16.7486],[74.8503,16.7603],[74.855,16.7708],[74.9238,16.77],[74.9159,16.7857],[74.912,16.8559],[74.9486,16.8801],[74.9641,16.8779],[74.9673,16.9054],[74.9528,16.9065],[74.927,16.9256],[74.9384,16.941],[74.9545,16.93],[74.9858,16.929],[75.0037,16.9458],[75.0481,16.9387],[75.0941,16.9472],[75.0947,16.9212],[75.1384,16.8929],[75.1411,16.8735],[75.1718,16.8648],[75.1832,16.842],[75.23,16.8409],[75.241,16.863],[75.2683,16.8609],[75.2828,16.8742],[75.2846,16.9536],[75.3453,16.9525],[75.3948,16.9764],[75.431,16.9635],[75.4438,16.9795],[75.4679,16.9853],[75.4897,16.9654],[75.493,16.9452],[75.517,16.9519],[75.53,16.9658],[75.5703,16.9636],[75.5699,17.0062],[75.6095,17.0031],[75.6107,16.9696],[75.6363,16.9658],[75.645,16.951],[75.6784,16.9639],[75.6687,16.9832],[75.6722,17.0357],[75.6479,17.0466],[75.6811,17.0711],[75.6741,17.1136],[75.6536,17.1131],[75.6527,17.1327],[75.6314,17.1601],[75.6307,17.1862],[75.6639,17.2138],[75.6575,17.2706],[75.6323,17.2722],[75.6247,17.2938],[75.606,17.3033]]]},"properties":{"NAME_1":"Maharashtra","NAME_2":"Sangli"}},{"type":"Feature","geometry":{"type":"Polygon","coordinates":[[[74.7149,18.0288],[74.6946,18.0426],[74.6913,18.0586],[74.6703,18.0684],[74.6463,18.044],[74.634,18.0549],[74.6114,18.0467],[74.5742,18.0557],[74.5569,18.0691],[74.5409,18.0568],[74.4991,18.0582],[74.4702,18.0468],[74.439,18.0646],[74.3827,18.0731],[74.3638,18.0956],[74.3315,18.0837],[74.3096,18.0681],[74.2641,18.0837],[74.2481,18.0966],[74.2153,18.0983],[74.1901,18.1104],[74.1699,18.1059],[74.125,18.1298],[74.0849,18.1208],[74.0735,18.1343],[74.0436,18.1304],[74.0173,18.1454],[73.9863,18.1542],[73.9538,18.18],[73.9107,18.1599],[73.9057,18.1818],[73.8825,18.1688],[73.9119,18.1355],[73.8989,18.1152],[73.8706,18.1192],[73.8888,18.0839],[73.8818,18.0519],[73.8662,18.0309],[73.8219,18.0352],[73.8005,18.0214],[73.7755,18.0242],[73.7685,18.0366],[73.7148,18.0474],[73.668,18.0276],[73.6655,18.0123],[73.6356,17.9837],[73.6454,17.9675],[73.6044,17.9347],[73.5846,17.9269],[73.5567,17.9028],[73.5799,17.8759],[73.6017,17.8479],[73.5929,17.8259],[73.6123,17.7938],[73.5932,17.7864],[73.5986,17.7638],[73.5763,17.7209],[73.6036,17.6985],[73.6246,17.7116],[73.6449,17.6985],[73.6662,17.6976],[73.7014,17.6731],[73.7125,17.657],[73.7016,17.6262],[73.7293,17.6221],[73.7385,17.5898],[73.7284,17.5709],[73.7513,17.5594],[73.7508,17.5304],[73.7157,17.5055],[73.7057,17.4871],[73.717,17.4645],[73.7144,17.4221],[73.6975,17.4195],[73.6708,17.3749],[73.6916,17.3622],[73.6901,17.3255],[73.6946,17.2912],[73.7056,17.2613],[73.7276,17.2577],[73.7412,17.2726],[73.764,17.2669],[73.7806,17.2467],[73.8094,17.2407],[73.816,17.2302],[73.8417,17.2256],[73.8616,17.1966],[73.8808,17.188],[73.8933,17.1548],[73.9101,17.1555],[73.9511,17.1317],[73.9901,17.1277],[73.9953,17.1165],[74.0444,17.0898],[74.0587,17.1017],[74.1045,17.1001],[74.1185,17.1196],[74.1376,17.1142],[74.1653,17.1256],[74.1934,17.1476],[74.2409,17.1364],[74.2549,17.1387],[74.2577,17.1674],[74.2856,17.171],[74.2938,17.1968],[74.2787,17.2135],[74.2958,17.2358],[74.2722,17.2544],[74.2639,17.2922],[74.2706,17.3049],[74.3011,17.3144],[74.2878,17.334],[74.2954,17.3509],[74.2622,17.3616],[74.269,17.3832],[74.293,17.4163],[74.3047,17.4201],[74.3601,17.408],[74.4181,17.4007],[74.4437,17.3877],[74.4566,17.3904],[74.5004,17.3819],[74.5325,17.3989],[74.5404,17.4152],[74.5843,17.4096],[74.6159,17.4415],[74.65,17.3944],[74.6648,17.3994],[74.6829,17.3861],[74.6997,17.3904],[74.6914,17.4225],[74.7034,17.4269],[74.7051,17.454],[74.6948,17.4841],[74.7605,17.4731],[74.7907,17.4561],[74.8148,17.4508],[74.8418,17.4842],[74.8657,17.5054],[74.869,17.5297],[74.8631,17.5551],[74.8868,17.5729],[74.884,17.5961],[74.9097,17.6256],[74.8931,17.6742],[74.8709,17.6948],[74.8776,17.7252],[74.8449,17.7244],[74.8241,17.7463],[74.7611,17.7791],[74.7503,17.7966],[74.7188,17.7825],[74.6904,17.8093],[74.6839,17.8493],[74.6599,17.8602],[74.6539,17.8386],[74.631,17.8299],[74.614,17.8458],[74.6411,17.8734],[74.6385,17.8952],[74.6577,17.9177],[74.6732,17.9747],[74.6699,18.0001],[74.7149,18.0288]]]},"properties":{"NAME_1":"Maharashtra","NAME_2":"Satara"}},{"type":"Feature","geometry":{"type":"Polygon","coordinates":[[[73.8627,16.6487],[73.8427,16.6466],[73.8047,16.6593],[73.7773,16.6582],[73.7773,16.6018],[73.7541,16.5987],[73.6993,16.6223],[73.6712,16.5743],[73.6473,16.5632],[73.6246,16.5721],[73.6203,16.551],[73.5913,16.5417],[73.5513,16.5132],[73.4993,16.5128],[73.476,16.4916],[73.4291,16.5161],[73.4063,16.5089],[73.3901,16.514],[73.369,16.511],[73.3468,16.5299],[73.3354,16.561],[73.3112,16.5424],[73.3315,16.489],[73.3551,16.4465],[73.3654,16.3976],[73.3751,16.3863],[73.3679,16.3635],[73.3865,16.3607],[73.3938,16.3174],[73.4057,16.2962],[73.4168,16.2457],[73.4357,16.199],[73.449,16.1551],[73.4654,16.0715],[73.4568,16.0574],[73.4824,16.0376],[73.491,16.0115],[73.4918,15.9815],[73.5065,15.9624],[73.5101,15.9396],[73.5496,15.9274],[73.586,15.9099],[73.611,15.8601],[73.626,15.8526],[73.6507,15.8018],[73.6632,15.7576],[73.6532,15.7432],[73.6801,15.7244],[73.6919,15.7269],[73.7066,15.7217],[73.7186,15.7216],[73.741,15.7187],[73.7487,15.7306],[73.7865,15.7233],[73.8204,15.7399],[73.8655,15.7975],[73.8869,15.7703],[73.8802,15.7526],[73.9086,15.7423],[73.9454,15.7415],[73.9713,15.6873],[73.976,15.6289],[74.0024,15.6091],[74.0279,15.6046],[74.0393,15.6209],[74.0806,15.6262],[74.126,15.6503],[74.098,15.666],[74.1336,15.6784],[74.1415,15.7004],[74.1349,15.7222],[74.1601,15.7343],[74.1677,15.7493],[74.1971,15.7502],[74.2113,15.7586],[74.2174,15.7788],[74.1806,15.7722],[74.1626,15.7857],[74.1665,15.8193],[74.1154,15.8212],[74.1109,15.8373],[74.0782,15.8282],[74.0742,15.8114],[74.0565,15.8046],[74.0389,15.818],[74.0512,15.8367],[74.0913,15.8658],[74.1003,15.887],[74.0899,15.9249],[74.0572,15.9479],[74.0662,15.9754],[74.0916,16.0017],[74.0675,16.0482],[74.0564,16.0322],[74.0098,16.0358],[74.0068,16.0851],[73.9563,16.0965],[73.9154,16.098],[73.9097,16.0871],[73.8542,16.1058],[73.8645,16.1429],[73.8951,16.1433],[73.9184,16.1334],[73.9175,16.1567],[73.9551,16.1704],[73.9539,16.1903],[73.9387,16.201],[73.9403,16.218],[73.926,16.2284],[73.9248,16.2465],[73.9066,16.2549],[73.8902,16.2776],[73.9111,16.3024],[73.9076,16.3284],[73.8751,16.3075],[73.8581,16.3117],[73.8475,16.3419],[73.875,16.372],[73.8478,16.3905],[73.8467,16.4013],[73.8963,16.447],[73.8947,16.4701],[73.878,16.4717],[73.8524,16.505],[73.8571,16.5247],[73.8351,16.5419],[73.8562,16.5694],[73.8527,16.5839],[73.8726,16.6117],[73.8627,16.6487]]]},"properties":{"NAME_1":"Maharashtra","NAME_2":"Sindhudurg"}},{"type":"Feature","geometry":{"type":"Polygon","coordinates":[[[75.3171,18.5184],[75.2642,18.5087],[75.2429,18.5434],[75.2184,18.5543],[75.2073,18.5326],[75.1627,18.5198],[75.1382,18.5261],[75.129,18.4937],[75.109,18.4891],[75.0962,18.4561],[75.0961,18.4336],[75.0626,18.4198],[75.0539,18.4295],[75.02,18.4365],[75.0103,18.4053],[74.9875,18.3995],[74.9693,18.3849],[74.9199,18.3769],[74.9115,18.3559],[74.8755,18.3526],[74.8682,18.3345],[74.8383,18.3389],[74.8467,18.2954],[74.8086,18.3011],[74.8011,18.279],[74.8376,18.246],[74.881,18.247],[74.8922,18.2571],[74.9551,18.2631],[74.99,18.2411],[75.0169,18.2474],[75.0403,18.2616],[75.0484,18.2531],[75.0123,18.2117],[75.0257,18.1871],[75.063,18.1972],[75.0855,18.2175],[75.1131,18.2139],[75.1134,18.1781],[75.0952,18.1456],[75.0973,18.1218],[75.1217,18.1176],[75.1613,18.1205],[75.1664,18.106],[75.1467,18.0953],[75.1337,18.0749],[75.0942,18.0632],[75.0899,18.0453],[75.0661,18.0287],[75.0288,17.9804],[75.0253,17.9614],[75.044,17.9461],[75.0627,17.9507],[75.0742,17.9752],[75.1025,17.9722],[75.1125,17.9925],[75.1268,17.9958],[75.1384,17.969],[75.1182,17.936],[75.0758,17.9137],[75.0621,17.9246],[75.0306,17.8924],[75.0215,17.9068],[74.9475,17.9241],[74.9432,17.9393],[74.9213,17.9442],[74.8962,17.9373],[74.8718,17.9504],[74.8682,17.9908],[74.8358,17.9941],[74.8272,18.0131],[74.803,18.006],[74.7713,18.0219],[74.7149,18.0288],[74.6699,18.0001],[74.6732,17.9747],[74.6577,17.9177],[74.6385,17.8952],[74.6411,17.8734],[74.614,17.8458],[74.631,17.8299],[74.6539,17.8386],[74.6599,17.8602],[74.6839,17.8493],[74.6904,17.8093],[74.7188,17.7825],[74.7503,17.7966],[74.7611,17.7791],[74.8241,17.7463],[74.8449,17.7244],[74.8776,17.7252],[74.8709,17.6948],[74.8931,17.6742],[74.9097,17.6256],[74.9317,17.616],[74.9227,17.5973],[74.9297,17.5741],[74.9494,17.5852],[74.9693,17.5853],[74.9665,17.5651],[74.9927,17.5406],[74.945,17.5116],[74.9884,17.4646],[75.0314,17.4927],[75.0446,17.4728],[75.0361,17.4443],[75.038,17.4187],[75.0103,17.4094],[75.0015,17.3905],[75.011,17.3668],[74.9754,17.3433],[74.9658,17.2922],[74.9181,17.274],[74.8882,17.2192],[74.8634,17.2135],[74.8709,17.1939],[74.9112,17.1726],[74.9306,17.1441],[74.9262,17.1271],[74.9705,17.1249],[74.9613,17.1694],[74.9695,17.1926],[75.0117,17.207],[75.021,17.2238],[75.083,17.2205],[75.0839,17.2465],[75.1026,17.2419],[75.1784,17.2377],[75.1948,17.2652],[75.2281,17.2543],[75.2508,17.2537],[75.2423,17.2148],[75.2169,17.1978],[75.228,17.1819],[75.2721,17.1818],[75.2733,17.1471],[75.2988,17.1447],[75.3079,17.1694],[75.2872,17.1912],[75.2915,17.2138],[75.3335,17.2173],[75.3364,17.2311],[75.3642,17.2342],[75.3723,17.2134],[75.3698,17.1895],[75.4083,17.1818],[75.4056,17.2096],[75.4244,17.2635],[75.4693,17.2499],[75.4659,17.2375],[75.5171,17.2378],[75.5298,17.2577],[75.5587,17.2834],[75.606,17.3033],[75.6131,17.3423],[75.5841,17.3513],[75.5785,17.3829],[75.6158,17.3919],[75.6154,17.422],[75.6356,17.4775],[75.6808,17.454],[75.6912,17.4126],[75.7081,17.4083],[75.737,17.4219],[75.7698,17.4068],[75.7823,17.3788],[75.8113,17.3699],[75.822,17.4197],[75.8389,17.4205],[75.856,17.4077],[75.8591,17.389],[75.8944,17.4059],[75.8937,17.3536],[75.9312,17.3241],[75.9715,17.3365],[76.0003,17.3377],[76.0155,17.3506],[76.0632,17.3519],[76.0735,17.3323],[76.102,17.3623],[76.1212,17.3663],[76.1631,17.3409],[76.1829,17.3565],[76.229,17.3632],[76.2702,17.3565],[76.2759,17.3305],[76.3172,17.3294],[76.313,17.3433],[76.3436,17.3499],[76.3523,17.3106],[76.3817,17.3118],[76.393,17.3363],[76.4106,17.3477],[76.4081,17.3693],[76.362,17.3751],[76.3732,17.4344],[76.3337,17.4323],[76.3308,17.4688],[76.35,17.4721],[76.3463,17.5115],[76.3664,17.5167],[76.3609,17.5363],[76.34,17.5426],[76.3317,17.5949],[76.4157,17.6042],[76.4287,17.6444],[76.3805,17.658],[76.3785,17.684],[76.3554,17.6947],[76.3186,17.6956],[76.3156,17.7141],[76.2987,17.7276],[76.271,17.7261],[76.2392,17.6965],[76.1897,17.681],[76.1496,17.6977],[76.1761,17.7297],[76.1482,17.7315],[76.1454,17.753],[76.0965,17.7774],[76.0564,17.7641],[76.0279,17.7647],[76.0035,17.7524],[76.0098,17.8016],[76.0188,17.8279],[75.984,17.8409],[75.9689,17.8176],[75.9403,17.8507],[75.9202,17.8312],[75.8771,17.845],[75.8589,17.8629],[75.8463,17.891],[75.8524,17.919],[75.8398,17.9285],[75.8404,17.9776],[75.8584,18.0089],[75.8776,18.0123],[75.908,18.0032],[75.9136,17.9774],[75.9279,17.972],[75.9616,17.9787],[75.9763,17.9697],[75.997,17.9916],[76.0166,18.0386],[75.9924,18.0608],[76.0005,18.0715],[75.9877,18.0924],[75.9622,18.0889],[75.9439,18.1282],[75.9611,18.1602],[75.949,18.1814],[75.9396,18.2155],[75.9471,18.2416],[75.928,18.2601],[75.9251,18.3017],[75.9054,18.3244],[75.8845,18.3655],[75.8525,18.3641],[75.8176,18.3822],[75.7999,18.3837],[75.7753,18.4114],[75.765,18.4396],[75.7298,18.4337],[75.7127,18.3926],[75.7287,18.3886],[75.7332,18.3601],[75.7215,18.3372],[75.6912,18.3238],[75.657,18.3325],[75.6355,18.3046],[75.6206,18.2738],[75.6352,18.2639],[75.6318,18.2447],[75.5884,18.2452],[75.5767,18.2396],[75.5556,18.1965],[75.5489,18.1631],[75.5528,18.1443],[75.5353,18.1338],[75.5136,18.157],[75.4697,18.1614],[75.431,18.1802],[75.441,18.2076],[75.43,18.2191],[75.4313,18.2636],[75.3994,18.2647],[75.4036,18.2971],[75.3921,18.3285],[75.3628,18.3697],[75.3256,18.3952],[75.3095,18.3919],[75.2882,18.4114],[75.3044,18.429],[75.3038,18.503],[75.3171,18.5184]]]},"properties":{"NAME_1":"Maharashtra","NAME_2":"Solapur"}},{"type":"Feature","geometry":{"type":"Polygon","coordinates":[[[72.9704,20.2123],[72.9284,20.2234],[72.8843,20.2266],[72.872,20.2082],[72.8503,20.2079],[72.8336,20.1836],[72.8288,20.1566],[72.8021,20.1485],[72.7876,20.1301],[72.7376,20.1365],[72.7382,20.1146],[72.7265,20.0826],[72.7079,20.0688],[72.7218,19.9874],[72.7165,19.9749],[72.6654,19.9349],[72.6771,19.9193],[72.6809,19.8649],[72.6693,19.8518],[72.6513,19.8579],[72.6535,19.8296],[72.6796,19.8135],[72.6862,19.796],[72.6874,19.7476],[72.7107,19.7021],[72.7065,19.681],[72.7149,19.6393],[72.7279,19.6249],[72.731,19.5988],[72.7157,19.5901],[72.729,19.5287],[72.7799,19.4915],[72.7546,19.4743],[72.7451,19.4557],[72.7604,19.4149],[72.7576,19.376],[72.7988,19.331],[72.7932,19.3104],[72.8063,19.3053],[72.8088,19.3029],[72.8095,19.3038],[72.8135,19.3047],[72.853,19.315],[72.8579,19.3149],[72.8589,19.3135],[72.8655,19.313],[72.8685,19.3138],[72.8978,19.2927],[72.9007,19.2904],[72.9121,19.284],[72.9053,19.2984],[72.9184,19.29],[72.9426,19.2911],[72.9638,19.3018],[72.9954,19.2787],[73.015,19.2321],[73.0423,19.1985],[73.0744,19.206],[73.0912,19.1427],[73.1238,19.1416],[73.1208,19.1107],[73.1651,19.1124],[73.1876,19.1084],[73.2054,19.1245],[73.2259,19.0961],[73.2571,19.0633],[73.2734,19.0655],[73.2898,19.084],[73.3271,19.0815],[73.321,19.1048],[73.3602,19.1283],[73.3858,19.127],[73.4121,19.1343],[73.4419,19.1271],[73.4821,19.1346],[73.4961,19.1244],[73.5367,19.1289],[73.5478,19.1741],[73.5797,19.1891],[73.6179,19.1892],[73.6231,19.2061],[73.6451,19.2097],[73.6738,19.24],[73.699,19.2442],[73.6992,19.2696],[73.6802,19.2881],[73.6825,19.3026],[73.7244,19.3265],[73.7617,19.3273],[73.8061,19.3362],[73.7897,19.3861],[73.7417,19.4117],[73.7373,19.4303],[73.6993,19.4393],[73.6842,19.4626],[73.7156,19.4831],[73.708,19.5053],[73.6768,19.5143],[73.6649,19.5348],[73.6348,19.5428],[73.6372,19.5726],[73.6288,19.5871],[73.5758,19.6215],[73.5291,19.7018],[73.5003,19.7146],[73.516,19.7298],[73.5098,19.7587],[73.471,19.7595],[73.4529,19.784],[73.4519,19.8254],[73.4301,19.8367],[73.4275,19.8641],[73.4443,19.8729],[73.4328,19.9157],[73.4475,19.9311],[73.4614,19.9821],[73.4351,19.9846],[73.4149,20.017],[73.3736,20.021],[73.3726,20.0351],[73.3428,20.0396],[73.305,20.0604],[73.2881,20.0465],[73.2751,20.0607],[73.2815,20.1049],[73.2595,20.1246],[73.2367,20.1297],[73.2163,20.122],[73.2177,20.1063],[73.2139,20.0906],[73.198,20.0778],[73.1859,20.0529],[73.1838,20.0523],[73.1754,20.0581],[73.1702,20.0656],[73.1445,20.0779],[73.1367,20.0853],[73.1277,20.0782],[73.1231,20.0779],[73.1118,20.083],[73.1104,20.0846],[73.1052,20.0872],[73.0883,20.0945],[73.058,20.0967],[73.0592,20.0679],[73.0453,20.0718],[73.0102,20.1104],[73.0167,20.1305],[73.0175,20.135],[73.0076,20.1325],[73.0077,20.1294],[73.0043,20.1179],[72.9853,20.1135],[72.9732,20.1308],[72.986,20.1575],[72.9704,20.2123]]]},"properties":{"NAME_1":"Maharashtra","NAME_2":"Thane"}},{"type":"Feature","geometry":{"type":"Polygon","coordinates":[[[78.2467,21.3301],[78.1536,21.3314],[78.14,21.3424],[78.1009,21.3564],[78.0708,21.355],[78.0755,21.3297],[78.0637,21.3004],[78.0513,21.2507],[78.0734,21.218],[78.0945,21.2007],[78.0891,21.1824],[78.1385,21.1418],[78.1282,21.1115],[78.1433,21.1009],[78.1496,21.0762],[78.1478,21.0485],[78.136,21.0362],[78.1332,21.0053],[78.1452,20.9871],[78.1418,20.9533],[78.1631,20.9445],[78.18,20.9057],[78.2333,20.8966],[78.2512,20.8874],[78.2682,20.8661],[78.2952,20.812],[78.2897,20.7787],[78.3038,20.7642],[78.3068,20.7357],[78.2921,20.6975],[78.275,20.6971],[78.2625,20.6619],[78.2455,20.6437],[78.2595,20.58],[78.2754,20.5629],[78.3427,20.539],[78.3553,20.5271],[78.4079,20.5118],[78.4298,20.5182],[78.4493,20.5121],[78.4762,20.5287],[78.5044,20.5199],[78.5308,20.4798],[78.5325,20.4632],[78.5725,20.4292],[78.6359,20.4343],[78.6638,20.3889],[78.6771,20.381],[78.6873,20.3567],[78.7043,20.3522],[78.7031,20.3092],[78.7557,20.2928],[78.7966,20.2975],[78.8248,20.3186],[78.8227,20.3619],[78.8137,20.3871],[78.8939,20.437],[78.9454,20.4282],[78.9583,20.4358],[78.9631,20.4583],[78.9836,20.4595],[78.9964,20.4474],[79.0184,20.4782],[79.125,20.4537],[79.1337,20.4772],[79.1509,20.4763],[79.1616,20.505],[79.1861,20.5324],[79.2086,20.5461],[79.219,20.5818],[79.2037,20.5972],[79.1829,20.6024],[79.165,20.6243],[79.1647,20.6429],[79.1456,20.65],[79.1372,20.6758],[79.1013,20.6857],[79.0866,20.708],[79.0551,20.7227],[79.0473,20.7344],[79.0142,20.7362],[78.9921,20.7541],[78.9682,20.7544],[78.9398,20.7672],[78.9399,20.7941],[78.9101,20.8067],[78.9106,20.8355],[78.8587,20.8426],[78.8594,20.8718],[78.8212,20.8893],[78.7996,20.8772],[78.7648,20.8995],[78.7685,20.9082],[78.7299,20.9477],[78.7218,20.9694],[78.7258,21.0054],[78.69,21.021],[78.6835,21.0303],[78.647,21.0368],[78.6382,21.0604],[78.6019,21.0702],[78.5847,21.1157],[78.5537,21.1158],[78.5208,21.154],[78.5021,21.191],[78.4776,21.213],[78.4377,21.236],[78.4058,21.2373],[78.3283,21.2519],[78.3216,21.2726],[78.3051,21.2714],[78.2934,21.2945],[78.2557,21.3309],[78.2467,21.3301]]]},"properties":{"NAME_1":"Maharashtra","NAME_2":"Wardha"}},{"type":"Feature","geometry":{"type":"Polygon","coordinates":[[[77.6496,20.5652],[77.6273,20.5678],[77.6461,20.6096],[77.6523,20.6483],[77.6329,20.6687],[77.6368,20.6939],[77.6301,20.7127],[77.6108,20.7202],[77.6293,20.7393],[77.633,20.7563],[77.6127,20.7611],[77.5878,20.7584],[77.5686,20.7424],[77.5625,20.7223],[77.5185,20.7328],[77.5048,20.7113],[77.5361,20.6898],[77.4769,20.682],[77.4514,20.6569],[77.4309,20.6626],[77.4637,20.6113],[77.4146,20.6096],[77.3979,20.5817],[77.3627,20.5825],[77.3369,20.5768],[77.3324,20.5297],[77.3638,20.5209],[77.395,20.527],[77.3781,20.4841],[77.3684,20.4989],[77.3262,20.4997],[77.3458,20.466],[77.3304,20.452],[77.2984,20.4485],[77.2927,20.4208],[77.2225,20.4491],[77.1842,20.4499],[77.1814,20.435],[77.1926,20.4121],[77.1742,20.4008],[77.1298,20.4012],[77.0833,20.4224],[77.076,20.4387],[77.0528,20.4497],[77.0225,20.4515],[77.0154,20.4139],[76.9902,20.4068],[76.9775,20.3731],[76.9285,20.3604],[76.8984,20.3417],[76.8829,20.2987],[76.8353,20.3008],[76.8202,20.2815],[76.8252,20.247],[76.8098,20.2206],[76.7852,20.2041],[76.7486,20.21],[76.7479,20.1673],[76.7604,20.1627],[76.7571,20.1317],[76.7048,20.1234],[76.6695,20.1274],[76.6595,20.0985],[76.6236,20.0507],[76.6612,20.0489],[76.6585,19.9771],[76.6333,19.9539],[76.6342,19.9295],[76.622,19.9221],[76.6105,19.8912],[76.6553,19.8978],[76.6456,19.8663],[76.6772,19.8468],[76.69,19.8731],[76.7379,19.8727],[76.7449,19.9074],[76.7657,19.9044],[76.7717,19.9335],[76.8217,19.9274],[76.8354,19.9615],[76.8988,19.9526],[76.899,19.9633],[76.9705,19.9949],[76.987,19.9968],[76.9911,20.0185],[77.0131,20.0033],[77.0341,20.011],[77.0588,19.9967],[77.0832,19.965],[77.0997,19.9333],[77.1316,19.9434],[77.155,19.9672],[77.2014,19.9919],[77.2154,19.9784],[77.2064,19.9475],[77.2367,19.9386],[77.2413,19.8917],[77.2831,19.9109],[77.2847,19.9359],[77.3222,19.9567],[77.3377,19.9844],[77.3396,20.0092],[77.3516,20.0146],[77.3709,20.0467],[77.3523,20.0688],[77.3651,20.0889],[77.4052,20.0862],[77.4227,20.0774],[77.4628,20.0717],[77.4798,20.0844],[77.5229,20.0945],[77.5501,20.0646],[77.5537,20.0487],[77.5776,20.0301],[77.6225,20.0416],[77.6368,20.0669],[77.6651,20.1004],[77.6807,20.1449],[77.6779,20.1693],[77.6503,20.1741],[77.6432,20.1906],[77.6651,20.2482],[77.6083,20.2646],[77.5926,20.2813],[77.5811,20.3261],[77.5652,20.3309],[77.5749,20.3718],[77.5722,20.3934],[77.598,20.4457],[77.6202,20.4567],[77.6441,20.4498],[77.665,20.5138],[77.6669,20.5381],[77.6414,20.5301],[77.6496,20.5652]]]},"properties":{"NAME_1":"Maharashtra","NAME_2":"Washim"}},{"type":"Feature","geometry":{"type":"Polygon","coordinates":[[[78.7966,20.2975],[78.7557,20.2928],[78.7031,20.3092],[78.7043,20.3522],[78.6873,20.3567],[78.6771,20.381],[78.6638,20.3889],[78.6359,20.4343],[78.5725,20.4292],[78.5325,20.4632],[78.5308,20.4798],[78.5044,20.5199],[78.4762,20.5287],[78.4493,20.5121],[78.4298,20.5182],[78.4079,20.5118],[78.3553,20.5271],[78.3427,20.539],[78.2754,20.5629],[78.2595,20.58],[78.2455,20.6437],[78.2625,20.6619],[78.275,20.6971],[78.2523,20.6852],[78.2081,20.6898],[78.2046,20.6772],[78.1785,20.678],[78.1547,20.6599],[78.1208,20.6616],[78.0595,20.6735],[78.0244,20.6577],[78.0162,20.629],[77.992,20.6237],[77.9666,20.5881],[77.9084,20.5662],[77.9151,20.6054],[77.8892,20.6244],[77.8619,20.5958],[77.8429,20.5885],[77.8338,20.5664],[77.8133,20.5862],[77.8032,20.5677],[77.768,20.5408],[77.7383,20.5623],[77.6993,20.5684],[77.6839,20.5807],[77.6633,20.5814],[77.6496,20.5652],[77.6414,20.5301],[77.6669,20.5381],[77.665,20.5138],[77.6441,20.4498],[77.6202,20.4567],[77.598,20.4457],[77.5722,20.3934],[77.5749,20.3718],[77.5652,20.3309],[77.5811,20.3261],[77.5926,20.2813],[77.6083,20.2646],[77.6651,20.2482],[77.6432,20.1906],[77.6503,20.1741],[77.6779,20.1693],[77.6807,20.1449],[77.6651,20.1004],[77.6368,20.0669],[77.6225,20.0416],[77.5776,20.0301],[77.5537,20.0487],[77.5501,20.0646],[77.5229,20.0945],[77.4798,20.0844],[77.4628,20.0717],[77.4227,20.0774],[77.4052,20.0862],[77.3651,20.0889],[77.3523,20.0688],[77.3709,20.0467],[77.3516,20.0146],[77.3396,20.0092],[77.3377,19.9844],[77.3222,19.9567],[77.2847,19.9359],[77.2831,19.9109],[77.2938,19.9006],[77.3451,19.8738],[77.3624,19.8584],[77.344,19.8255],[77.3594,19.8153],[77.3871,19.8212],[77.3806,19.7883],[77.3842,19.7662],[77.3764,19.7431],[77.396,19.7323],[77.4103,19.7437],[77.4329,19.7295],[77.4565,19.682],[77.4759,19.6824],[77.5363,19.6687],[77.552,19.6524],[77.5832,19.6513],[77.6134,19.6376],[77.6448,19.5637],[77.6429,19.5473],[77.6968,19.5375],[77.7104,19.5253],[77.7301,19.5317],[77.746,19.5214],[77.7337,19.4801],[77.6949,19.4569],[77.6954,19.4382],[77.7453,19.4305],[77.7944,19.45],[77.8062,19.4624],[77.8266,19.4381],[77.8437,19.4552],[77.8284,19.4681],[77.8397,19.4832],[77.8391,19.5093],[77.8577,19.5191],[77.886,19.5189],[77.9003,19.5319],[77.9126,19.5147],[77.9395,19.4977],[77.9548,19.5104],[77.9831,19.4779],[77.983,19.4593],[78.009,19.4647],[78.0217,19.4967],[78.0636,19.4662],[78.0912,19.4866],[78.1101,19.4906],[78.1431,19.5522],[78.1802,19.5629],[78.1903,19.6249],[78.1746,19.6544],[78.1267,19.6666],[78.078,19.6479],[78.0525,19.6705],[78.0429,19.6985],[78.0277,19.6988],[77.9959,19.6811],[77.9813,19.6991],[77.9609,19.7061],[77.9492,19.7291],[77.9296,19.7391],[77.8877,19.727],[77.8567,19.7435],[77.8624,19.7663],[77.8453,19.8007],[77.8665,19.8238],[77.8724,19.8495],[77.888,19.871],[77.9201,19.8912],[77.9366,19.8928],[77.9499,19.9112],[77.996,19.9177],[78.0146,19.9155],[78.0491,19.9306],[78.0742,19.9004],[78.0988,19.8965],[78.1268,19.9018],[78.1378,19.9151],[78.1961,19.9024],[78.2483,19.9291],[78.2552,19.9114],[78.2379,19.8872],[78.2469,19.8735],[78.2763,19.8848],[78.2797,19.9072],[78.3102,19.9127],[78.3363,19.8832],[78.3841,19.8792],[78.3859,19.8527],[78.3977,19.8364],[78.4287,19.8231],[78.4762,19.8164],[78.4939,19.7931],[78.5263,19.8217],[78.585,19.8117],[78.6037,19.8175],[78.6193,19.8087],[78.7018,19.7856],[78.7164,19.7668],[78.7383,19.7794],[78.7849,19.7787],[78.8076,19.758],[78.8443,19.759],[78.8535,19.7691],[78.8753,19.7621],[78.8776,19.7448],[78.8974,19.7359],[78.9463,19.752],[78.9363,19.7834],[78.9531,19.802],[79.0237,19.8001],[79.0373,19.8159],[79.06,19.8135],[79.0884,19.8393],[79.1269,19.8618],[79.1459,19.8918],[79.1079,19.9026],[79.0892,19.9135],[79.0879,19.9446],[79.1048,19.9636],[79.1095,19.9874],[79.0989,20.0141],[79.0776,20.0276],[79.0651,20.0629],[79.0385,20.0705],[79.0427,20.0833],[78.9986,20.1197],[78.9686,20.1196],[78.9743,20.1519],[78.9496,20.1677],[78.9548,20.2063],[78.9412,20.2113],[78.9163,20.2367],[78.9134,20.254],[78.8799,20.2469],[78.845,20.2511],[78.8218,20.2466],[78.8145,20.2702],[78.7966,20.2975]]]},"properties":{"NAME_1":"Maharashtra","NAME_2":"Yavatmal"}}]}