{"type":"FeatureCollection","features":[{"type":"Feature","geometry":{"type":"Polygon","coordinates":[[[85.3889,21.1795],[85.3629,21.2356],[85.3365,21.2523],[85.3072,21.2588],[85.2941,21.2708],[85.2679,21.27],[85.2722,21.2878],[85.3026,21.313],[85.3232,21.319],[85.3376,21.3539],[85.3243,21.3779],[85.3011,21.39],[85.2992,21.4091],[85.2691,21.4223],[85.2623,21.4502],[85.2939,21.441],[85.3278,21.4768],[85.3113,21.5312],[85.2957,21.5347],[85.2989,21.5624],[85.2877,21.5729],[85.2621,21.6191],[85.2603,21.6358],[85.242,21.6728],[85.205,21.6705],[85.1879,21.6589],[85.1852,21.6196],[85.1483,21.6003],[85.1442,21.5896],[85.1603,21.5866],[85.1804,21.5843],[85.1862,21.5804],[85.1949,21.5746],[85.2009,21.5622],[85.2075,21.5533],[85.2092,21.5512],[85.2058,21.5397],[85.2055,21.5282],[85.2012,21.5268],[85.1999,21.5247],[85.1935,21.5088],[85.1789,21.4972],[85.1561,21.4654],[85.1194,21.449],[85.0684,21.4504],[85.0571,21.4393],[85.0179,21.4523],[85.019,21.4448],[84.9978,21.4351],[84.993,21.4221],[84.9933,21.3957],[85.0015,21.3718],[85.0013,21.3592],[85.0026,21.3544],[85.0042,21.3483],[85.0083,21.3263],[85.0051,21.3208],[85.0103,21.3104],[85.0274,21.2864],[85.0042,21.2915],[84.9858,21.2835],[84.9763,21.2852],[84.957,21.2938],[84.9151,21.2728],[84.8954,21.2544],[84.9244,21.2268],[84.9304,21.2131],[84.9343,21.1985],[84.9432,21.19],[84.9622,21.1864],[84.9642,21.1801],[84.9597,21.1632],[84.9675,21.1561],[84.9567,21.1436],[84.9495,21.1434],[84.9437,21.1707],[84.9336,21.1729],[84.924,21.176],[84.9265,21.1711],[84.9271,21.1536],[84.9282,21.1475],[84.9162,21.137],[84.8974,21.1467],[84.8799,21.1522],[84.8742,21.1602],[84.8516,21.1617],[84.8449,21.164],[84.8007,21.162],[84.7932,21.1619],[84.7989,21.1511],[84.811,21.136],[84.7979,21.1321],[84.794,21.1286],[84.7576,21.1452],[84.7425,21.1633],[84.7387,21.166],[84.719,21.1444],[84.6952,21.1505],[84.679,21.1441],[84.6657,21.1024],[84.6643,21.0815],[84.6244,21.0776],[84.5931,21.0616],[84.5652,21.0609],[84.5286,21.0837],[84.4784,21.0777],[84.4097,20.9966],[84.4006,20.974],[84.3585,20.9541],[84.3254,20.9472],[84.276,20.9222],[84.2685,20.9134],[84.2597,20.8943],[84.2607,20.8843],[84.3267,20.8487],[84.3544,20.8217],[84.3522,20.8031],[84.3494,20.7855],[84.3563,20.7666],[84.3769,20.7511],[84.3918,20.7482],[84.4095,20.7407],[84.4504,20.738],[84.4804,20.7217],[84.5291,20.6925],[84.5743,20.6758],[84.5994,20.6441],[84.6199,20.6257],[84.631,20.619],[84.7051,20.6058],[84.7351,20.6101],[84.745,20.6057],[84.7718,20.596],[84.7877,20.5752],[84.8189,20.5541],[84.84,20.5276],[84.845,20.5221],[84.8546,20.5251],[84.8916,20.5742],[84.9448,20.5746],[84.9832,20.5646],[85.0207,20.5812],[85.0514,20.5701],[85.071,20.575],[85.0869,20.6047],[85.1232,20.6091],[85.1306,20.6333],[85.1087,20.6758],[85.1291,20.7048],[85.1474,20.7167],[85.1693,20.6945],[85.1586,20.6692],[85.1665,20.6552],[85.1908,20.6715],[85.1927,20.7024],[85.2099,20.7432],[85.193,20.7774],[85.2498,20.7927],[85.2486,20.8295],[85.254,20.8626],[85.2364,20.9015],[85.2414,20.924],[85.2387,20.9544],[85.2578,20.9745],[85.2506,20.9878],[85.1949,21.0298],[85.1617,21.0479],[85.1738,21.0703],[85.1893,21.0752],[85.2272,21.0659],[85.2381,21.1187],[85.2542,21.1349],[85.2627,21.1646],[85.295,21.1711],[85.3148,21.155],[85.3296,21.1708],[85.3454,21.1632],[85.3778,21.1644],[85.3889,21.1795]]]},"properties":{"NAME_1":"Orissa","NAME_2":"Angul"}},{"type":"Feature","geometry":{"type":"Polygon","coordinates":[[[87.2029,21.9564],[87.175,21.9662],[87.1674,21.9734],[87.1598,21.9491],[87.1583,21.9305],[87.1517,21.928],[87.1309,21.918],[87.1142,21.9222],[87.1103,21.918],[87.1047,21.9178],[87.091,21.8992],[87.0885,21.8951],[87.0894,21.8924],[87.0961,21.8862],[87.0963,21.8821],[87.1009,21.8518],[87.1252,21.8326],[87.161,21.8141],[87.1664,21.8129],[87.1759,21.8033],[87.1764,21.7962],[87.1749,21.786],[87.1731,21.7904],[87.1699,21.8055],[87.1646,21.8008],[87.1669,21.7878],[87.1605,21.7827],[87.1574,21.7803],[87.1552,21.7633],[87.1334,21.7611],[87.1242,21.7708],[87.1223,21.7709],[87.1232,21.7664],[87.1217,21.7657],[87.118,21.7725],[87.1112,21.7822],[87.1071,21.7777],[87.1013,21.7783],[87.1026,21.7626],[87.1182,21.7499],[87.0903,21.7373],[87.0929,21.7297],[87.0922,21.7278],[87.0885,21.7283],[87.0818,21.7296],[87.089,21.7244],[87.086,21.7172],[87.0816,21.7199],[87.0746,21.7123],[87.0752,21.7065],[87.0682,21.7062],[87.0674,21.7056],[87.0675,21.7014],[87.0504,21.7023],[87.0401,21.7125],[87.0399,21.7281],[87.0226,21.7358],[87.027,21.7151],[87.0341,21.6908],[87.0496,21.6782],[87.0368,21.6707],[87.0204,21.6561],[87.0209,21.6657],[87.0147,21.6626],[87.0073,21.6689],[86.9849,21.6619],[86.9862,21.646],[86.9952,21.6452],[87.0037,21.6435],[87.0085,21.6382],[87.0039,21.6243],[86.9974,21.6199],[86.9913,21.6114],[86.9976,21.6081],[86.997,21.602],[87.0029,21.5932],[86.9578,21.5827],[86.9535,21.5878],[86.9488,21.5748],[86.9546,21.5701],[86.9171,21.582],[86.9078,21.5742],[86.9073,21.5782],[86.9034,21.5923],[86.8738,21.63],[86.8734,21.6134],[86.8527,21.5937],[86.8408,21.5955],[86.825,21.5982],[86.8079,21.6015],[86.7876,21.5926],[86.7495,21.6002],[86.6831,21.5888],[86.6465,21.5595],[86.6355,21.5285],[86.594,21.5117],[86.5802,21.5156],[86.5527,21.4598],[86.5297,21.4224],[86.4783,21.3705],[86.4349,21.3468],[86.425,21.3307],[86.3857,21.3084],[86.3565,21.2947],[86.3522,21.2761],[86.3603,21.259],[86.37,21.2436],[86.366,21.2329],[86.3745,21.2212],[86.4036,21.2139],[86.4094,21.2057],[86.433,21.2149],[86.4442,21.1953],[86.4303,21.1541],[86.4527,21.1537],[86.4832,21.1406],[86.5064,21.1314],[86.535,21.1543],[86.5572,21.1417],[86.588,21.1029],[86.6414,21.0758],[86.6494,21.0808],[86.6523,21.1221],[86.6629,21.1514],[86.6715,21.1618],[86.6795,21.1623],[86.6917,21.1678],[86.7045,21.177],[86.7512,21.17],[86.7712,21.1653],[86.7577,21.1774],[86.7645,21.203],[86.768,21.2183],[86.8003,21.225],[86.8292,21.2015],[86.8453,21.2197],[86.8461,21.2367],[86.8922,21.3164],[86.9078,21.3281],[86.9467,21.3739],[86.9956,21.4206],[87.0531,21.4622],[87.0642,21.4639],[87.1139,21.5083],[87.2072,21.5464],[87.2408,21.552],[87.303,21.5557],[87.3833,21.5489],[87.4556,21.5969],[87.482,21.6087],[87.4817,21.6138],[87.4821,21.6259],[87.4609,21.6445],[87.4604,21.6571],[87.4683,21.6773],[87.4675,21.6957],[87.4693,21.6985],[87.4626,21.7171],[87.4657,21.7236],[87.4652,21.7264],[87.4444,21.7325],[87.4511,21.7354],[87.4433,21.7421],[87.4437,21.7609],[87.4393,21.7644],[87.4248,21.7657],[87.3924,21.769],[87.3833,21.7709],[87.3705,21.768],[87.355,21.7793],[87.3405,21.784],[87.3367,21.7792],[87.3327,21.7872],[87.3262,21.7856],[87.3229,21.786],[87.3169,21.7885],[87.318,21.7906],[87.3061,21.7939],[87.2966,21.7953],[87.2948,21.8039],[87.2806,21.7992],[87.2733,21.8036],[87.2731,21.8058],[87.2624,21.8139],[87.2678,21.8197],[87.2617,21.8333],[87.2553,21.8439],[87.2448,21.8564],[87.249,21.8665],[87.2348,21.8956],[87.2524,21.9178],[87.2354,21.9337],[87.2322,21.9404],[87.2348,21.9544],[87.2244,21.954],[87.2212,21.9532],[87.2029,21.9564]]]},"properties":{"NAME_1":"Orissa","NAME_2":"Baleshwar"}},{"type":"Feature","geometry":{"type":"Polygon","coordinates":[[[83.7201,21.6275],[83.7044,21.6634],[83.6983,21.6855],[83.6771,21.705],[83.6493,21.717],[83.5916,21.7321],[83.5528,21.7402],[83.5375,21.723],[83.5305,21.6889],[83.52,21.6697],[83.4831,21.6396],[83.463,21.6055],[83.4413,21.6181],[83.4412,21.6493],[83.4135,21.6363],[83.3807,21.6128],[83.3623,21.5725],[83.3658,21.5497],[83.3543,21.5353],[83.3421,21.4853],[83.3503,21.444],[83.3701,21.4361],[83.3938,21.3994],[83.3942,21.3611],[83.3748,21.34],[83.3096,21.3646],[83.27,21.375],[83.2661,21.3454],[83.255,21.3319],[83.2588,21.3021],[83.2727,21.2961],[83.2677,21.2686],[83.2424,21.2764],[83.2141,21.2509],[83.2191,21.2237],[83.2076,21.2014],[83.1927,21.1394],[83.1614,21.1315],[83.134,21.1052],[83.1198,21.1011],[83.0714,21.1081],[83.0406,21.1189],[83.0105,21.1454],[82.9799,21.1575],[82.9423,21.163],[82.9023,21.163],[82.8792,21.1491],[82.84,21.1634],[82.8125,21.1586],[82.7821,21.141],[82.7575,21.1586],[82.6845,21.1581],[82.6359,21.1495],[82.645,21.1019],[82.6318,21.087],[82.6355,21.0841],[82.6542,21.0733],[82.6864,21.0184],[82.6841,20.9969],[82.6823,20.969],[82.694,20.9369],[82.6898,20.916],[82.6873,20.8925],[82.6789,20.88],[82.6804,20.8454],[82.6824,20.8284],[82.6842,20.769],[82.6828,20.7354],[82.6955,20.7219],[82.7302,20.7216],[82.7414,20.7693],[82.7571,20.7777],[82.7685,20.8036],[82.8273,20.8607],[82.8527,20.8748],[82.8838,20.9065],[82.908,20.9024],[82.9222,20.8841],[82.9615,20.8928],[82.9861,20.8453],[83.0181,20.8535],[83.0835,20.8572],[83.0975,20.8721],[83.1252,20.8596],[83.1405,20.8789],[83.187,20.8945],[83.2133,20.9236],[83.2469,20.9153],[83.2473,20.8952],[83.2682,20.8639],[83.2964,20.8488],[83.3235,20.8784],[83.3436,20.8722],[83.406,20.8918],[83.4092,20.9055],[83.3761,20.9392],[83.385,20.9669],[83.379,20.9892],[83.36,21.0016],[83.3278,20.9802],[83.2897,21.0115],[83.3128,21.0355],[83.3176,21.0515],[83.3514,21.0657],[83.3874,21.0656],[83.4206,21.0277],[83.4522,21.051],[83.4663,21.0524],[83.4772,21.0456],[83.4888,21.0371],[83.4918,21.0376],[83.4925,21.0435],[83.4905,21.0578],[83.5083,21.0564],[83.5359,21.0677],[83.5567,21.0811],[83.5925,21.1066],[83.6066,21.125],[83.6597,21.1222],[83.6813,21.113],[83.711,21.1169],[83.7184,21.1214],[83.763,21.1509],[83.7783,21.148],[83.7897,21.1154],[83.8157,21.099],[83.8347,21.0927],[83.8447,21.102],[83.8555,21.1301],[83.8805,21.1727],[83.8885,21.174],[83.9052,21.2223],[83.9064,21.2419],[83.8646,21.3067],[83.876,21.3456],[83.8739,21.3863],[83.8447,21.4008],[83.8427,21.4123],[83.8769,21.4239],[83.8798,21.4351],[83.8656,21.4719],[83.8398,21.5238],[83.8083,21.5362],[83.7931,21.563],[83.7201,21.6275]]]},"properties":{"NAME_1":"Orissa","NAME_2":"Baragarh"}},{"type":"Feature","geometry":{"type":"Polygon","coordinates":[[[86.4094,21.2057],[86.4036,21.2139],[86.3745,21.2212],[86.366,21.2329],[86.3479,21.229],[86.3496,21.2227],[86.3496,21.2116],[86.3506,21.2044],[86.3392,21.1845],[86.3284,21.1742],[86.3232,21.1712],[86.3211,21.1743],[86.3153,21.1693],[86.3091,21.1649],[86.3023,21.1643],[86.2877,21.17],[86.2821,21.1632],[86.2804,21.1558],[86.2777,21.1316],[86.2859,21.1224],[86.2859,21.1119],[86.3054,21.1055],[86.3023,21.0867],[86.3017,21.0817],[86.3136,21.0724],[86.2999,21.0173],[86.3015,21.0109],[86.2862,21.0086],[86.2861,20.963],[86.284,20.938],[86.2777,20.9036],[86.2867,20.895],[86.3076,20.8897],[86.3244,20.8592],[86.343,20.8491],[86.3498,20.8468],[86.3603,20.8491],[86.3884,20.8589],[86.4153,20.851],[86.4211,20.8473],[86.4363,20.8424],[86.4474,20.8384],[86.4588,20.8476],[86.4757,20.8549],[86.4932,20.8621],[86.5007,20.8606],[86.5123,20.865],[86.5444,20.8564],[86.5757,20.8551],[86.5918,20.8507],[86.5974,20.84],[86.6086,20.8139],[86.6155,20.8069],[86.6207,20.8009],[86.6121,20.7998],[86.6117,20.7911],[86.6208,20.7903],[86.6472,20.7919],[86.7074,20.7677],[86.7086,20.7561],[86.7484,20.7662],[86.7523,20.7409],[86.8161,20.7244],[86.818,20.7606],[86.8353,20.7769],[86.8814,20.7975],[86.958,20.785],[86.97,20.8278],[86.9594,20.8636],[86.9106,20.9553],[86.8889,21.0164],[86.8583,21.055],[86.8242,21.1378],[86.8292,21.2015],[86.8003,21.225],[86.768,21.2183],[86.7645,21.203],[86.7577,21.1774],[86.7712,21.1653],[86.7512,21.17],[86.7045,21.177],[86.6917,21.1678],[86.6795,21.1623],[86.6715,21.1618],[86.6629,21.1514],[86.6523,21.1221],[86.6494,21.0808],[86.6414,21.0758],[86.588,21.1029],[86.5572,21.1417],[86.535,21.1543],[86.5064,21.1314],[86.4832,21.1406],[86.4527,21.1537],[86.4303,21.1541],[86.4442,21.1953],[86.433,21.2149],[86.4094,21.2057]]]},"properties":{"NAME_1":"Orissa","NAME_2":"Bhadrak"}},{"type":"Feature","geometry":{"type":"Polygon","coordinates":[[[83.4522,21.051],[83.4206,21.0277],[83.3874,21.0656],[83.3514,21.0657],[83.3176,21.0515],[83.3128,21.0355],[83.2897,21.0115],[83.3278,20.9802],[83.36,21.0016],[83.379,20.9892],[83.385,20.9669],[83.3761,20.9392],[83.4092,20.9055],[83.406,20.8918],[83.3436,20.8722],[83.3235,20.8784],[83.2964,20.8488],[83.2682,20.8639],[83.2473,20.8952],[83.2469,20.9153],[83.2133,20.9236],[83.187,20.8945],[83.1405,20.8789],[83.1252,20.8596],[83.0975,20.8721],[83.0835,20.8572],[83.0181,20.8535],[82.9861,20.8453],[82.9615,20.8928],[82.9222,20.8841],[82.908,20.9024],[82.8838,20.9065],[82.8527,20.8748],[82.8273,20.8607],[82.7685,20.8036],[82.7571,20.7777],[82.7414,20.7693],[82.7302,20.7216],[82.6955,20.7219],[82.6883,20.6973],[82.6889,20.6768],[82.7167,20.6678],[82.7243,20.6377],[82.7253,20.6274],[82.7358,20.6189],[82.7226,20.5833],[82.7083,20.5662],[82.706,20.5535],[82.7003,20.5309],[82.6946,20.4818],[82.6843,20.4688],[82.6793,20.4458],[82.6904,20.4408],[82.6912,20.4229],[82.6911,20.419],[82.7056,20.4051],[82.7088,20.3977],[82.7182,20.3864],[82.7142,20.3659],[82.7093,20.3625],[82.7122,20.353],[82.7226,20.3522],[82.7455,20.3568],[82.7574,20.3499],[82.7638,20.3502],[82.7772,20.3645],[82.7882,20.3668],[82.7988,20.3795],[82.8049,20.3784],[82.8079,20.3595],[82.7938,20.3484],[82.7857,20.3421],[82.7869,20.3195],[82.7977,20.3161],[82.8058,20.3315],[82.8022,20.3349],[82.8039,20.3397],[82.8058,20.3425],[82.81,20.354],[82.817,20.3418],[82.8344,20.3321],[82.8456,20.3358],[82.8454,20.2925],[82.8399,20.2876],[82.8327,20.2902],[82.8308,20.3017],[82.83,20.3046],[82.8298,20.3158],[82.8147,20.3057],[82.8149,20.3019],[82.8069,20.2904],[82.8252,20.2761],[82.8349,20.2771],[82.8392,20.2829],[82.843,20.2827],[82.8526,20.272],[82.8549,20.2655],[82.8471,20.2341],[82.851,20.213],[82.8415,20.1914],[82.8107,20.1835],[82.8067,20.1756],[82.8057,20.168],[82.8175,20.1605],[82.8769,20.1535],[82.9038,20.1434],[82.9068,20.1615],[82.9249,20.1742],[82.9616,20.174],[83.006,20.1653],[83.0835,20.1935],[83.1208,20.1887],[83.1381,20.1649],[83.1763,20.1675],[83.1968,20.1887],[83.219,20.1996],[83.233,20.225],[83.2357,20.2551],[83.278,20.2757],[83.293,20.2983],[83.3365,20.3115],[83.353,20.3098],[83.3587,20.3322],[83.3783,20.3398],[83.4049,20.3673],[83.4162,20.3982],[83.4428,20.414],[83.4805,20.4489],[83.4893,20.4288],[83.4836,20.4105],[83.5118,20.4077],[83.564,20.3829],[83.568,20.3622],[83.6179,20.3452],[83.6229,20.3631],[83.6492,20.3648],[83.6454,20.384],[83.6591,20.4176],[83.6508,20.4269],[83.6149,20.4442],[83.6061,20.4594],[83.5932,20.4638],[83.5778,20.481],[83.5681,20.4761],[83.5666,20.4848],[83.5727,20.4989],[83.5735,20.5131],[83.5758,20.5186],[83.5953,20.5228],[83.5883,20.5369],[83.5883,20.545],[83.5952,20.5645],[83.594,20.5707],[83.5947,20.5788],[83.5941,20.5844],[83.5886,20.5987],[83.6036,20.614],[83.6212,20.645],[83.6254,20.6575],[83.6395,20.6801],[83.6509,20.6955],[83.663,20.722],[83.6706,20.7375],[83.663,20.742],[83.6463,20.7472],[83.6521,20.7565],[83.6517,20.765],[83.6431,20.7698],[83.6311,20.7792],[83.6242,20.7945],[83.5977,20.7966],[83.5942,20.8043],[83.5911,20.811],[83.611,20.8131],[83.617,20.8114],[83.6184,20.8222],[83.5994,20.8318],[83.5684,20.8428],[83.5683,20.8599],[83.5967,20.8886],[83.6137,20.8993],[83.6147,20.9043],[83.6107,20.9102],[83.6084,20.9132],[83.61,20.9237],[83.607,20.9256],[83.6103,20.932],[83.6196,20.9493],[83.6294,20.9624],[83.6305,20.9645],[83.6339,20.978],[83.6187,20.9812],[83.5905,20.9773],[83.5682,20.9709],[83.5405,20.9764],[83.5258,20.9809],[83.5064,20.9778],[83.4972,20.9821],[83.4888,20.9902],[83.4637,20.9935],[83.4541,21.0051],[83.443,21.0193],[83.4523,21.0454],[83.4522,21.051]]]},"properties":{"NAME_1":"Orissa","NAME_2":"Bolangir"}},{"type":"Feature","geometry":{"type":"Polygon","coordinates":[[[84.745,20.6057],[84.7351,20.6101],[84.7051,20.6058],[84.631,20.619],[84.6199,20.6257],[84.5994,20.6441],[84.5743,20.6758],[84.5291,20.6925],[84.4804,20.7217],[84.4504,20.738],[84.4095,20.7407],[84.3918,20.7482],[84.3769,20.7511],[84.3563,20.7666],[84.3494,20.7855],[84.3522,20.8031],[84.3544,20.8217],[84.3267,20.8487],[84.2607,20.8843],[84.211,20.8967],[84.1443,20.8651],[84.1059,20.8407],[84.0314,20.8223],[84.0201,20.8314],[83.9842,20.8372],[83.9277,20.834],[83.8978,20.8142],[83.8626,20.8095],[83.8448,20.8186],[83.781,20.7978],[83.7562,20.7702],[83.7523,20.7106],[83.7371,20.6926],[83.7322,20.6699],[83.7115,20.6352],[83.7261,20.6199],[83.7243,20.6012],[83.6819,20.5555],[83.6454,20.5349],[83.5991,20.5248],[83.5953,20.5228],[83.5758,20.5186],[83.5735,20.5131],[83.5727,20.4989],[83.5666,20.4848],[83.5681,20.4761],[83.5778,20.481],[83.5932,20.4638],[83.6061,20.4594],[83.6149,20.4442],[83.6508,20.4269],[83.673,20.4238],[83.6827,20.4111],[83.7083,20.4249],[83.7221,20.4277],[83.7587,20.4129],[83.7717,20.4065],[83.7753,20.4096],[83.7805,20.4377],[83.7873,20.4298],[83.7939,20.4274],[83.8121,20.4464],[83.8196,20.4445],[83.8173,20.451],[83.8113,20.4542],[83.8043,20.474],[83.8021,20.4806],[83.8009,20.49],[83.8075,20.5154],[83.8167,20.5422],[83.8329,20.538],[83.8356,20.5391],[83.8472,20.5538],[83.8512,20.5669],[83.8735,20.5748],[83.9045,20.5731],[83.9077,20.575],[83.9103,20.5975],[83.9132,20.6008],[83.9172,20.6053],[83.9213,20.6022],[83.9256,20.5889],[83.9427,20.5756],[83.9654,20.5809],[83.9785,20.5761],[83.9891,20.5669],[84.0091,20.5656],[84.049,20.5902],[84.0675,20.5927],[84.097,20.5938],[84.1112,20.5825],[84.1461,20.5838],[84.1528,20.5917],[84.1617,20.596],[84.1819,20.5853],[84.2146,20.5816],[84.229,20.5896],[84.2492,20.5996],[84.2548,20.6069],[84.2679,20.635],[84.2715,20.669],[84.2862,20.6825],[84.3122,20.689],[84.3273,20.6837],[84.3358,20.6692],[84.3532,20.6635],[84.3643,20.6325],[84.3789,20.5966],[84.3767,20.5543],[84.3772,20.5507],[84.3863,20.5256],[84.4001,20.5181],[84.4238,20.5091],[84.4265,20.4911],[84.433,20.4712],[84.4486,20.462],[84.4587,20.4357],[84.4512,20.4236],[84.4623,20.386],[84.4806,20.3805],[84.4908,20.3911],[84.5061,20.3924],[84.5451,20.4167],[84.5549,20.4068],[84.6154,20.4282],[84.6572,20.4193],[84.6857,20.436],[84.6932,20.4927],[84.714,20.5197],[84.738,20.5344],[84.7705,20.5298],[84.7897,20.5543],[84.7877,20.5752],[84.7718,20.596],[84.745,20.6057]]]},"properties":{"NAME_1":"Orissa","NAME_2":"Boudh"}},{"type":"Feature","geometry":{"type":"Polygon","coordinates":[[[85.9613,20.6604],[85.9569,20.6734],[85.9405,20.683],[85.9363,20.6837],[85.9226,20.6913],[85.9063,20.6915],[85.9046,20.6764],[85.8818,20.6529],[85.8606,20.6611],[85.827,20.6606],[85.8036,20.6537],[85.7863,20.6661],[85.7614,20.6538],[85.7567,20.6357],[85.7327,20.638],[85.7134,20.6295],[85.7017,20.5962],[85.6877,20.5904],[85.653,20.5433],[85.6294,20.5337],[85.5939,20.5295],[85.5836,20.5055],[85.5058,20.5289],[85.4521,20.4786],[85.4323,20.4935],[85.4007,20.5035],[85.3968,20.4795],[85.3728,20.4883],[85.3407,20.4901],[85.3009,20.499],[85.2868,20.509],[85.2462,20.5117],[85.2068,20.5415],[85.1892,20.5762],[85.1542,20.6021],[85.1232,20.6091],[85.0869,20.6047],[85.071,20.575],[85.0514,20.5701],[85.0207,20.5812],[84.9832,20.5646],[84.9448,20.5746],[84.8916,20.5742],[84.8546,20.5251],[84.845,20.5221],[84.8783,20.4929],[84.8879,20.4902],[84.9391,20.486],[84.9935,20.4541],[85.0301,20.4337],[85.0458,20.4216],[85.0763,20.4087],[85.0974,20.4042],[85.1117,20.3996],[85.1274,20.3852],[85.1541,20.3716],[85.1793,20.3689],[85.2058,20.3669],[85.2289,20.3622],[85.2499,20.359],[85.2719,20.351],[85.3358,20.3506],[85.3666,20.3489],[85.3678,20.3437],[85.353,20.3291],[85.3476,20.3212],[85.3447,20.3131],[85.346,20.3099],[85.3499,20.2949],[85.3433,20.2826],[85.3394,20.2772],[85.3288,20.2734],[85.3308,20.2652],[85.3895,20.2703],[85.4021,20.2491],[85.4157,20.2652],[85.4441,20.2564],[85.4553,20.2875],[85.5044,20.2839],[85.5191,20.2966],[85.5786,20.2938],[85.6207,20.2849],[85.634,20.3121],[85.6783,20.3331],[85.6958,20.3547],[85.7099,20.3924],[85.7268,20.4021],[85.7541,20.3973],[85.7962,20.427],[85.811,20.4194],[85.8214,20.3859],[85.8139,20.3603],[85.7999,20.3461],[85.7964,20.3181],[85.8788,20.2798],[85.866,20.3326],[85.8798,20.3504],[85.9109,20.3385],[85.9232,20.3212],[85.9161,20.3092],[85.9283,20.2654],[85.946,20.2609],[85.9552,20.2448],[86.0021,20.2167],[86.0204,20.1682],[86.0373,20.1726],[86.0472,20.1263],[86.077,20.0987],[86.0862,20.084],[86.0769,20.0769],[86.0846,20.0522],[86.1119,20.0591],[86.1146,20.0409],[86.1233,20.0324],[86.1291,20.0316],[86.1551,20.038],[86.1839,20.0457],[86.1651,20.0692],[86.1574,20.0812],[86.1519,20.0863],[86.1561,20.1138],[86.155,20.1272],[86.1413,20.1384],[86.1472,20.1541],[86.1398,20.1604],[86.1471,20.182],[86.1427,20.1861],[86.1367,20.1898],[86.1461,20.1958],[86.1502,20.2037],[86.1239,20.2147],[86.1213,20.2186],[86.0809,20.2358],[86.0709,20.2433],[86.0694,20.2521],[86.0498,20.2679],[86.0473,20.2674],[86.042,20.2769],[86.039,20.2808],[86.0272,20.2896],[86.0289,20.3043],[86.0303,20.3329],[86.0213,20.3423],[86.0095,20.3741],[86.0302,20.3872],[86.045,20.386],[86.0818,20.3601],[86.1315,20.3498],[86.1673,20.3701],[86.1892,20.3649],[86.2013,20.3562],[86.2236,20.3542],[86.2426,20.3572],[86.2481,20.371],[86.2598,20.3814],[86.2721,20.388],[86.2757,20.3902],[86.2721,20.3945],[86.2695,20.3917],[86.2738,20.4109],[86.2748,20.4144],[86.2716,20.419],[86.2685,20.4193],[86.2679,20.437],[86.2735,20.4389],[86.266,20.4553],[86.2639,20.476],[86.2672,20.4811],[86.2673,20.5021],[86.2677,20.5043],[86.2636,20.5163],[86.2566,20.5242],[86.2549,20.5406],[86.2614,20.5459],[86.2548,20.556],[86.2725,20.5604],[86.2756,20.5708],[86.2785,20.5772],[86.269,20.5809],[86.2548,20.5867],[86.2399,20.6042],[86.2317,20.6042],[86.2089,20.6109],[86.207,20.6225],[86.1896,20.6204],[86.1833,20.6256],[86.1687,20.6292],[86.1633,20.6344],[86.1701,20.633],[86.1916,20.6446],[86.1841,20.6461],[86.1823,20.6437],[86.1783,20.6517],[86.173,20.6499],[86.1738,20.64],[86.1641,20.6388],[86.1488,20.6371],[86.1297,20.6253],[86.0978,20.6089],[86.0807,20.6067],[86.0772,20.5916],[86.0742,20.5908],[86.0431,20.5831],[86.0419,20.5926],[86.0057,20.6178],[85.9901,20.6356],[85.9875,20.6373],[85.9802,20.6532],[85.9665,20.661],[85.9613,20.6604]]]},"properties":{"NAME_1":"Orissa","NAME_2":"Cuttack"}},{"type":"Feature","geometry":{"type":"Polygon","coordinates":[[[85.1442,21.5896],[85.1073,21.5888],[85.0932,21.5943],[85.0818,21.5991],[85.0622,21.5931],[85.0456,21.5846],[85.0339,21.6138],[85.0309,21.6187],[85.0273,21.6214],[85.024,21.6276],[85.0239,21.6432],[85.0213,21.6674],[84.994,21.6779],[84.981,21.677],[84.9642,21.6768],[84.9506,21.6739],[84.9508,21.6657],[84.9362,21.6557],[84.9023,21.6648],[84.8954,21.6549],[84.8594,21.6482],[84.8519,21.6552],[84.8047,21.6588],[84.7867,21.6644],[84.7793,21.6414],[84.7817,21.6251],[84.7598,21.619],[84.7491,21.624],[84.7448,21.6572],[84.7383,21.6685],[84.7245,21.6909],[84.7141,21.711],[84.6914,21.7028],[84.6784,21.7245],[84.6681,21.7342],[84.6455,21.7384],[84.6324,21.7358],[84.6366,21.7231],[84.6212,21.6935],[84.5722,21.6989],[84.5568,21.6904],[84.5312,21.6745],[84.5068,21.6824],[84.4949,21.6709],[84.4849,21.6366],[84.5105,21.6179],[84.521,21.6214],[84.5322,21.6035],[84.54,21.5973],[84.5553,21.5876],[84.5665,21.5779],[84.5457,21.5786],[84.5381,21.5683],[84.5232,21.5673],[84.505,21.558],[84.4981,21.5354],[84.4786,21.5097],[84.49,21.4913],[84.4728,21.4787],[84.4818,21.4608],[84.4875,21.4434],[84.4756,21.4225],[84.4865,21.4109],[84.4759,21.3914],[84.4873,21.3858],[84.4893,21.3758],[84.4847,21.366],[84.4937,21.3613],[84.497,21.3699],[84.5123,21.3698],[84.5157,21.3768],[84.5425,21.3702],[84.5485,21.3502],[84.559,21.3241],[84.5639,21.3147],[84.567,21.2598],[84.5634,21.2563],[84.5699,21.2497],[84.5997,21.2598],[84.6313,21.2793],[84.6331,21.2841],[84.6414,21.2882],[84.6479,21.298],[84.6614,21.3045],[84.666,21.3134],[84.6854,21.3184],[84.7108,21.3131],[84.7292,21.298],[84.7348,21.2882],[84.7599,21.2702],[84.7519,21.2556],[84.766,21.2501],[84.7625,21.2423],[84.7549,21.231],[84.7433,21.2297],[84.732,21.2262],[84.7181,21.2152],[84.7201,21.1991],[84.7238,21.1959],[84.7349,21.1945],[84.7422,21.1789],[84.7425,21.1633],[84.7576,21.1452],[84.794,21.1286],[84.7979,21.1321],[84.811,21.136],[84.7989,21.1511],[84.7932,21.1619],[84.8007,21.162],[84.8449,21.164],[84.8516,21.1617],[84.8742,21.1602],[84.8799,21.1522],[84.8974,21.1467],[84.9162,21.137],[84.9282,21.1475],[84.9271,21.1536],[84.9265,21.1711],[84.924,21.176],[84.9336,21.1729],[84.9437,21.1707],[84.9495,21.1434],[84.9567,21.1436],[84.9675,21.1561],[84.9597,21.1632],[84.9642,21.1801],[84.9622,21.1864],[84.9432,21.19],[84.9343,21.1985],[84.9304,21.2131],[84.9244,21.2268],[84.8954,21.2544],[84.9151,21.2728],[84.957,21.2938],[84.9763,21.2852],[84.9858,21.2835],[85.0042,21.2915],[85.0274,21.2864],[85.0103,21.3104],[85.0051,21.3208],[85.0083,21.3263],[85.0042,21.3483],[85.0026,21.3544],[85.0013,21.3592],[85.0015,21.3718],[84.9933,21.3957],[84.993,21.4221],[84.9978,21.4351],[85.019,21.4448],[85.0179,21.4523],[85.0571,21.4393],[85.0684,21.4504],[85.1194,21.449],[85.1561,21.4654],[85.1789,21.4972],[85.1935,21.5088],[85.1999,21.5247],[85.2012,21.5268],[85.2055,21.5282],[85.2058,21.5397],[85.2092,21.5512],[85.2075,21.5533],[85.2009,21.5622],[85.1949,21.5746],[85.1862,21.5804],[85.1804,21.5843],[85.1603,21.5866],[85.1442,21.5896]]]},"properties":{"NAME_1":"Orissa","NAME_2":"Deogarh"}},{"type":"Feature","geometry":{"type":"Polygon","coordinates":[[[85.7227,21.1378],[85.7174,21.1551],[85.6786,21.1799],[85.6592,21.1607],[85.6321,21.16],[85.6116,21.1363],[85.5941,21.1318],[85.5427,21.1609],[85.4955,21.1082],[85.4572,21.1218],[85.4105,21.1662],[85.3889,21.1795],[85.3778,21.1644],[85.3454,21.1632],[85.3296,21.1708],[85.3148,21.155],[85.295,21.1711],[85.2627,21.1646],[85.2542,21.1349],[85.2381,21.1187],[85.2272,21.0659],[85.1893,21.0752],[85.1738,21.0703],[85.1617,21.0479],[85.1949,21.0298],[85.2506,20.9878],[85.2578,20.9745],[85.2387,20.9544],[85.2414,20.924],[85.2364,20.9015],[85.254,20.8626],[85.2486,20.8295],[85.2498,20.7927],[85.193,20.7774],[85.2099,20.7432],[85.1927,20.7024],[85.1908,20.6715],[85.1665,20.6552],[85.1586,20.6692],[85.1693,20.6945],[85.1474,20.7167],[85.1291,20.7048],[85.1087,20.6758],[85.1306,20.6333],[85.1232,20.6091],[85.1542,20.6021],[85.1892,20.5762],[85.2068,20.5415],[85.2462,20.5117],[85.2868,20.509],[85.3009,20.499],[85.3407,20.4901],[85.3728,20.4883],[85.3968,20.4795],[85.4007,20.5035],[85.4323,20.4935],[85.4521,20.4786],[85.5058,20.5289],[85.5836,20.5055],[85.5939,20.5295],[85.6294,20.5337],[85.653,20.5433],[85.6877,20.5904],[85.7017,20.5962],[85.7134,20.6295],[85.7327,20.638],[85.7567,20.6357],[85.7614,20.6538],[85.7863,20.6661],[85.8036,20.6537],[85.827,20.6606],[85.8606,20.6611],[85.8818,20.6529],[85.9046,20.6764],[85.9063,20.6915],[85.9029,20.7059],[85.935,20.7116],[85.9413,20.7121],[85.9648,20.7237],[85.98,20.7288],[86.004,20.7175],[86.0134,20.7219],[86.0216,20.7268],[86.0265,20.7332],[86.0216,20.7373],[86.0225,20.7554],[86.0172,20.7704],[86.0275,20.7881],[86.0282,20.8025],[86.0108,20.807],[85.994,20.8121],[85.971,20.8153],[85.9491,20.828],[85.9197,20.8327],[85.8958,20.8405],[85.9001,20.858],[85.9165,20.892],[85.9143,20.9142],[85.9144,20.9213],[85.8915,20.9237],[85.8643,20.9214],[85.8495,20.9249],[85.8283,20.92],[85.8175,20.927],[85.8151,20.9401],[85.8054,20.9503],[85.7895,20.9649],[85.7738,20.9758],[85.7522,20.9849],[85.7328,20.9851],[85.7177,20.9832],[85.7181,20.9951],[85.7233,21.0086],[85.729,21.0248],[85.7187,21.0618],[85.7002,21.0683],[85.6904,21.082],[85.6792,21.1123],[85.6824,21.1251],[85.7094,21.135],[85.7227,21.1378]]]},"properties":{"NAME_1":"Orissa","NAME_2":"Dhenkanal"}},{"type":"Feature","geometry":{"type":"Polygon","coordinates":[[[84.2442,19.5641],[84.2316,19.5642],[84.2152,19.5687],[84.1933,19.5836],[84.1753,19.5791],[84.1573,19.5733],[84.1506,19.574],[84.1392,19.586],[84.135,19.5962],[84.1277,19.6205],[84.1123,19.6228],[84.0845,19.618],[84.0834,19.6093],[84.0782,19.6098],[84.0686,19.6161],[84.0406,19.6179],[84.0266,19.6247],[84.0155,19.6177],[83.9968,19.6195],[83.9688,19.6133],[83.9484,19.6264],[83.9359,19.6279],[83.9199,19.6231],[83.9233,19.6015],[83.9271,19.5642],[83.9367,19.5426],[83.9698,19.5229],[83.9542,19.4986],[83.9605,19.4866],[83.9713,19.478],[83.9637,19.4645],[83.9622,19.4526],[83.9552,19.4411],[83.9368,19.4122],[83.943,19.3881],[83.9569,19.3865],[83.9617,19.3781],[83.9777,19.3733],[83.992,19.3775],[84.0099,19.3663],[84.0191,19.3462],[84.0217,19.3317],[84.02,19.3284],[84.0076,19.2969],[84.012,19.2687],[84.0079,19.2576],[84.0036,19.2434],[83.9896,19.2367],[83.983,19.2147],[83.9765,19.205],[83.9905,19.1825],[83.9853,19.1786],[83.9836,19.1659],[83.9763,19.1554],[83.9796,19.1507],[83.9918,19.1414],[84.0049,19.133],[84.0078,19.134],[84.0231,19.1282],[84.0074,19.1194],[84.006,19.0851],[84.021,19.0606],[84.0226,19.0455],[84.0114,19.0424],[83.998,19.0504],[83.9917,19.0574],[83.9694,19.0605],[83.964,19.0572],[83.9559,19.046],[83.9577,19.0361],[83.9783,19.0165],[83.9804,19.0119],[83.9721,18.999],[83.9597,18.9801],[83.9445,18.9806],[83.938,18.9922],[83.9257,19.0037],[83.9059,19.009],[83.8859,18.9734],[83.8522,18.9754],[83.8451,18.9923],[83.8243,19.0003],[83.8165,19.0104],[83.8104,19.0209],[83.8002,19.0229],[83.7883,19.0078],[83.7912,18.9924],[83.8025,18.9818],[83.8081,18.9684],[83.8148,18.9532],[83.8134,18.9336],[83.8212,18.922],[83.8231,18.9055],[83.8349,18.9093],[83.8423,18.8882],[83.8367,18.8727],[83.8371,18.8647],[83.848,18.8476],[83.8643,18.839],[83.8832,18.8197],[83.8854,18.81],[83.8955,18.8149],[83.9078,18.8164],[83.9206,18.8116],[83.9336,18.8069],[83.9357,18.8031],[83.9398,18.7966],[83.949,18.797],[83.9556,18.8031],[83.964,18.8041],[83.9823,18.8],[83.9915,18.8047],[84.0223,18.7986],[84.0479,18.7835],[84.0497,18.7773],[84.0658,18.7517],[84.0779,18.7489],[84.0856,18.7452],[84.1141,18.7551],[84.1279,18.7613],[84.135,18.7668],[84.1549,18.776],[84.1603,18.7723],[84.1798,18.769],[84.2038,18.7826],[84.2243,18.7843],[84.2312,18.7801],[84.246,18.7734],[84.2589,18.7748],[84.2785,18.7897],[84.3004,18.7817],[84.3089,18.7784],[84.3125,18.7792],[84.3157,18.7862],[84.3322,18.792],[84.3295,18.8045],[84.3424,18.8215],[84.3444,18.8327],[84.3341,18.858],[84.336,18.8667],[84.3552,18.8526],[84.3583,18.8513],[84.3693,18.859],[84.3613,18.8727],[84.3518,18.8778],[84.3547,18.8829],[84.3714,18.8754],[84.3862,18.8717],[84.3876,18.8777],[84.3742,18.8889],[84.3677,18.8893],[84.3653,18.8963],[84.3869,18.8899],[84.3978,18.8861],[84.4107,18.8983],[84.4062,18.9061],[84.418,18.9007],[84.4294,18.9137],[84.42,18.9297],[84.4156,18.938],[84.4345,18.9632],[84.4377,18.9657],[84.428,18.9826],[84.4221,18.975],[84.4186,18.9751],[84.41,18.9828],[84.4083,18.9867],[84.3982,18.9894],[84.3944,18.9961],[84.3908,18.9957],[84.389,18.9932],[84.379,18.9824],[84.37,18.9853],[84.3662,18.9997],[84.3463,19.0086],[84.3545,19.0341],[84.3541,19.0399],[84.3728,19.0764],[84.3754,19.0828],[84.3813,19.1077],[84.3801,19.1185],[84.3714,19.1227],[84.3836,19.1321],[84.3605,19.1539],[84.3628,19.1715],[84.3536,19.1771],[84.3615,19.1863],[84.3787,19.1839],[84.3833,19.1908],[84.3881,19.1989],[84.4037,19.2168],[84.4112,19.2414],[84.4147,19.2769],[84.414,19.2963],[84.4123,19.3132],[84.4168,19.3423],[84.4005,19.3584],[84.3754,19.3729],[84.3829,19.3831],[84.3867,19.4185],[84.3879,19.4589],[84.3756,19.4701],[84.3705,19.4914],[84.3671,19.5191],[84.3651,19.5383],[84.3255,19.5408],[84.3107,19.5302],[84.3104,19.5257],[84.2978,19.4877],[84.2497,19.4892],[84.2471,19.4974],[84.2496,19.5095],[84.2442,19.5641]]]},"properties":{"NAME_1":"Orissa","NAME_2":"Gajapati"}},{"type":"Feature","geometry":{"type":"MultiPolygon","coordinates":[[[[84.7302,19.0893],[84.761,19.0713],[84.7807,19.1032],[84.7302,19.0893]]],[[[84.7709,20.2363],[84.7372,20.2384],[84.7086,20.2665],[84.69,20.2749],[84.6669,20.267],[84.6607,20.2425],[84.6493,20.2291],[84.6434,20.2169],[84.6341,20.1929],[84.6004,20.1726],[84.5876,20.1732],[84.5779,20.1843],[84.5803,20.1673],[84.5522,20.1545],[84.5576,20.1341],[84.4993,20.1338],[84.472,20.1398],[84.4464,20.1632],[84.4518,20.1817],[84.4394,20.2003],[84.4223,20.179],[84.4287,20.1493],[84.4192,20.1181],[84.4082,20.1133],[84.395,20.0659],[84.4085,20.0471],[84.3556,20.0235],[84.3263,20.0038],[84.3175,19.981],[84.3295,19.9706],[84.3524,19.9809],[84.3702,19.959],[84.4148,19.9477],[84.4269,19.9513],[84.463,19.9321],[84.4511,19.8973],[84.4536,19.8458],[84.4173,19.8278],[84.3761,19.8345],[84.3142,19.8698],[84.3008,19.8987],[84.271,19.8713],[84.1781,19.8528],[84.195,19.8277],[84.167,19.8126],[84.1596,19.7789],[84.1257,19.7728],[84.1548,19.727],[84.1962,19.7232],[84.1826,19.6957],[84.2399,19.6345],[84.22,19.6183],[84.2339,19.5677],[84.2442,19.5641],[84.2496,19.5095],[84.2471,19.4974],[84.2497,19.4892],[84.2978,19.4877],[84.3104,19.5257],[84.3107,19.5302],[84.3255,19.5408],[84.3651,19.5383],[84.3671,19.5191],[84.3705,19.4914],[84.3756,19.4701],[84.3879,19.4589],[84.3867,19.4185],[84.3829,19.3831],[84.3754,19.3729],[84.4005,19.3584],[84.4168,19.3423],[84.4123,19.3132],[84.414,19.2963],[84.4147,19.2769],[84.4112,19.2414],[84.4037,19.2168],[84.3881,19.1989],[84.3833,19.1908],[84.3787,19.1839],[84.3615,19.1863],[84.3536,19.1771],[84.3628,19.1715],[84.3605,19.1539],[84.3836,19.1321],[84.3714,19.1227],[84.3801,19.1185],[84.3813,19.1077],[84.3754,19.0828],[84.3728,19.0764],[84.3541,19.0399],[84.3545,19.0341],[84.3463,19.0086],[84.3662,18.9997],[84.37,18.9853],[84.379,18.9824],[84.389,18.9932],[84.3908,18.9957],[84.3944,18.9961],[84.3982,18.9894],[84.4083,18.9867],[84.41,18.9828],[84.4186,18.9751],[84.4221,18.975],[84.4264,18.984],[84.4256,18.9892],[84.4253,18.9953],[84.4146,19.0124],[84.42,19.0125],[84.4222,19.0085],[84.4374,18.9975],[84.4717,18.9812],[84.4757,18.9917],[84.4778,19.0079],[84.4894,19.021],[84.4978,19.0249],[84.5099,19.0375],[84.5477,19.0461],[84.5597,19.0596],[84.568,19.0635],[84.5706,19.0604],[84.5781,19.0621],[84.5736,19.0351],[84.5877,19.013],[84.6005,19.0329],[84.6095,19.0467],[84.6124,19.0497],[84.6233,19.0557],[84.6254,19.0528],[84.6301,19.0496],[84.6344,19.0555],[84.6477,19.0561],[84.6545,19.0523],[84.6632,19.0645],[84.6446,19.0845],[84.6336,19.0746],[84.6244,19.0744],[84.6168,19.09],[84.6056,19.0926],[84.5958,19.1152],[84.6293,19.1207],[84.6473,19.1204],[84.6612,19.1219],[84.6659,19.1353],[84.665,19.1567],[84.6814,19.1497],[84.6976,19.1503],[84.7021,19.1511],[84.6973,19.1251],[84.6939,19.1216],[84.6983,19.1103],[84.6975,19.1088],[84.719,19.0958],[84.7029,19.1187],[84.7237,19.1404],[84.7471,19.1435],[84.7457,19.1176],[84.7774,19.1099],[84.8443,19.1963],[84.8863,19.2379],[84.9324,19.2779],[84.9851,19.319],[85.0608,19.3631],[85.0851,19.3845],[85.1056,19.4148],[85.165,19.4617],[85.1433,19.4834],[85.1165,19.4671],[85.1219,19.4964],[85.1026,19.4916],[85.089,19.5157],[85.1189,19.5546],[85.1481,19.5617],[85.1195,19.5804],[85.1365,19.6111],[85.1687,19.6222],[85.1588,19.6375],[85.162,19.6576],[85.1779,19.6674],[85.1691,19.6744],[85.122,19.7411],[85.0812,19.7589],[85.0707,19.7837],[85.0376,19.7986],[85.003,19.7949],[84.9777,19.8166],[84.9657,19.8453],[84.9296,19.865],[84.9338,19.8896],[84.9279,19.8941],[84.9254,19.8974],[84.905,19.8979],[84.8996,19.9068],[84.9113,19.9206],[84.9119,19.9425],[84.9081,19.9513],[84.8955,19.9858],[84.888,19.9874],[84.8563,19.9932],[84.8539,20.0012],[84.8502,20.0231],[84.833,20.0437],[84.8107,20.0557],[84.8043,20.0625],[84.7926,20.0875],[84.7939,20.0907],[84.7998,20.0938],[84.802,20.0986],[84.7985,20.1033],[84.8029,20.1088],[84.8192,20.1352],[84.8195,20.1634],[84.8286,20.2016],[84.8223,20.2158],[84.7856,20.2226],[84.7709,20.2363]]]]},"properties":{"NAME_1":"Orissa","NAME_2":"Ganjam"}},{"type":"Feature","geometry":{"type":"MultiPolygon","coordinates":[[[[86.2881,20.0286],[86.2925,20.0456],[86.2617,20.0553],[86.2539,20.0464],[86.2734,20.0493],[86.2752,20.042],[86.2881,20.0286]]],[[[86.1315,20.3498],[86.0818,20.3601],[86.045,20.386],[86.0302,20.3872],[86.0095,20.3741],[86.0213,20.3423],[86.0303,20.3329],[86.0289,20.3043],[86.0272,20.2896],[86.039,20.2808],[86.042,20.2769],[86.0473,20.2674],[86.0498,20.2679],[86.0694,20.2521],[86.0709,20.2433],[86.0809,20.2358],[86.1213,20.2186],[86.1239,20.2147],[86.1502,20.2037],[86.1461,20.1958],[86.1367,20.1898],[86.1427,20.1861],[86.1471,20.182],[86.1398,20.1604],[86.1472,20.1541],[86.1413,20.1384],[86.155,20.1272],[86.1561,20.1138],[86.1519,20.0863],[86.1574,20.0812],[86.1651,20.0692],[86.1839,20.0457],[86.2208,20.0303],[86.2254,20.0343],[86.2419,20.0311],[86.2479,20.0532],[86.2625,20.062],[86.2937,20.0543],[86.3282,20.0295],[86.3394,19.9903],[86.3481,19.9819],[86.3869,19.9761],[86.4111,20],[86.4072,20.0197],[86.4144,20.0408],[86.4758,20.1006],[86.5225,20.1714],[86.4947,20.1533],[86.4883,20.1669],[86.5097,20.1772],[86.5361,20.2],[86.5819,20.2181],[86.6178,20.2372],[86.6754,20.2583],[86.6772,20.2669],[86.7164,20.2864],[86.7085,20.2939],[86.694,20.2929],[86.6792,20.3137],[86.6544,20.327],[86.5927,20.3373],[86.5568,20.3201],[86.5242,20.3361],[86.5022,20.3262],[86.4726,20.3329],[86.456,20.3262],[86.4309,20.3321],[86.3932,20.3612],[86.3811,20.3496],[86.3391,20.363],[86.3262,20.3515],[86.298,20.3487],[86.2722,20.3653],[86.2495,20.3593],[86.2426,20.3572],[86.2236,20.3542],[86.2013,20.3562],[86.1892,20.3649],[86.1673,20.3701],[86.1315,20.3498]]]]},"properties":{"NAME_1":"Orissa","NAME_2":"Jagatsinghpur"}},{"type":"Feature","geometry":{"type":"Polygon","coordinates":[[[85.9276,21.129],[85.9174,21.0964],[85.9165,21.0918],[85.9047,21.0842],[85.8768,21.0814],[85.8381,21.0893],[85.8241,21.0847],[85.8099,21.0889],[85.7875,21.0984],[85.7761,21.096],[85.77,21.0982],[85.7641,21.1107],[85.7641,21.1197],[85.7601,21.1375],[85.7522,21.1434],[85.7309,21.1331],[85.7227,21.1378],[85.7094,21.135],[85.6824,21.1251],[85.6792,21.1123],[85.6904,21.082],[85.7002,21.0683],[85.7187,21.0618],[85.729,21.0248],[85.7233,21.0086],[85.7181,20.9951],[85.7177,20.9832],[85.7328,20.9851],[85.7522,20.9849],[85.7738,20.9758],[85.7895,20.9649],[85.8054,20.9503],[85.8151,20.9401],[85.8175,20.927],[85.8283,20.92],[85.8495,20.9249],[85.8643,20.9214],[85.8915,20.9237],[85.9144,20.9213],[85.9143,20.9142],[85.9165,20.892],[85.9001,20.858],[85.8958,20.8405],[85.9197,20.8327],[85.9491,20.828],[85.971,20.8153],[85.994,20.8121],[86.0108,20.807],[86.0282,20.8025],[86.0275,20.7881],[86.0172,20.7704],[86.0225,20.7554],[86.0216,20.7373],[86.0265,20.7332],[86.0216,20.7268],[86.0134,20.7219],[86.004,20.7175],[85.98,20.7288],[85.9648,20.7237],[85.9413,20.7121],[85.935,20.7116],[85.9029,20.7059],[85.9063,20.6915],[85.9226,20.6913],[85.9363,20.6837],[85.9405,20.683],[85.9569,20.6734],[85.9613,20.6604],[85.9665,20.661],[85.9802,20.6532],[85.9875,20.6373],[85.9901,20.6356],[86.0057,20.6178],[86.0419,20.5926],[86.0431,20.5831],[86.0742,20.5908],[86.0772,20.5916],[86.0807,20.6067],[86.0978,20.6089],[86.1297,20.6253],[86.1488,20.6371],[86.1641,20.6388],[86.1738,20.64],[86.173,20.6499],[86.1783,20.6517],[86.1823,20.6437],[86.1841,20.6461],[86.1916,20.6446],[86.1701,20.633],[86.1633,20.6344],[86.1687,20.6292],[86.1833,20.6256],[86.1896,20.6204],[86.207,20.6225],[86.2089,20.6109],[86.2317,20.6042],[86.2399,20.6042],[86.2548,20.5867],[86.269,20.5809],[86.2785,20.5772],[86.2901,20.58],[86.3177,20.5797],[86.3176,20.5839],[86.3159,20.6046],[86.3132,20.6122],[86.3262,20.611],[86.3283,20.6033],[86.3437,20.6028],[86.37,20.5878],[86.391,20.6008],[86.401,20.6195],[86.4179,20.619],[86.4191,20.6219],[86.4173,20.6238],[86.4325,20.6391],[86.4475,20.642],[86.4534,20.6632],[86.4564,20.6738],[86.4727,20.6784],[86.4821,20.6728],[86.4906,20.6744],[86.5019,20.6799],[86.5092,20.68],[86.5178,20.6909],[86.5405,20.6877],[86.5421,20.6888],[86.5531,20.7],[86.5442,20.7133],[86.5558,20.7334],[86.5511,20.7321],[86.5415,20.7259],[86.5394,20.7474],[86.5577,20.7578],[86.5618,20.7685],[86.5677,20.7694],[86.6075,20.7699],[86.6207,20.784],[86.6208,20.7903],[86.6117,20.7911],[86.6121,20.7998],[86.6207,20.8009],[86.6155,20.8069],[86.6086,20.8139],[86.5974,20.84],[86.5918,20.8507],[86.5757,20.8551],[86.5444,20.8564],[86.5123,20.865],[86.5007,20.8606],[86.4932,20.8621],[86.4757,20.8549],[86.4588,20.8476],[86.4474,20.8384],[86.4363,20.8424],[86.4211,20.8473],[86.4153,20.851],[86.3884,20.8589],[86.3603,20.8491],[86.3498,20.8468],[86.343,20.8491],[86.3244,20.8592],[86.3076,20.8897],[86.2867,20.895],[86.2777,20.9036],[86.284,20.938],[86.2861,20.963],[86.2846,21.0125],[86.2566,21.0332],[86.2424,21.0319],[86.2032,21.0503],[86.1924,21.0497],[86.1729,21.0554],[86.1361,21.0679],[86.1294,21.0683],[86.1115,21.0585],[86.0903,21.0448],[86.0858,21.0251],[86.0767,21.0081],[86.0544,21.0159],[86.0427,21.0181],[86.0379,21.0275],[86.0326,21.0332],[86.0301,21.0409],[86.0324,21.0532],[86.0231,21.0672],[86.0297,21.0843],[86.0319,21.0873],[86.0462,21.103],[86.0559,21.1143],[86.0604,21.1158],[86.0721,21.1335],[86.0712,21.1424],[86.076,21.1572],[86.0725,21.1617],[86.0404,21.1486],[86.0332,21.1509],[86.0247,21.1413],[86.0261,21.1383],[86.0272,21.1358],[86.0161,21.1352],[86.0096,21.1351],[85.9997,21.1351],[85.9896,21.1358],[85.9837,21.1333],[85.9813,21.1324],[85.9701,21.1341],[85.963,21.1312],[85.9597,21.1335],[85.9409,21.1278],[85.9393,21.1264],[85.9347,21.123],[85.9315,21.1305],[85.9276,21.129]]]},"properties":{"NAME_1":"Orissa","NAME_2":"Jajpur"}},{"type":"Feature","geometry":{"type":"Polygon","coordinates":[[[84.2628,22.011],[84.2584,22.0043],[84.2519,21.9972],[84.2491,21.9941],[84.24,21.9797],[84.2155,21.9738],[84.1964,21.981],[84.1714,21.9921],[84.1422,21.9953],[84.1386,21.9973],[84.1212,22.001],[84.1176,22.0032],[84.1144,22.0081],[84.0984,21.9944],[84.0913,21.9946],[84.0835,21.9876],[84.0791,21.9776],[84.0825,21.9641],[84.0749,21.9535],[84.0718,21.9342],[84.0603,21.9324],[84.053,21.9346],[84.0448,21.9407],[84.0223,21.9499],[84.0091,21.9324],[83.974,21.9033],[83.9599,21.923],[83.9543,21.9384],[83.8897,21.9434],[83.8737,21.9211],[83.8474,21.9198],[83.8542,21.9057],[83.8335,21.892],[83.8095,21.8803],[83.8043,21.8583],[83.8073,21.8523],[83.7936,21.866],[83.7755,21.8534],[83.7617,21.8363],[83.7269,21.8014],[83.7148,21.7834],[83.7128,21.7836],[83.6887,21.7883],[83.6838,21.7958],[83.6756,21.8035],[83.6407,21.8125],[83.6224,21.8407],[83.6062,21.8363],[83.6013,21.8296],[83.5931,21.8285],[83.5777,21.8266],[83.5575,21.8344],[83.5485,21.8352],[83.5312,21.8319],[83.5364,21.8183],[83.5387,21.8006],[83.5366,21.7939],[83.5222,21.7941],[83.5061,21.8004],[83.4909,21.8145],[83.4855,21.8032],[83.4743,21.7861],[83.4759,21.7738],[83.4779,21.7646],[83.4754,21.7534],[83.478,21.728],[83.4616,21.7063],[83.4576,21.6997],[83.4497,21.691],[83.428,21.6923],[83.4249,21.689],[83.4197,21.675],[83.4354,21.6631],[83.4408,21.6552],[83.4748,21.6412],[83.4831,21.6396],[83.52,21.6697],[83.5305,21.6889],[83.5375,21.723],[83.5528,21.7402],[83.5916,21.7321],[83.6493,21.717],[83.6771,21.705],[83.6983,21.6855],[83.7044,21.6634],[83.7201,21.6275],[83.7862,21.5706],[83.7997,21.571],[83.8075,21.5877],[83.8291,21.5855],[83.853,21.5837],[83.8942,21.5701],[83.9243,21.5736],[83.9572,21.5676],[83.9743,21.5918],[83.9615,21.6878],[83.9662,21.7054],[83.9372,21.7244],[83.9464,21.7395],[83.9597,21.7486],[83.963,21.7625],[83.9704,21.7569],[83.9839,21.7486],[83.9938,21.7653],[84.008,21.7829],[84.016,21.7782],[84.0238,21.768],[84.0263,21.7629],[84.0317,21.7558],[84.0372,21.7582],[84.0619,21.771],[84.0766,21.7705],[84.1083,21.7857],[84.1553,21.7655],[84.1833,21.7508],[84.205,21.7559],[84.2143,21.763],[84.2308,21.7593],[84.2543,21.7621],[84.2614,21.7568],[84.2797,21.7585],[84.285,21.7707],[84.2882,21.7819],[84.2937,21.7956],[84.3043,21.8067],[84.3073,21.814],[84.3193,21.8309],[84.323,21.8381],[84.3232,21.8626],[84.3584,21.9293],[84.3704,21.9512],[84.3745,21.9784],[84.3824,22.0209],[84.3508,22.0334],[84.3389,22.0319],[84.2927,22.0307],[84.2851,22.0163],[84.2829,22.0138],[84.2628,22.011]]]},"properties":{"NAME_1":"Orissa","NAME_2":"Jharsuguda"}},{"type":"Feature","geometry":{"type":"Polygon","coordinates":[[[83.6454,20.384],[83.6492,20.3648],[83.6229,20.3631],[83.6179,20.3452],[83.568,20.3622],[83.564,20.3829],[83.5118,20.4077],[83.4836,20.4105],[83.4893,20.4288],[83.4805,20.4489],[83.4428,20.414],[83.4162,20.3982],[83.4049,20.3673],[83.3783,20.3398],[83.3587,20.3322],[83.353,20.3098],[83.3365,20.3115],[83.293,20.2983],[83.278,20.2757],[83.2357,20.2551],[83.233,20.225],[83.219,20.1996],[83.1968,20.1887],[83.1763,20.1675],[83.1381,20.1649],[83.1208,20.1887],[83.0835,20.1935],[83.006,20.1653],[82.9616,20.174],[82.9249,20.1742],[82.9068,20.1615],[82.9038,20.1434],[82.8769,20.1535],[82.8175,20.1605],[82.8139,20.1506],[82.8106,20.1035],[82.804,20.0942],[82.7828,20.0965],[82.7741,20.0819],[82.7489,20.0505],[82.7325,20.0438],[82.7232,20.0165],[82.698,19.9927],[82.7109,19.9833],[82.7094,19.9467],[82.7004,19.9066],[82.711,19.8486],[82.6984,19.8269],[82.6457,19.8254],[82.6189,19.7861],[82.5851,19.771],[82.5935,19.747],[82.5662,19.7281],[82.5666,19.7075],[82.5617,19.7021],[82.5627,19.6968],[82.5707,19.6744],[82.5645,19.6671],[82.5503,19.6406],[82.5279,19.6276],[82.526,19.6192],[82.5337,19.6107],[82.5294,19.5833],[82.5235,19.5785],[82.5242,19.5758],[82.5565,19.5654],[82.5595,19.5625],[82.5613,19.5371],[82.5813,19.5336],[82.5895,19.5331],[82.6037,19.5316],[82.6092,19.5324],[82.6062,19.5193],[82.6006,19.5143],[82.6152,19.5116],[82.6271,19.5069],[82.6376,19.5012],[82.6299,19.4848],[82.6263,19.4763],[82.6429,19.4547],[82.6541,19.4427],[82.6666,19.4342],[82.6818,19.4189],[82.7017,19.4123],[82.7054,19.4065],[82.7073,19.4013],[82.7016,19.3933],[82.7045,19.3898],[82.7022,19.3741],[82.7064,19.3713],[82.7133,19.3467],[82.7276,19.3399],[82.7628,19.3307],[82.7718,19.3349],[82.7814,19.33],[82.8001,19.3235],[82.8186,19.3152],[82.8361,19.3167],[82.8443,19.3025],[82.8254,19.2844],[82.8248,19.2806],[82.8234,19.2675],[82.8189,19.2518],[82.8192,19.2498],[82.8103,19.2242],[82.8183,19.2313],[82.8208,19.2292],[82.8277,19.2292],[82.8353,19.2231],[82.8407,19.2069],[82.8425,19.1991],[82.8483,19.1987],[82.8488,19.1967],[82.871,19.1771],[82.8944,19.2225],[82.8829,19.2475],[82.911,19.2979],[82.9497,19.3182],[82.9502,19.3444],[82.94,19.3568],[82.9452,19.384],[82.9292,19.4011],[82.9317,19.4433],[82.984,19.4408],[82.9828,19.4683],[82.9923,19.4917],[83.0193,19.5059],[83.0294,19.5439],[83.0694,19.5535],[83.1138,19.4943],[83.1278,19.5026],[83.1516,19.4788],[83.1421,19.4674],[83.1605,19.4254],[83.1778,19.4195],[83.1804,19.4571],[83.1976,19.4568],[83.2209,19.4966],[83.2376,19.4992],[83.2561,19.5453],[83.2504,19.5688],[83.2593,19.5921],[83.2955,19.5849],[83.3256,19.5896],[83.3659,19.6136],[83.3787,19.6605],[83.4076,19.6772],[83.4392,19.7133],[83.4483,19.7336],[83.4468,19.7818],[83.4355,19.7941],[83.42,19.8382],[83.4232,19.8633],[83.4011,19.9173],[83.4355,19.9271],[83.4414,19.9628],[83.4887,19.9535],[83.4958,19.9859],[83.5206,20.0108],[83.537,20.016],[83.5477,20.0455],[83.5652,20.0595],[83.5674,20.0818],[83.5945,20.098],[83.6283,20.0839],[83.6709,20.1066],[83.7037,20.0964],[83.7269,20.1434],[83.7835,20.1748],[83.779,20.2067],[83.764,20.2025],[83.7132,20.2332],[83.7121,20.2825],[83.697,20.3445],[83.6985,20.3648],[83.6454,20.384]]]},"properties":{"NAME_1":"Orissa","NAME_2":"Kalahandi"}},{"type":"Feature","geometry":{"type":"Polygon","coordinates":[[[84.3358,20.6692],[84.3273,20.6837],[84.3122,20.689],[84.2862,20.6825],[84.2715,20.669],[84.2679,20.635],[84.2548,20.6069],[84.2492,20.5996],[84.229,20.5896],[84.2146,20.5816],[84.1819,20.5853],[84.1617,20.596],[84.1528,20.5917],[84.1461,20.5838],[84.1112,20.5825],[84.097,20.5938],[84.0675,20.5927],[84.049,20.5902],[84.0091,20.5656],[83.9891,20.5669],[83.9785,20.5761],[83.9654,20.5809],[83.9427,20.5756],[83.9256,20.5889],[83.9213,20.6022],[83.9172,20.6053],[83.9132,20.6008],[83.9103,20.5975],[83.9077,20.575],[83.9045,20.5731],[83.8735,20.5748],[83.8512,20.5669],[83.8472,20.5538],[83.8356,20.5391],[83.8329,20.538],[83.8167,20.5422],[83.8075,20.5154],[83.8009,20.49],[83.8021,20.4806],[83.8043,20.474],[83.8113,20.4542],[83.8173,20.451],[83.8196,20.4445],[83.8121,20.4464],[83.7939,20.4274],[83.7873,20.4298],[83.7805,20.4377],[83.7753,20.4096],[83.7717,20.4065],[83.7587,20.4129],[83.7221,20.4277],[83.7083,20.4249],[83.6827,20.4111],[83.6591,20.4176],[83.6454,20.384],[83.6985,20.3648],[83.697,20.3445],[83.7121,20.2825],[83.7132,20.2332],[83.764,20.2025],[83.779,20.2067],[83.7835,20.1748],[83.7269,20.1434],[83.7037,20.0964],[83.6709,20.1066],[83.6283,20.0839],[83.5945,20.098],[83.5674,20.0818],[83.5652,20.0595],[83.5477,20.0455],[83.537,20.016],[83.5206,20.0108],[83.4958,19.9859],[83.4887,19.9535],[83.523,19.9434],[83.555,19.9185],[83.5206,19.8681],[83.5378,19.8365],[83.5816,19.8163],[83.6121,19.8085],[83.6149,19.7714],[83.6027,19.7513],[83.6209,19.7359],[83.6374,19.6969],[83.6301,19.6656],[83.6418,19.6511],[83.6678,19.6734],[83.6935,19.6794],[83.7331,19.6476],[83.7538,19.6678],[83.7603,19.7015],[83.8067,19.7101],[83.8362,19.7027],[83.8476,19.6814],[83.8666,19.6671],[83.8973,19.6653],[83.9132,19.6721],[83.9308,19.6616],[83.9359,19.6279],[83.9484,19.6264],[83.9688,19.6133],[83.9968,19.6195],[84.0155,19.6177],[84.0266,19.6247],[84.0406,19.6179],[84.0686,19.6161],[84.0782,19.6098],[84.0834,19.6093],[84.0845,19.618],[84.1123,19.6228],[84.1277,19.6205],[84.135,19.5962],[84.1392,19.586],[84.1506,19.574],[84.1573,19.5733],[84.1753,19.5791],[84.1933,19.5836],[84.2152,19.5687],[84.2316,19.5642],[84.2339,19.5677],[84.22,19.6183],[84.2399,19.6345],[84.1826,19.6957],[84.1962,19.7232],[84.1548,19.727],[84.1257,19.7728],[84.1596,19.7789],[84.167,19.8126],[84.195,19.8277],[84.1781,19.8528],[84.271,19.8713],[84.3008,19.8987],[84.3142,19.8698],[84.3761,19.8345],[84.4173,19.8278],[84.4536,19.8458],[84.4511,19.8973],[84.463,19.9321],[84.4269,19.9513],[84.4148,19.9477],[84.3702,19.959],[84.3524,19.9809],[84.3295,19.9706],[84.3175,19.981],[84.3263,20.0038],[84.3556,20.0235],[84.4085,20.0471],[84.395,20.0659],[84.4082,20.1133],[84.4192,20.1181],[84.4287,20.1493],[84.4223,20.179],[84.4394,20.2003],[84.4518,20.1817],[84.4464,20.1632],[84.472,20.1398],[84.4993,20.1338],[84.5576,20.1341],[84.5522,20.1545],[84.5803,20.1673],[84.5779,20.1843],[84.547,20.2272],[84.5387,20.2461],[84.539,20.2684],[84.5466,20.2812],[84.5324,20.3189],[84.5096,20.3145],[84.5048,20.3219],[84.5062,20.3338],[84.4994,20.3286],[84.4826,20.3325],[84.4786,20.3447],[84.497,20.3586],[84.5127,20.3772],[84.5087,20.379],[84.5061,20.3924],[84.4908,20.3911],[84.4806,20.3805],[84.4623,20.386],[84.4512,20.4236],[84.4587,20.4357],[84.4486,20.462],[84.433,20.4712],[84.4265,20.4911],[84.4238,20.5091],[84.4001,20.5181],[84.3863,20.5256],[84.3772,20.5507],[84.3767,20.5543],[84.3789,20.5966],[84.3643,20.6325],[84.3532,20.6635],[84.3358,20.6692]]]},"properties":{"NAME_1":"Orissa","NAME_2":"Kandhamal"}},{"type":"Feature","geometry":{"type":"MultiPolygon","coordinates":[[[[86.8707,20.7718],[86.8495,20.7743],[86.83,20.76],[86.8178,20.7178],[86.8015,20.6834],[86.7756,20.6508],[86.7856,20.6442],[86.8219,20.6471],[86.8035,20.6766],[86.828,20.6739],[86.8401,20.6541],[86.8535,20.6567],[86.8934,20.6955],[86.9354,20.7166],[87.0014,20.7158],[87.0069,20.7431],[86.9905,20.7717],[86.963,20.7667],[86.8906,20.7673],[86.8707,20.7718]]],[[[86.8161,20.7244],[86.7523,20.7409],[86.7484,20.7662],[86.7086,20.7561],[86.7074,20.7677],[86.6472,20.7919],[86.6208,20.7903],[86.6207,20.784],[86.6075,20.7699],[86.5677,20.7694],[86.5618,20.7685],[86.5577,20.7578],[86.5394,20.7474],[86.5415,20.7259],[86.5511,20.7321],[86.5558,20.7334],[86.5442,20.7133],[86.5531,20.7],[86.5421,20.6888],[86.5405,20.6877],[86.5178,20.6909],[86.5092,20.68],[86.5019,20.6799],[86.4906,20.6744],[86.4821,20.6728],[86.4727,20.6784],[86.4564,20.6738],[86.4534,20.6632],[86.4475,20.642],[86.4325,20.6391],[86.4173,20.6238],[86.4191,20.6219],[86.4179,20.619],[86.401,20.6195],[86.391,20.6008],[86.37,20.5878],[86.3437,20.6028],[86.3283,20.6033],[86.3262,20.611],[86.3132,20.6122],[86.3159,20.6046],[86.3176,20.5839],[86.3177,20.5797],[86.2901,20.58],[86.2785,20.5772],[86.2756,20.5708],[86.2725,20.5604],[86.2548,20.556],[86.2614,20.5459],[86.2549,20.5406],[86.2566,20.5242],[86.2636,20.5163],[86.2677,20.5043],[86.2673,20.5021],[86.2672,20.4811],[86.2639,20.476],[86.266,20.4553],[86.2735,20.4389],[86.2679,20.437],[86.2685,20.4193],[86.2716,20.419],[86.2748,20.4144],[86.2738,20.4109],[86.2695,20.3917],[86.2721,20.3945],[86.2757,20.3902],[86.2721,20.388],[86.2598,20.3814],[86.2481,20.371],[86.2495,20.3593],[86.2722,20.3653],[86.298,20.3487],[86.3262,20.3515],[86.3391,20.363],[86.3811,20.3496],[86.3932,20.3612],[86.4309,20.3321],[86.456,20.3262],[86.4726,20.3329],[86.5022,20.3262],[86.5242,20.3361],[86.5568,20.3201],[86.5927,20.3373],[86.6544,20.327],[86.6792,20.3137],[86.694,20.2929],[86.7085,20.2939],[86.7692,20.3311],[86.7897,20.3592],[86.7817,20.3883],[86.7492,20.4056],[86.7333,20.4033],[86.7333,20.455],[86.7595,20.5056],[86.7711,20.5044],[86.7844,20.5358],[86.8728,20.5983],[86.92,20.6267],[87.027,20.6963],[87.0064,20.6965],[86.97,20.7088],[86.9354,20.7111],[86.9008,20.6964],[86.8496,20.6524],[86.8433,20.6508],[86.8377,20.6565],[86.8261,20.6735],[86.8231,20.646],[86.8069,20.6433],[86.7667,20.6444],[86.7886,20.6753],[86.8007,20.7078],[86.8161,20.7244]]]]},"properties":{"NAME_1":"Orissa","NAME_2":"Kendrapara"}},{"type":"Feature","geometry":{"type":"Polygon","coordinates":[[[85.672,22.0515],[85.6724,22.0597],[85.6446,22.0903],[85.6312,22.0815],[85.5911,22.0744],[85.536,22.0944],[85.4858,22.1165],[85.457,22.1358],[85.4103,22.1561],[85.3632,22.1546],[85.3617,22.1248],[85.323,22.125],[85.2742,22.0801],[85.2411,22.0125],[85.2309,22.0003],[85.2304,21.9929],[85.2686,21.9558],[85.2933,21.9484],[85.3103,21.9543],[85.3413,21.9467],[85.368,21.9298],[85.3711,21.9057],[85.3542,21.8748],[85.3541,21.8479],[85.3375,21.8232],[85.3112,21.8146],[85.2759,21.8297],[85.2681,21.815],[85.2378,21.7995],[85.2211,21.8055],[85.1984,21.7639],[85.2074,21.7343],[85.1836,21.7132],[85.1879,21.6589],[85.205,21.6705],[85.242,21.6728],[85.2603,21.6358],[85.2621,21.6191],[85.2877,21.5729],[85.2989,21.5624],[85.2957,21.5347],[85.3113,21.5312],[85.3278,21.4768],[85.2939,21.441],[85.2623,21.4502],[85.2691,21.4223],[85.2992,21.4091],[85.3011,21.39],[85.3243,21.3779],[85.3376,21.3539],[85.3232,21.319],[85.3026,21.313],[85.2722,21.2878],[85.2679,21.27],[85.2941,21.2708],[85.3072,21.2588],[85.3365,21.2523],[85.3629,21.2356],[85.3889,21.1795],[85.4105,21.1662],[85.4572,21.1218],[85.4955,21.1082],[85.5427,21.1609],[85.5941,21.1318],[85.6116,21.1363],[85.6321,21.16],[85.6592,21.1607],[85.6786,21.1799],[85.7174,21.1551],[85.7227,21.1378],[85.7309,21.1331],[85.7522,21.1434],[85.7601,21.1375],[85.7641,21.1197],[85.7641,21.1107],[85.77,21.0982],[85.7761,21.096],[85.7875,21.0984],[85.8099,21.0889],[85.8241,21.0847],[85.8381,21.0893],[85.8768,21.0814],[85.9047,21.0842],[85.9165,21.0918],[85.9174,21.0964],[85.9276,21.129],[85.9315,21.1305],[85.9347,21.123],[85.9393,21.1264],[85.9409,21.1278],[85.9597,21.1335],[85.963,21.1312],[85.9701,21.1341],[85.9813,21.1324],[85.9837,21.1333],[85.9896,21.1358],[85.9997,21.1351],[86.0096,21.1351],[86.0161,21.1352],[86.0272,21.1358],[86.0261,21.1383],[86.0247,21.1413],[86.0332,21.1509],[86.0404,21.1486],[86.0725,21.1617],[86.076,21.1572],[86.0712,21.1424],[86.0721,21.1335],[86.0604,21.1158],[86.0559,21.1143],[86.0462,21.103],[86.0319,21.0873],[86.0297,21.0843],[86.0231,21.0672],[86.0324,21.0532],[86.0301,21.0409],[86.0326,21.0332],[86.0379,21.0275],[86.0427,21.0181],[86.0544,21.0159],[86.0767,21.0081],[86.0858,21.0251],[86.0903,21.0448],[86.1115,21.0585],[86.1294,21.0683],[86.1361,21.0679],[86.1729,21.0554],[86.1924,21.0497],[86.2032,21.0503],[86.2424,21.0319],[86.2566,21.0332],[86.2846,21.0125],[86.3015,21.0109],[86.2999,21.0173],[86.3136,21.0724],[86.3017,21.0817],[86.3023,21.0867],[86.3054,21.1055],[86.2859,21.1119],[86.2859,21.1224],[86.2777,21.1316],[86.2804,21.1558],[86.2821,21.1632],[86.2877,21.17],[86.3023,21.1643],[86.3091,21.1649],[86.3153,21.1693],[86.3211,21.1743],[86.3232,21.1712],[86.3284,21.1742],[86.3392,21.1845],[86.3506,21.2044],[86.3496,21.2116],[86.3496,21.2227],[86.3479,21.229],[86.37,21.2436],[86.3603,21.259],[86.3522,21.2761],[86.3565,21.2947],[86.3533,21.3142],[86.2943,21.3496],[86.2807,21.3698],[86.2499,21.346],[86.2153,21.307],[86.2051,21.2773],[86.1849,21.2678],[86.1458,21.2812],[86.1152,21.2664],[86.1032,21.2982],[86.0886,21.306],[86.1037,21.3285],[86.104,21.3444],[86.1368,21.398],[86.1582,21.4149],[86.1242,21.4659],[86.095,21.4855],[86.0046,21.5273],[86.0134,21.5536],[86.0426,21.5686],[86.075,21.6241],[86.0685,21.661],[86.0782,21.6803],[86.0555,21.6835],[86.0483,21.7043],[86.0198,21.6943],[86.0221,21.7185],[86.0088,21.7411],[85.9662,21.735],[85.9353,21.7577],[85.9007,21.7629],[85.8774,21.7896],[85.8336,21.8051],[85.8052,21.8076],[85.8071,21.8436],[85.7997,21.8829],[85.7848,21.9018],[85.79,21.9472],[85.7494,21.973],[85.7338,21.9891],[85.7095,21.9806],[85.6979,22.0033],[85.6659,22.0091],[85.658,22.0286],[85.672,22.0515]]]},"properties":{"NAME_1":"Orissa","NAME_2":"Keonjhar"}},{"type":"Feature","geometry":{"type":"Polygon","coordinates":[[[86.077,20.0987],[86.0472,20.1263],[86.0373,20.1726],[86.0204,20.1682],[86.0021,20.2167],[85.9552,20.2448],[85.946,20.2609],[85.9283,20.2654],[85.9161,20.3092],[85.9232,20.3212],[85.9109,20.3385],[85.8798,20.3504],[85.866,20.3326],[85.8788,20.2798],[85.7964,20.3181],[85.7999,20.3461],[85.8139,20.3603],[85.8214,20.3859],[85.811,20.4194],[85.7962,20.427],[85.7541,20.3973],[85.7268,20.4021],[85.7099,20.3924],[85.6958,20.3547],[85.6783,20.3331],[85.634,20.3121],[85.6207,20.2849],[85.5786,20.2938],[85.5191,20.2966],[85.5044,20.2839],[85.4553,20.2875],[85.4441,20.2564],[85.4157,20.2652],[85.4021,20.2491],[85.3895,20.2703],[85.3308,20.2652],[85.3288,20.2734],[85.3242,20.2678],[85.3214,20.2526],[85.3243,20.248],[85.3324,20.2472],[85.3368,20.244],[85.3178,20.2238],[85.25,20.2194],[85.2503,20.2075],[85.2127,20.2101],[85.2071,20.1945],[85.1952,20.1831],[85.2035,20.1638],[85.2082,20.1576],[85.2057,20.1514],[85.2009,20.1445],[85.2081,20.125],[85.2347,20.1073],[85.2461,20.1242],[85.2497,20.1255],[85.2648,20.1392],[85.2886,20.1466],[85.2954,20.1465],[85.3085,20.1513],[85.3178,20.166],[85.3414,20.1745],[85.3455,20.1811],[85.3521,20.1805],[85.3612,20.1615],[85.3558,20.1496],[85.35,20.1379],[85.3691,20.1382],[85.3817,20.1431],[85.3837,20.1313],[85.3893,20.1267],[85.4083,20.1202],[85.3963,20.0886],[85.3936,20.0845],[85.3847,20.0825],[85.3747,20.0768],[85.3773,20.0717],[85.3798,20.0541],[85.3861,20.0403],[85.3882,20.0401],[85.3919,20.0324],[85.3973,20.0257],[85.408,20.0238],[85.4074,20.0146],[85.4088,20.0131],[85.416,20.0166],[85.4246,20.0204],[85.4258,20.0109],[85.412,19.9963],[85.4175,19.9858],[85.4355,19.9829],[85.4475,19.9734],[85.4478,19.9564],[85.425,19.9304],[85.4162,19.9265],[85.389,19.9321],[85.3692,19.9441],[85.3573,19.9506],[85.3256,19.918],[85.2868,19.9131],[85.2712,19.905],[85.2615,19.9048],[85.239,19.8978],[85.2278,19.9017],[85.2039,19.9042],[85.1747,19.9017],[85.1609,19.8969],[85.1318,19.916],[85.1215,19.9258],[85.0845,19.9165],[85.0496,19.9073],[85.0223,19.8958],[84.9873,19.896],[84.9779,19.8979],[84.9529,19.8923],[84.9384,19.8903],[84.9338,19.8896],[84.9296,19.865],[84.9657,19.8453],[84.9777,19.8166],[85.003,19.7949],[85.0376,19.7986],[85.0707,19.7837],[85.0812,19.7589],[85.122,19.7411],[85.1691,19.6744],[85.1779,19.6674],[85.1993,19.6753],[85.1847,19.7001],[85.2133,19.7377],[85.2375,19.7398],[85.2469,19.7728],[85.2946,19.7896],[85.3217,19.793],[85.3379,19.8201],[85.3702,19.8312],[85.3905,19.8587],[85.4222,19.8857],[85.4435,19.8785],[85.4695,19.8837],[85.5294,19.8785],[85.5586,19.8467],[85.564,19.8965],[85.5608,19.909],[85.5167,19.9217],[85.5137,19.9291],[85.5035,19.9382],[85.5136,19.9614],[85.5255,19.9696],[85.5283,19.9592],[85.5469,19.9546],[85.5487,19.9536],[85.5552,19.9417],[85.5617,19.9459],[85.5604,19.9964],[85.5596,20.0043],[85.5758,20.0008],[85.5848,19.9928],[85.5887,19.9872],[85.609,20.0062],[85.6085,19.9879],[85.6136,19.9927],[85.6178,20.0054],[85.6161,20.0285],[85.6113,20.0344],[85.6145,20.0512],[85.622,20.061],[85.6368,20.072],[85.6583,20.0575],[85.6699,20.0615],[85.6742,20.064],[85.6756,20.0699],[85.6718,20.0718],[85.6716,20.0793],[85.6782,20.0984],[85.6721,20.1093],[85.6772,20.1243],[85.6835,20.1416],[85.7017,20.1371],[85.7143,20.1328],[85.7141,20.1259],[85.7187,20.1237],[85.7199,20.1266],[85.7193,20.1353],[85.741,20.1396],[85.7573,20.1445],[85.7584,20.147],[85.7582,20.1577],[85.7654,20.1604],[85.7799,20.1565],[85.7793,20.1543],[85.7909,20.1434],[85.7983,20.1465],[85.8007,20.1509],[85.8213,20.151],[85.8227,20.1542],[85.825,20.1678],[85.8279,20.1718],[85.8396,20.1673],[85.8517,20.1715],[85.8619,20.1829],[85.871,20.177],[85.8836,20.169],[85.8929,20.1326],[85.8847,20.1272],[85.8697,20.1148],[85.8798,20.1024],[85.8942,20.105],[85.8989,20.1205],[85.9104,20.1131],[85.9305,20.1078],[85.941,20.1059],[85.9422,20.1117],[85.9457,20.1119],[85.963,20.1086],[85.9835,20.1033],[85.9942,20.1027],[86.0021,20.1086],[86.0098,20.0974],[86.0271,20.0997],[86.0431,20.0983],[86.0478,20.0988],[86.0534,20.0999],[86.0577,20.1013],[86.077,20.0987]]]},"properties":{"NAME_1":"Orissa","NAME_2":"Khordha"}},{"type":"Feature","geometry":{"type":"Polygon","coordinates":[[[82.2185,19.2158],[82.2055,19.2318],[82.2003,19.2274],[82.1721,19.2088],[82.1612,19.2084],[82.1788,19.1589],[82.1681,19.1338],[82.191,19.1163],[82.2086,19.0785],[82.1941,19.0602],[82.2225,19.0211],[82.2396,18.9105],[82.2138,18.9121],[82.1708,18.8916],[82.158,18.852],[82.1649,18.8302],[82.1455,18.7733],[82.0913,18.7562],[82.0849,18.7327],[82.1086,18.7198],[82.1227,18.709],[82.1254,18.6973],[82.1393,18.6849],[82.1317,18.6666],[82.1457,18.653],[82.1531,18.6618],[82.1586,18.6441],[82.1674,18.6318],[82.1838,18.6236],[82.193,18.6436],[82.2036,18.6442],[82.2141,18.6601],[82.2258,18.6428],[82.2247,18.6175],[82.235,18.6039],[82.2501,18.5891],[82.299,18.5704],[82.3068,18.5707],[82.3223,18.5922],[82.3574,18.6158],[82.3923,18.601],[82.4109,18.5974],[82.4157,18.5983],[82.428,18.5949],[82.4409,18.5915],[82.4325,18.5569],[82.4264,18.5566],[82.4165,18.5536],[82.4022,18.5463],[82.3987,18.5099],[82.4083,18.496],[82.4192,18.4879],[82.4227,18.4862],[82.4291,18.4851],[82.474,18.5368],[82.4815,18.5151],[82.5231,18.5039],[82.5294,18.4429],[82.5538,18.4377],[82.5359,18.4083],[82.5352,18.3896],[82.556,18.3885],[82.6009,18.3661],[82.5897,18.3195],[82.5856,18.281],[82.5892,18.2567],[82.6095,18.2493],[82.6317,18.2285],[82.6649,18.2906],[82.6981,18.2963],[82.7026,18.3085],[82.7343,18.3133],[82.7671,18.3311],[82.7842,18.3542],[82.7779,18.3709],[82.7875,18.3902],[82.7762,18.4197],[82.7992,18.4394],[82.8187,18.4334],[82.891,18.3922],[82.8849,18.3786],[82.9027,18.3559],[82.9327,18.3514],[82.9764,18.3549],[82.992,18.375],[83.0116,18.3782],[83.0395,18.3701],[83.0658,18.3932],[83.0426,18.4183],[83.0373,18.4348],[83.0164,18.4477],[83.0518,18.4775],[83.0885,18.5328],[83.0715,18.5425],[83.0512,18.5349],[83.0255,18.5643],[83.0365,18.5776],[83.008,18.5884],[83.0203,18.6054],[83.0115,18.639],[83.051,18.6542],[83.0779,18.7053],[83.0881,18.7124],[83.133,18.7724],[83.1508,18.7587],[83.1685,18.7591],[83.1854,18.7441],[83.223,18.748],[83.2396,18.7588],[83.2661,18.757],[83.2795,18.7896],[83.36,18.8074],[83.3987,18.8335],[83.3878,18.871],[83.3477,18.921],[83.3628,18.9301],[83.3611,18.9534],[83.3269,18.9573],[83.3133,18.9666],[83.3078,18.9909],[83.3292,18.9882],[83.3409,19.0092],[83.3558,19.0418],[83.3388,19.0436],[83.3333,19.0938],[83.2916,19.1139],[83.2695,19.1066],[83.2548,19.0623],[83.2616,19.0489],[83.2522,19.0276],[83.231,19.0157],[83.2336,18.9649],[83.1987,18.968],[83.1824,19.0073],[83.1879,19.0633],[83.1814,19.0855],[83.1999,19.1229],[83.2363,19.119],[83.2419,19.1553],[83.1916,19.1568],[83.1943,19.1305],[83.1784,19.1069],[83.1297,19.1294],[83.1252,19.0908],[83.1021,19.1025],[83.0683,19.0736],[83.0558,19.0368],[83.0239,19.0498],[83.023,19.0732],[83.0024,19.091],[83.0016,19.1076],[82.9762,19.126],[82.9606,19.1542],[82.8971,19.1551],[82.871,19.1771],[82.8488,19.1967],[82.8485,19.1883],[82.8348,19.1932],[82.8328,19.1856],[82.8284,19.1825],[82.8272,19.1722],[82.8205,19.1715],[82.8203,19.1691],[82.8188,19.1619],[82.8218,19.1572],[82.8233,19.1436],[82.822,19.141],[82.8166,19.1448],[82.8103,19.1635],[82.8029,19.1528],[82.785,19.1492],[82.7807,19.1641],[82.7509,19.1666],[82.7485,19.1765],[82.7436,19.1756],[82.7338,19.1643],[82.7186,19.1576],[82.7155,19.1632],[82.716,19.1666],[82.6994,19.1793],[82.6856,19.1831],[82.6789,19.1801],[82.6755,19.181],[82.6616,19.1778],[82.6471,19.181],[82.6368,19.171],[82.6313,19.1655],[82.6354,19.1526],[82.6295,19.1416],[82.6235,19.1443],[82.6092,19.1559],[82.6059,19.1769],[82.5983,19.1757],[82.5924,19.184],[82.5839,19.1937],[82.5818,19.195],[82.574,19.189],[82.5708,19.1913],[82.5658,19.1968],[82.5597,19.1932],[82.5435,19.1991],[82.5453,19.1906],[82.5363,19.19],[82.5269,19.1969],[82.5221,19.1966],[82.5166,19.1931],[82.471,19.1731],[82.4544,19.1767],[82.4505,19.1722],[82.4393,19.1704],[82.4247,19.1652],[82.4067,19.1786],[82.4012,19.1777],[82.3976,19.1945],[82.3919,19.2018],[82.3807,19.1999],[82.366,19.1922],[82.3593,19.1977],[82.3428,19.1992],[82.3295,19.2074],[82.3246,19.2111],[82.3158,19.199],[82.2902,19.186],[82.2814,19.1923],[82.2717,19.1948],[82.2458,19.2087],[82.24,19.2169],[82.2297,19.217],[82.2207,19.2129],[82.2185,19.2158]]]},"properties":{"NAME_1":"Orissa","NAME_2":"Koraput"}},{"type":"Feature","geometry":{"type":"Polygon","coordinates":[[[82.0849,18.7327],[82.0786,18.7121],[82.058,18.7125],[82.0494,18.7176],[82.0395,18.717],[82.0156,18.7135],[81.9919,18.6977],[81.9677,18.6906],[81.9459,18.6464],[81.9483,18.6328],[81.9474,18.6288],[81.9155,18.6358],[81.9049,18.6464],[81.8948,18.652],[81.8854,18.6503],[81.8893,18.6411],[81.8878,18.6316],[81.8884,18.621],[81.913,18.6129],[81.9297,18.5964],[81.9385,18.5918],[81.9545,18.5867],[81.9469,18.5592],[81.9362,18.5577],[81.9255,18.5577],[81.9202,18.5573],[81.9132,18.5612],[81.9086,18.5642],[81.8998,18.549],[81.8987,18.5362],[81.8968,18.5284],[81.8826,18.5292],[81.8754,18.5214],[81.8708,18.5176],[81.863,18.5173],[81.853,18.5073],[81.8496,18.489],[81.7976,18.4398],[81.7621,18.4113],[81.7604,18.3998],[81.7461,18.3517],[81.7371,18.3442],[81.6992,18.3436],[81.6581,18.3393],[81.6492,18.331],[81.6494,18.3306],[81.6604,18.3158],[81.6587,18.3111],[81.6276,18.3049],[81.6159,18.3008],[81.5969,18.3021],[81.592,18.2975],[81.5862,18.2922],[81.574,18.2812],[81.5481,18.2621],[81.528,18.2591],[81.5229,18.2274],[81.5088,18.1925],[81.5048,18.1838],[81.5226,18.1573],[81.5158,18.1399],[81.5087,18.0924],[81.4968,18.0727],[81.4949,18.0627],[81.4739,18.0285],[81.4777,17.9935],[81.4731,17.9833],[81.4773,17.97],[81.4757,17.9671],[81.4548,17.9466],[81.4451,17.9255],[81.4459,17.9172],[81.4462,17.9103],[81.4437,17.8932],[81.4427,17.8852],[81.4373,17.8759],[81.436,17.8754],[81.4302,17.8747],[81.4117,17.8854],[81.399,17.8885],[81.3959,17.8876],[81.3895,17.8621],[81.3981,17.8468],[81.3974,17.8436],[81.3844,17.8258],[81.383,17.8206],[81.385,17.8066],[81.4093,17.8048],[81.4143,17.8164],[81.4376,17.8153],[81.4668,17.8249],[81.4727,17.8179],[81.4812,17.8029],[81.5539,17.8164],[81.5749,17.8273],[81.594,17.8191],[81.6157,17.822],[81.6366,17.8363],[81.6461,17.8469],[81.6527,17.8682],[81.6681,17.8784],[81.6883,17.8848],[81.7032,17.8611],[81.7583,17.8934],[81.786,17.9136],[81.7893,17.9214],[81.801,17.9361],[81.8397,17.9501],[81.8741,17.9598],[81.8851,17.9658],[81.9045,17.9735],[81.9137,17.9799],[81.9518,17.9921],[81.964,17.9999],[81.9731,18.0057],[81.9805,18.0113],[81.9889,18.0203],[82.0021,18.0282],[82.0066,18.0492],[82.0299,18.0565],[82.0452,18.0456],[82.0656,18.0489],[82.061,18.054],[82.0644,18.0584],[82.0699,18.0604],[82.0801,18.0604],[82.0892,18.0574],[82.108,18.054],[82.1106,18.0577],[82.1193,18.0512],[82.1304,18.0409],[82.1423,18.0436],[82.1603,18.0436],[82.1742,18.0155],[82.1851,18.0074],[82.1969,18.0087],[82.2308,17.9937],[82.2383,17.9839],[82.2532,17.9802],[82.2689,17.992],[82.2708,18.0107],[82.2582,18.0349],[82.2622,18.0363],[82.267,18.0483],[82.2789,18.0549],[82.2851,18.0594],[82.2878,18.0606],[82.2928,18.0543],[82.3011,18.044],[82.3132,18.0348],[82.317,18.036],[82.3173,18.0485],[82.3262,18.0465],[82.3249,18.0427],[82.3363,18.0473],[82.3369,18.0491],[82.3419,18.0713],[82.3432,18.0825],[82.3322,18.0941],[82.3303,18.119],[82.3334,18.1424],[82.3618,18.1292],[82.3652,18.1397],[82.3487,18.1618],[82.3193,18.1714],[82.3061,18.1957],[82.3213,18.2225],[82.331,18.2334],[82.3318,18.2468],[82.3339,18.2523],[82.3437,18.2717],[82.3671,18.2709],[82.3822,18.2843],[82.3884,18.3112],[82.3751,18.318],[82.3692,18.3178],[82.358,18.3082],[82.3487,18.3062],[82.3429,18.3073],[82.3344,18.3171],[82.3364,18.3201],[82.3502,18.3289],[82.3797,18.3574],[82.3811,18.3667],[82.3844,18.3724],[82.3749,18.3928],[82.3725,18.3981],[82.3776,18.422],[82.3807,18.4264],[82.3974,18.4516],[82.4269,18.477],[82.4227,18.4862],[82.4192,18.4879],[82.4083,18.496],[82.3987,18.5099],[82.4022,18.5463],[82.4165,18.5536],[82.4264,18.5566],[82.4325,18.5569],[82.4409,18.5915],[82.428,18.5949],[82.4157,18.5983],[82.4109,18.5974],[82.3923,18.601],[82.3574,18.6158],[82.3223,18.5922],[82.3068,18.5707],[82.299,18.5704],[82.2501,18.5891],[82.235,18.6039],[82.2247,18.6175],[82.2258,18.6428],[82.2141,18.6601],[82.2036,18.6442],[82.193,18.6436],[82.1838,18.6236],[82.1674,18.6318],[82.1586,18.6441],[82.1531,18.6618],[82.1457,18.653],[82.1317,18.6666],[82.1393,18.6849],[82.1254,18.6973],[82.1227,18.709],[82.1086,18.7198],[82.0849,18.7327]]]},"properties":{"NAME_1":"Orissa","NAME_2":"Malkangiri"}},{"type":"Feature","geometry":{"type":"Polygon","coordinates":[[[86.0916,22.5092],[86.0618,22.5485],[86.0534,22.5547],[86.0466,22.5579],[86.0183,22.5436],[86.0283,22.5343],[86.0154,22.5245],[86.0087,22.5186],[85.9959,22.509],[85.993,22.5089],[85.9807,22.5097],[85.967,22.486],[85.9668,22.4822],[85.9608,22.4786],[85.9535,22.456],[85.993,22.4221],[86.0087,22.4243],[86.0215,22.3818],[86.0169,22.3622],[85.9929,22.3382],[86.0204,22.3294],[86.0178,22.3046],[85.9698,22.2434],[85.9928,22.2155],[86.0267,22.1852],[85.9946,22.1318],[86.0026,22.113],[85.9426,22.0191],[85.9288,22.0194],[85.8942,21.9783],[85.8404,21.9765],[85.7843,21.9786],[85.7607,21.9897],[85.7561,22.0084],[85.7789,22.0363],[85.7703,22.0513],[85.7879,22.0772],[85.8144,22.0701],[85.8308,22.077],[85.802,22.1108],[85.7578,22.085],[85.7224,22.0581],[85.672,22.0515],[85.658,22.0286],[85.6659,22.0091],[85.6979,22.0033],[85.7095,21.9806],[85.7338,21.9891],[85.7494,21.973],[85.79,21.9472],[85.7848,21.9018],[85.7997,21.8829],[85.8071,21.8436],[85.8052,21.8076],[85.8336,21.8051],[85.8774,21.7896],[85.9007,21.7629],[85.9353,21.7577],[85.9662,21.735],[86.0088,21.7411],[86.0221,21.7185],[86.0198,21.6943],[86.0483,21.7043],[86.0555,21.6835],[86.0782,21.6803],[86.0685,21.661],[86.075,21.6241],[86.0426,21.5686],[86.0134,21.5536],[86.0046,21.5273],[86.095,21.4855],[86.1242,21.4659],[86.1582,21.4149],[86.1368,21.398],[86.104,21.3444],[86.1037,21.3285],[86.0886,21.306],[86.1032,21.2982],[86.1152,21.2664],[86.1458,21.2812],[86.1849,21.2678],[86.2051,21.2773],[86.2153,21.307],[86.2499,21.346],[86.2807,21.3698],[86.2943,21.3496],[86.3533,21.3142],[86.3565,21.2947],[86.3857,21.3084],[86.425,21.3307],[86.4349,21.3468],[86.4783,21.3705],[86.5297,21.4224],[86.5527,21.4598],[86.5802,21.5156],[86.594,21.5117],[86.6355,21.5285],[86.6465,21.5595],[86.6831,21.5888],[86.7495,21.6002],[86.7876,21.5926],[86.8079,21.6015],[86.825,21.5982],[86.8408,21.5955],[86.8527,21.5937],[86.8734,21.6134],[86.8738,21.63],[86.9034,21.5923],[86.9073,21.5782],[86.9078,21.5742],[86.9171,21.582],[86.9546,21.5701],[86.9488,21.5748],[86.9535,21.5878],[86.9578,21.5827],[87.0029,21.5932],[86.997,21.602],[86.9976,21.6081],[86.9913,21.6114],[86.9974,21.6199],[87.0039,21.6243],[87.0085,21.6382],[87.0037,21.6435],[86.9952,21.6452],[86.9862,21.646],[86.9849,21.6619],[87.0073,21.6689],[87.0147,21.6626],[87.0209,21.6657],[87.0204,21.6561],[87.0368,21.6707],[87.0496,21.6782],[87.0341,21.6908],[87.027,21.7151],[87.0226,21.7358],[87.0399,21.7281],[87.0401,21.7125],[87.0504,21.7023],[87.0675,21.7014],[87.0674,21.7056],[87.0682,21.7062],[87.0752,21.7065],[87.0746,21.7123],[87.0816,21.7199],[87.086,21.7172],[87.089,21.7244],[87.0818,21.7296],[87.0885,21.7283],[87.0922,21.7278],[87.0929,21.7297],[87.0903,21.7373],[87.1182,21.7499],[87.1026,21.7626],[87.1013,21.7783],[87.1071,21.7777],[87.1112,21.7822],[87.118,21.7725],[87.1217,21.7657],[87.1232,21.7664],[87.1223,21.7709],[87.1242,21.7708],[87.1334,21.7611],[87.1552,21.7633],[87.1574,21.7803],[87.1605,21.7827],[87.1669,21.7878],[87.1646,21.8008],[87.1699,21.8055],[87.1731,21.7904],[87.1749,21.786],[87.1764,21.7962],[87.1759,21.8033],[87.1664,21.8129],[87.161,21.8141],[87.1252,21.8326],[87.1009,21.8518],[87.0946,21.8603],[87.0302,21.8653],[87.02,21.8857],[86.9979,21.9075],[87.0055,21.9407],[87.0343,21.9892],[87.0223,22.0121],[87.0176,22.0413],[86.9952,22.0458],[86.9572,22.0834],[86.9088,22.0864],[86.8479,22.0984],[86.8062,22.1142],[86.8005,22.1459],[86.7903,22.1539],[86.7522,22.144],[86.7154,22.1435],[86.7128,22.1783],[86.7228,22.2152],[86.721,22.2168],[86.6822,22.2195],[86.6699,22.2368],[86.6651,22.2386],[86.6603,22.2342],[86.6511,22.2332],[86.6483,22.2532],[86.6414,22.2642],[86.6373,22.2662],[86.6272,22.2668],[86.6161,22.276],[86.6026,22.2784],[86.5899,22.2821],[86.5856,22.2909],[86.5822,22.291],[86.5743,22.2939],[86.5457,22.2989],[86.5232,22.3078],[86.5251,22.3124],[86.5196,22.3206],[86.5013,22.3315],[86.4746,22.3342],[86.4603,22.3264],[86.4495,22.3231],[86.4388,22.3165],[86.4244,22.3063],[86.4217,22.3139],[86.4013,22.3194],[86.3906,22.3253],[86.3527,22.3515],[86.3393,22.3661],[86.3199,22.3804],[86.3098,22.3973],[86.3007,22.4153],[86.2798,22.4455],[86.2596,22.4413],[86.2285,22.4496],[86.2115,22.4597],[86.2169,22.464],[86.2182,22.4682],[86.2165,22.465],[86.2024,22.4703],[86.1967,22.4677],[86.1555,22.4791],[86.1451,22.4751],[86.1014,22.4902],[86.0916,22.5092]]]},"properties":{"NAME_1":"Orissa","NAME_2":"Mayurbhanj"}},{"type":"Feature","geometry":{"type":"Polygon","coordinates":[[[82.01,20.0448],[81.9927,20.0478],[81.9736,20.0756],[81.9442,20.1016],[81.9339,20.0993],[81.8895,20.0433],[81.8738,20.0462],[81.8661,20.0352],[81.8655,20.0339],[81.8576,20.0091],[81.8516,19.9961],[81.8403,19.9551],[81.839,19.9455],[81.8488,19.9386],[81.8458,19.9149],[81.8584,19.8995],[81.8981,19.8785],[81.9394,19.8648],[81.9604,19.8547],[81.9574,19.836],[81.9702,19.8127],[81.9801,19.7958],[81.9993,19.7983],[82.0029,19.7985],[82.0522,19.7913],[82.0598,19.7831],[82.0554,19.761],[82.044,19.7377],[82.0443,19.7291],[82.0437,19.7139],[82.0416,19.7083],[82.0385,19.6928],[82.0468,19.6694],[82.0508,19.6316],[82.0485,19.6158],[82.0447,19.6108],[82.0373,19.5979],[82.034,19.5907],[82.0378,19.5772],[82.0426,19.558],[82.041,19.5257],[82.0302,19.5142],[82.0598,19.5036],[82.0708,19.5159],[82.0921,19.5098],[82.1018,19.4737],[82.0969,19.4611],[82.1193,19.4239],[82.1705,19.4295],[82.1831,19.4176],[82.1778,19.4056],[82.174,19.3769],[82.1508,19.3703],[82.1423,19.3482],[82.169,19.3372],[82.1775,19.3324],[82.1803,19.3322],[82.1737,19.3163],[82.1701,19.3025],[82.1685,19.2907],[82.151,19.2584],[82.1516,19.2236],[82.1612,19.2084],[82.1721,19.2088],[82.2003,19.2274],[82.2055,19.2318],[82.2185,19.2158],[82.2207,19.2129],[82.2297,19.217],[82.24,19.2169],[82.2458,19.2087],[82.2717,19.1948],[82.2814,19.1923],[82.2902,19.186],[82.3158,19.199],[82.3246,19.2111],[82.3295,19.2074],[82.3428,19.1992],[82.3593,19.1977],[82.366,19.1922],[82.3807,19.1999],[82.3919,19.2018],[82.3976,19.1945],[82.4012,19.1777],[82.4067,19.1786],[82.4247,19.1652],[82.4393,19.1704],[82.4505,19.1722],[82.4544,19.1767],[82.471,19.1731],[82.5166,19.1931],[82.5221,19.1966],[82.5269,19.1969],[82.5363,19.19],[82.5453,19.1906],[82.5435,19.1991],[82.5597,19.1932],[82.5658,19.1968],[82.5708,19.1913],[82.574,19.189],[82.5818,19.195],[82.5839,19.1937],[82.5924,19.184],[82.5983,19.1757],[82.6059,19.1769],[82.6092,19.1559],[82.6235,19.1443],[82.6295,19.1416],[82.6354,19.1526],[82.6313,19.1655],[82.6368,19.171],[82.6471,19.181],[82.6616,19.1778],[82.6755,19.181],[82.6789,19.1801],[82.6856,19.1831],[82.6994,19.1793],[82.716,19.1666],[82.7155,19.1632],[82.7186,19.1576],[82.7338,19.1643],[82.7436,19.1756],[82.7485,19.1765],[82.7509,19.1666],[82.7807,19.1641],[82.785,19.1492],[82.8029,19.1528],[82.8103,19.1635],[82.8166,19.1448],[82.822,19.141],[82.8233,19.1436],[82.8218,19.1572],[82.8188,19.1619],[82.8203,19.1691],[82.8205,19.1715],[82.8272,19.1722],[82.8284,19.1825],[82.8328,19.1856],[82.8348,19.1932],[82.8485,19.1883],[82.8483,19.1987],[82.8425,19.1991],[82.8407,19.2069],[82.8353,19.2231],[82.8277,19.2292],[82.8208,19.2292],[82.8183,19.2313],[82.8103,19.2242],[82.8192,19.2498],[82.8189,19.2518],[82.8234,19.2675],[82.8248,19.2806],[82.8254,19.2844],[82.8443,19.3025],[82.8361,19.3167],[82.8186,19.3152],[82.8001,19.3235],[82.7814,19.33],[82.7718,19.3349],[82.7628,19.3307],[82.7276,19.3399],[82.7133,19.3467],[82.7064,19.3713],[82.7022,19.3741],[82.7045,19.3898],[82.7016,19.3933],[82.7073,19.4013],[82.7054,19.4065],[82.7017,19.4123],[82.6818,19.4189],[82.6666,19.4342],[82.6541,19.4427],[82.6429,19.4547],[82.6263,19.4763],[82.6299,19.4848],[82.6376,19.5012],[82.6271,19.5069],[82.6152,19.5116],[82.6006,19.5143],[82.6062,19.5193],[82.6092,19.5324],[82.6037,19.5316],[82.5895,19.5331],[82.5813,19.5336],[82.5613,19.5371],[82.5595,19.5625],[82.5565,19.5654],[82.5242,19.5758],[82.5235,19.5785],[82.5294,19.5833],[82.5337,19.6107],[82.526,19.6192],[82.5279,19.6276],[82.5503,19.6406],[82.5645,19.6671],[82.5707,19.6744],[82.5627,19.6968],[82.5617,19.7021],[82.5666,19.7075],[82.5662,19.7281],[82.5935,19.747],[82.5851,19.771],[82.5813,19.7727],[82.5793,19.7847],[82.5778,19.7878],[82.5793,19.7972],[82.5716,19.802],[82.5718,19.8076],[82.5713,19.8224],[82.5742,19.832],[82.5815,19.8405],[82.5935,19.8645],[82.5667,19.8717],[82.5509,19.8746],[82.5443,19.869],[82.5364,19.8769],[82.518,19.8763],[82.5124,19.8841],[82.4985,19.8852],[82.4681,19.8995],[82.4424,19.903],[82.4209,19.8983],[82.3888,19.8818],[82.378,19.8687],[82.368,19.8545],[82.3574,19.8495],[82.3394,19.83],[82.3213,19.8519],[82.2982,19.8835],[82.2833,19.9181],[82.2617,19.9716],[82.2334,19.9959],[82.2195,19.9935],[82.2106,19.9908],[82.1842,19.9812],[82.1317,20.0127],[82.1214,20.0098],[82.1161,20.0104],[82.1027,20.0208],[82.0977,20.0234],[82.0932,20.0327],[82.083,20.0327],[82.0763,20.044],[82.0579,20.0499],[82.049,20.0352],[82.031,20.0229],[82.0316,20.0167],[82.0148,20.0195],[82.0143,20.0364],[82.01,20.0448]]]},"properties":{"NAME_1":"Orissa","NAME_2":"Nabarangpur"}},{"type":"Feature","geometry":{"type":"Polygon","coordinates":[[[84.7877,20.5752],[84.7897,20.5543],[84.7705,20.5298],[84.738,20.5344],[84.714,20.5197],[84.6932,20.4927],[84.6857,20.436],[84.6572,20.4193],[84.6154,20.4282],[84.5549,20.4068],[84.5451,20.4167],[84.5061,20.3924],[84.5087,20.379],[84.5127,20.3772],[84.497,20.3586],[84.4786,20.3447],[84.4826,20.3325],[84.4994,20.3286],[84.5062,20.3338],[84.5048,20.3219],[84.5096,20.3145],[84.5324,20.3189],[84.5466,20.2812],[84.539,20.2684],[84.5387,20.2461],[84.547,20.2272],[84.5779,20.1843],[84.5876,20.1732],[84.6004,20.1726],[84.6341,20.1929],[84.6434,20.2169],[84.6493,20.2291],[84.6607,20.2425],[84.6669,20.267],[84.69,20.2749],[84.7086,20.2665],[84.7372,20.2384],[84.7709,20.2363],[84.7856,20.2226],[84.8223,20.2158],[84.8286,20.2016],[84.8195,20.1634],[84.8192,20.1352],[84.8029,20.1088],[84.7985,20.1033],[84.802,20.0986],[84.7998,20.0938],[84.7939,20.0907],[84.7926,20.0875],[84.8043,20.0625],[84.8107,20.0557],[84.833,20.0437],[84.8502,20.0231],[84.8539,20.0012],[84.8563,19.9932],[84.888,19.9874],[84.8955,19.9858],[84.9081,19.9513],[84.9119,19.9425],[84.9113,19.9206],[84.8996,19.9068],[84.905,19.8979],[84.9254,19.8974],[84.9279,19.8941],[84.9384,19.8903],[84.9529,19.8923],[84.9779,19.8979],[84.9873,19.896],[85.0223,19.8958],[85.0496,19.9073],[85.0845,19.9165],[85.1215,19.9258],[85.1318,19.916],[85.1609,19.8969],[85.1747,19.9017],[85.2039,19.9042],[85.2278,19.9017],[85.239,19.8978],[85.2615,19.9048],[85.2712,19.905],[85.2868,19.9131],[85.3256,19.918],[85.3573,19.9506],[85.3692,19.9441],[85.389,19.9321],[85.4162,19.9265],[85.425,19.9304],[85.4478,19.9564],[85.4475,19.9734],[85.4355,19.9829],[85.4175,19.9858],[85.412,19.9963],[85.4258,20.0109],[85.4246,20.0204],[85.416,20.0166],[85.4088,20.0131],[85.4074,20.0146],[85.408,20.0238],[85.3973,20.0257],[85.3919,20.0324],[85.3882,20.0401],[85.3861,20.0403],[85.3798,20.0541],[85.3773,20.0717],[85.3747,20.0768],[85.3847,20.0825],[85.3936,20.0845],[85.3963,20.0886],[85.4083,20.1202],[85.3893,20.1267],[85.3837,20.1313],[85.3817,20.1431],[85.3691,20.1382],[85.35,20.1379],[85.3558,20.1496],[85.3612,20.1615],[85.3521,20.1805],[85.3455,20.1811],[85.3414,20.1745],[85.3178,20.166],[85.3085,20.1513],[85.2954,20.1465],[85.2886,20.1466],[85.2648,20.1392],[85.2497,20.1255],[85.2461,20.1242],[85.2347,20.1073],[85.2081,20.125],[85.2009,20.1445],[85.2057,20.1514],[85.2082,20.1576],[85.2035,20.1638],[85.1952,20.1831],[85.2071,20.1945],[85.2127,20.2101],[85.2503,20.2075],[85.25,20.2194],[85.3178,20.2238],[85.3368,20.244],[85.3324,20.2472],[85.3243,20.248],[85.3214,20.2526],[85.3242,20.2678],[85.3288,20.2734],[85.3394,20.2772],[85.3433,20.2826],[85.3499,20.2949],[85.346,20.3099],[85.3447,20.3131],[85.3476,20.3212],[85.353,20.3291],[85.3678,20.3437],[85.3666,20.3489],[85.3358,20.3506],[85.2719,20.351],[85.2499,20.359],[85.2289,20.3622],[85.2058,20.3669],[85.1793,20.3689],[85.1541,20.3716],[85.1274,20.3852],[85.1117,20.3996],[85.0974,20.4042],[85.0763,20.4087],[85.0458,20.4216],[85.0301,20.4337],[84.9935,20.4541],[84.9391,20.486],[84.8879,20.4902],[84.8783,20.4929],[84.8582,20.5077],[84.84,20.5276],[84.8189,20.5541],[84.7877,20.5752]]]},"properties":{"NAME_1":"Orissa","NAME_2":"Nayagarh"}},{"type":"Feature","geometry":{"type":"Polygon","coordinates":[[[82.6318,21.087],[82.6152,21.0752],[82.6091,21.0639],[82.6223,21.0366],[82.6044,21.0059],[82.5821,20.9868],[82.5781,20.9789],[82.5529,20.9415],[82.5031,20.9139],[82.4936,20.9093],[82.4831,20.8997],[82.4847,20.8796],[82.4814,20.8615],[82.4634,20.8397],[82.4625,20.8276],[82.4484,20.8222],[82.4411,20.8238],[82.4365,20.8295],[82.4155,20.8265],[82.4056,20.8372],[82.4074,20.8435],[82.4025,20.858],[82.3828,20.8699],[82.359,20.8665],[82.3592,20.8827],[82.3466,20.8838],[82.3412,20.8681],[82.334,20.8406],[82.3331,20.8197],[82.3369,20.7793],[82.3404,20.7467],[82.3394,20.7258],[82.3456,20.6949],[82.3607,20.6719],[82.3663,20.6203],[82.3558,20.6035],[82.348,20.6016],[82.3387,20.5943],[82.3384,20.5908],[82.3372,20.5652],[82.3278,20.562],[82.3264,20.5566],[82.3361,20.5432],[82.3585,20.5162],[82.3699,20.5139],[82.3812,20.5018],[82.3861,20.4755],[82.3896,20.4654],[82.4064,20.4661],[82.4161,20.4662],[82.4194,20.4573],[82.4177,20.4383],[82.423,20.4183],[82.4099,20.4027],[82.4106,20.3825],[82.398,20.3468],[82.3938,20.3355],[82.4224,20.3097],[82.4292,20.283],[82.4123,20.2699],[82.4084,20.2417],[82.4082,20.2206],[82.4076,20.1941],[82.4057,20.179],[82.3833,20.1605],[82.3789,20.1446],[82.3866,20.1334],[82.3907,20.1191],[82.3926,20.1082],[82.3903,20.0642],[82.4062,20.0463],[82.4248,20.0435],[82.4319,20.039],[82.4759,20.0301],[82.5021,20.0135],[82.5242,20.0104],[82.5436,20.0121],[82.5787,19.9956],[82.5984,19.9856],[82.6188,19.9916],[82.6363,19.9983],[82.681,19.9955],[82.6923,19.9924],[82.698,19.9927],[82.7232,20.0165],[82.7325,20.0438],[82.7489,20.0505],[82.7741,20.0819],[82.7828,20.0965],[82.804,20.0942],[82.8106,20.1035],[82.8139,20.1506],[82.8057,20.168],[82.8067,20.1756],[82.8107,20.1835],[82.8415,20.1914],[82.851,20.213],[82.8471,20.2341],[82.8549,20.2655],[82.8526,20.272],[82.843,20.2827],[82.8392,20.2829],[82.8349,20.2771],[82.8252,20.2761],[82.8069,20.2904],[82.8149,20.3019],[82.8147,20.3057],[82.8298,20.3158],[82.83,20.3046],[82.8308,20.3017],[82.8327,20.2902],[82.8399,20.2876],[82.8454,20.2925],[82.8456,20.3358],[82.8344,20.3321],[82.817,20.3418],[82.81,20.354],[82.8058,20.3425],[82.8039,20.3397],[82.8022,20.3349],[82.8058,20.3315],[82.7977,20.3161],[82.7869,20.3195],[82.7857,20.3421],[82.7938,20.3484],[82.8079,20.3595],[82.8049,20.3784],[82.7988,20.3795],[82.7882,20.3668],[82.7772,20.3645],[82.7638,20.3502],[82.7574,20.3499],[82.7455,20.3568],[82.7226,20.3522],[82.7122,20.353],[82.7093,20.3625],[82.7142,20.3659],[82.7182,20.3864],[82.7088,20.3977],[82.7056,20.4051],[82.6911,20.419],[82.6912,20.4229],[82.6904,20.4408],[82.6793,20.4458],[82.6843,20.4688],[82.6946,20.4818],[82.7003,20.5309],[82.706,20.5535],[82.7083,20.5662],[82.7226,20.5833],[82.7358,20.6189],[82.7253,20.6274],[82.7243,20.6377],[82.7167,20.6678],[82.6889,20.6768],[82.6883,20.6973],[82.6955,20.7219],[82.6828,20.7354],[82.6842,20.769],[82.6824,20.8284],[82.6804,20.8454],[82.6789,20.88],[82.6873,20.8925],[82.6898,20.916],[82.694,20.9369],[82.6823,20.969],[82.6841,20.9969],[82.6864,21.0184],[82.6542,21.0733],[82.6355,21.0841],[82.6318,21.087]]]},"properties":{"NAME_1":"Orissa","NAME_2":"Nuapada"}},{"type":"Feature","geometry":{"type":"MultiPolygon","coordinates":[[[[86.2752,20.042],[86.2734,20.0493],[86.2539,20.0464],[86.2881,20.0286],[86.2752,20.042]]],[[[85.8396,20.1673],[85.8279,20.1718],[85.825,20.1678],[85.8227,20.1542],[85.8213,20.151],[85.8007,20.1509],[85.7983,20.1465],[85.7909,20.1434],[85.7793,20.1543],[85.7799,20.1565],[85.7654,20.1604],[85.7582,20.1577],[85.7584,20.147],[85.7573,20.1445],[85.741,20.1396],[85.7193,20.1353],[85.7199,20.1266],[85.7187,20.1237],[85.7141,20.1259],[85.7143,20.1328],[85.7017,20.1371],[85.6835,20.1416],[85.6772,20.1243],[85.6721,20.1093],[85.6782,20.0984],[85.6716,20.0793],[85.6718,20.0718],[85.6756,20.0699],[85.6742,20.064],[85.6699,20.0615],[85.6583,20.0575],[85.6368,20.072],[85.622,20.061],[85.6145,20.0512],[85.6113,20.0344],[85.6161,20.0285],[85.6178,20.0054],[85.6136,19.9927],[85.6085,19.9879],[85.609,20.0062],[85.5887,19.9872],[85.5848,19.9928],[85.5758,20.0008],[85.5596,20.0043],[85.5604,19.9964],[85.5617,19.9459],[85.5552,19.9417],[85.5487,19.9536],[85.5469,19.9546],[85.5283,19.9592],[85.5255,19.9696],[85.5136,19.9614],[85.5035,19.9382],[85.5137,19.9291],[85.5167,19.9217],[85.5608,19.909],[85.564,19.8965],[85.5586,19.8467],[85.5294,19.8785],[85.4695,19.8837],[85.4435,19.8785],[85.4222,19.8857],[85.3905,19.8587],[85.3702,19.8312],[85.3379,19.8201],[85.3217,19.793],[85.2946,19.7896],[85.2469,19.7728],[85.2375,19.7398],[85.2133,19.7377],[85.1847,19.7001],[85.1993,19.6753],[85.1779,19.6674],[85.162,19.6576],[85.1588,19.6375],[85.1687,19.6222],[85.1365,19.6111],[85.1195,19.5804],[85.1481,19.5617],[85.1189,19.5546],[85.089,19.5157],[85.1026,19.4916],[85.1219,19.4964],[85.1165,19.4671],[85.1433,19.4834],[85.165,19.4617],[85.2953,19.5536],[85.3375,19.5797],[85.4192,19.6231],[85.4928,19.6542],[85.6805,19.7457],[85.8455,19.8012],[85.9533,19.83],[86.0451,19.8469],[86.0475,19.8517],[86.1317,19.8697],[86.228,19.9009],[86.2961,19.9355],[86.3627,19.9528],[86.3286,19.9786],[86.2949,20.0244],[86.2554,20.0184],[86.2419,20.0311],[86.2254,20.0343],[86.2208,20.0303],[86.1839,20.0457],[86.1551,20.038],[86.1291,20.0316],[86.1233,20.0324],[86.1146,20.0409],[86.1119,20.0591],[86.0846,20.0522],[86.0769,20.0769],[86.0862,20.084],[86.0577,20.1013],[86.0534,20.0999],[86.0478,20.0988],[86.0431,20.0983],[86.0271,20.0997],[86.0098,20.0974],[86.0021,20.1086],[85.9942,20.1027],[85.9835,20.1033],[85.963,20.1086],[85.9457,20.1119],[85.9422,20.1117],[85.941,20.1059],[85.9305,20.1078],[85.9104,20.1131],[85.8989,20.1205],[85.8942,20.105],[85.8798,20.1024],[85.8697,20.1148],[85.8847,20.1272],[85.8929,20.1326],[85.8836,20.169],[85.871,20.177],[85.8619,20.1829],[85.8517,20.1715],[85.8396,20.1673]]]]},"properties":{"NAME_1":"Orissa","NAME_2":"Puri"}},{"type":"Feature","geometry":{"type":"Polygon","coordinates":[[[83.4887,19.9535],[83.4414,19.9628],[83.4355,19.9271],[83.4011,19.9173],[83.4232,19.8633],[83.42,19.8382],[83.4355,19.7941],[83.4468,19.7818],[83.4483,19.7336],[83.4392,19.7133],[83.4076,19.6772],[83.3787,19.6605],[83.3659,19.6136],[83.3256,19.5896],[83.2955,19.5849],[83.2593,19.5921],[83.2504,19.5688],[83.2561,19.5453],[83.2376,19.4992],[83.2209,19.4966],[83.1976,19.4568],[83.1804,19.4571],[83.1778,19.4195],[83.1605,19.4254],[83.1421,19.4674],[83.1516,19.4788],[83.1278,19.5026],[83.1138,19.4943],[83.0694,19.5535],[83.0294,19.5439],[83.0193,19.5059],[82.9923,19.4917],[82.9828,19.4683],[82.984,19.4408],[82.9317,19.4433],[82.9292,19.4011],[82.9452,19.384],[82.94,19.3568],[82.9502,19.3444],[82.9497,19.3182],[82.911,19.2979],[82.8829,19.2475],[82.8944,19.2225],[82.871,19.1771],[82.8971,19.1551],[82.9606,19.1542],[82.9762,19.126],[83.0016,19.1076],[83.0024,19.091],[83.023,19.0732],[83.0239,19.0498],[83.0558,19.0368],[83.0683,19.0736],[83.1021,19.1025],[83.1252,19.0908],[83.1297,19.1294],[83.1784,19.1069],[83.1943,19.1305],[83.1916,19.1568],[83.2419,19.1553],[83.2363,19.119],[83.1999,19.1229],[83.1814,19.0855],[83.1879,19.0633],[83.1824,19.0073],[83.1987,18.968],[83.2336,18.9649],[83.231,19.0157],[83.2522,19.0276],[83.2616,19.0489],[83.2548,19.0623],[83.2695,19.1066],[83.2916,19.1139],[83.3333,19.0938],[83.3388,19.0436],[83.3558,19.0418],[83.3409,19.0092],[83.3623,18.9947],[83.4089,18.9962],[83.4148,18.9779],[83.4427,18.9477],[83.4623,18.9592],[83.4485,18.9996],[83.4746,19.0003],[83.4774,19.0255],[83.4654,19.0362],[83.4594,19.0697],[83.477,19.0753],[83.4925,19.055],[83.5054,19.0648],[83.5137,19.0248],[83.5348,19.0286],[83.5515,19.0504],[83.5788,19.0498],[83.5822,19.0756],[83.6044,19.0929],[83.5943,19.1203],[83.6191,19.1419],[83.6447,19.1133],[83.6569,19.0749],[83.6844,19.0439],[83.6998,19.015],[83.7057,18.9852],[83.7263,18.9756],[83.7458,18.9182],[83.7705,18.9016],[83.7772,18.9191],[83.7615,18.9446],[83.7504,18.9444],[83.7411,18.9839],[83.7675,18.9984],[83.7757,19.009],[83.7815,19.0098],[83.7883,19.0078],[83.8002,19.0229],[83.8104,19.0209],[83.8165,19.0104],[83.8243,19.0003],[83.8451,18.9923],[83.8522,18.9754],[83.8859,18.9734],[83.9059,19.009],[83.9257,19.0037],[83.938,18.9922],[83.9445,18.9806],[83.9597,18.9801],[83.9721,18.999],[83.9804,19.0119],[83.9783,19.0165],[83.9577,19.0361],[83.9559,19.046],[83.964,19.0572],[83.9694,19.0605],[83.9917,19.0574],[83.998,19.0504],[84.0114,19.0424],[84.0226,19.0455],[84.021,19.0606],[84.006,19.0851],[84.0074,19.1194],[84.0231,19.1282],[84.0078,19.134],[84.0049,19.133],[83.9918,19.1414],[83.9796,19.1507],[83.9763,19.1554],[83.9836,19.1659],[83.9853,19.1786],[83.9905,19.1825],[83.9765,19.205],[83.983,19.2147],[83.9896,19.2367],[84.0036,19.2434],[84.0079,19.2576],[84.012,19.2687],[84.0076,19.2969],[84.02,19.3284],[84.0217,19.3317],[84.0191,19.3462],[84.0099,19.3663],[83.992,19.3775],[83.9777,19.3733],[83.9617,19.3781],[83.9569,19.3865],[83.943,19.3881],[83.9368,19.4122],[83.9552,19.4411],[83.9622,19.4526],[83.9637,19.4645],[83.9713,19.478],[83.9605,19.4866],[83.9542,19.4986],[83.9698,19.5229],[83.9367,19.5426],[83.9271,19.5642],[83.9233,19.6015],[83.9199,19.6231],[83.9359,19.6279],[83.9308,19.6616],[83.9132,19.6721],[83.8973,19.6653],[83.8666,19.6671],[83.8476,19.6814],[83.8362,19.7027],[83.8067,19.7101],[83.7603,19.7015],[83.7538,19.6678],[83.7331,19.6476],[83.6935,19.6794],[83.6678,19.6734],[83.6418,19.6511],[83.6301,19.6656],[83.6374,19.6969],[83.6209,19.7359],[83.6027,19.7513],[83.6149,19.7714],[83.6121,19.8085],[83.5816,19.8163],[83.5378,19.8365],[83.5206,19.8681],[83.555,19.9185],[83.523,19.9434],[83.4887,19.9535]]]},"properties":{"NAME_1":"Orissa","NAME_2":"Rayagada"}},{"type":"Feature","geometry":{"type":"Polygon","coordinates":[[[84.6719,21.7324],[84.6711,21.75],[84.6481,21.7629],[84.6071,21.761],[84.5869,21.754],[84.5668,21.7631],[84.5586,21.7879],[84.522,21.8097],[84.5198,21.8236],[84.5321,21.857],[84.5219,21.885],[84.4901,21.912],[84.5158,21.9195],[84.5158,21.9529],[84.5223,21.9703],[84.4972,21.9747],[84.5015,22.0077],[84.5233,22.0414],[84.507,22.05],[84.4952,22.0842],[84.4898,22.1326],[84.4714,22.1857],[84.4144,22.1694],[84.3773,22.1443],[84.3595,22.1462],[84.3192,22.1215],[84.2721,22.105],[84.2597,22.0735],[84.2667,22.0548],[84.2628,22.011],[84.2829,22.0138],[84.2851,22.0163],[84.2927,22.0307],[84.3389,22.0319],[84.3508,22.0334],[84.3824,22.0209],[84.3745,21.9784],[84.3704,21.9512],[84.3584,21.9293],[84.3232,21.8626],[84.323,21.8381],[84.3193,21.8309],[84.3073,21.814],[84.3043,21.8067],[84.2937,21.7956],[84.2882,21.7819],[84.285,21.7707],[84.2797,21.7585],[84.2614,21.7568],[84.2543,21.7621],[84.2308,21.7593],[84.2143,21.763],[84.205,21.7559],[84.1833,21.7508],[84.1553,21.7655],[84.1083,21.7857],[84.0766,21.7705],[84.0619,21.771],[84.0372,21.7582],[84.0317,21.7558],[84.0263,21.7629],[84.0238,21.768],[84.016,21.7782],[84.008,21.7829],[83.9938,21.7653],[83.9839,21.7486],[83.9704,21.7569],[83.963,21.7625],[83.9597,21.7486],[83.9464,21.7395],[83.9372,21.7244],[83.9662,21.7054],[83.9615,21.6878],[83.9743,21.5918],[83.9572,21.5676],[83.9243,21.5736],[83.8942,21.5701],[83.853,21.5837],[83.8291,21.5855],[83.8075,21.5877],[83.7997,21.571],[83.7931,21.563],[83.8083,21.5362],[83.8398,21.5238],[83.8656,21.4719],[83.8798,21.4351],[83.8769,21.4239],[83.8427,21.4123],[83.8447,21.4008],[83.8739,21.3863],[83.876,21.3456],[83.8646,21.3067],[83.9064,21.2419],[83.9052,21.2223],[83.8885,21.174],[83.9003,21.1726],[83.9448,21.1437],[83.9798,21.1254],[83.9812,21.1105],[83.9847,21.1086],[83.9855,21.0861],[83.9866,21.0739],[83.9921,21.0666],[83.9938,21.0661],[84.0132,21.0507],[84.0284,21.0502],[84.0482,21.0449],[84.0745,21.0449],[84.1286,21.0315],[84.1414,21.0229],[84.1517,20.9876],[84.1494,20.9783],[84.1541,20.9709],[84.1674,20.9691],[84.1878,20.9718],[84.2059,20.9591],[84.221,20.9306],[84.2589,20.9201],[84.276,20.9222],[84.3254,20.9472],[84.3585,20.9541],[84.4006,20.974],[84.4097,20.9966],[84.4784,21.0777],[84.5286,21.0837],[84.5652,21.0609],[84.5931,21.0616],[84.6244,21.0776],[84.6643,21.0815],[84.6657,21.1024],[84.679,21.1441],[84.6952,21.1505],[84.719,21.1444],[84.7387,21.166],[84.7422,21.1789],[84.7349,21.1945],[84.7238,21.1959],[84.7201,21.1991],[84.7181,21.2152],[84.732,21.2262],[84.7433,21.2297],[84.7549,21.231],[84.7625,21.2423],[84.766,21.2501],[84.7519,21.2556],[84.7599,21.2702],[84.7348,21.2882],[84.7292,21.298],[84.7108,21.3131],[84.6854,21.3184],[84.666,21.3134],[84.6614,21.3045],[84.6479,21.298],[84.6414,21.2882],[84.6331,21.2841],[84.6313,21.2793],[84.5997,21.2598],[84.5699,21.2497],[84.5634,21.2563],[84.567,21.2598],[84.5639,21.3147],[84.559,21.3241],[84.5485,21.3502],[84.5425,21.3702],[84.5157,21.3768],[84.5123,21.3698],[84.497,21.3699],[84.4937,21.3613],[84.4847,21.366],[84.4893,21.3758],[84.4873,21.3858],[84.4759,21.3914],[84.4865,21.4109],[84.4756,21.4225],[84.4875,21.4434],[84.4818,21.4608],[84.4728,21.4787],[84.49,21.4913],[84.4786,21.5097],[84.4981,21.5354],[84.505,21.558],[84.5232,21.5673],[84.5381,21.5683],[84.5457,21.5786],[84.5665,21.5779],[84.5553,21.5876],[84.54,21.5973],[84.5322,21.6035],[84.521,21.6214],[84.5105,21.6179],[84.4849,21.6366],[84.4949,21.6709],[84.5068,21.6824],[84.5312,21.6745],[84.5568,21.6904],[84.5722,21.6989],[84.6212,21.6935],[84.6366,21.7231],[84.6324,21.7358],[84.6455,21.7384],[84.6681,21.7342],[84.6719,21.7324]]]},"properties":{"NAME_1":"Orissa","NAME_2":"Sambalpur"}},{"type":"Feature","geometry":{"type":"Polygon","coordinates":[[[83.9798,21.1254],[83.9448,21.1437],[83.9003,21.1726],[83.8885,21.174],[83.8805,21.1727],[83.8555,21.1301],[83.8447,21.102],[83.8347,21.0927],[83.8157,21.099],[83.7897,21.1154],[83.7783,21.148],[83.763,21.1509],[83.7184,21.1214],[83.711,21.1169],[83.6813,21.113],[83.6597,21.1222],[83.6066,21.125],[83.5925,21.1066],[83.5567,21.0811],[83.5359,21.0677],[83.5083,21.0564],[83.4905,21.0578],[83.4925,21.0435],[83.4918,21.0376],[83.4888,21.0371],[83.4772,21.0456],[83.4663,21.0524],[83.4522,21.051],[83.4523,21.0454],[83.443,21.0193],[83.4541,21.0051],[83.4637,20.9935],[83.4888,20.9902],[83.4972,20.9821],[83.5064,20.9778],[83.5258,20.9809],[83.5405,20.9764],[83.5682,20.9709],[83.5905,20.9773],[83.6187,20.9812],[83.6339,20.978],[83.6305,20.9645],[83.6294,20.9624],[83.6196,20.9493],[83.6103,20.932],[83.607,20.9256],[83.61,20.9237],[83.6084,20.9132],[83.6107,20.9102],[83.6147,20.9043],[83.6137,20.8993],[83.5967,20.8886],[83.5683,20.8599],[83.5684,20.8428],[83.5994,20.8318],[83.6184,20.8222],[83.617,20.8114],[83.611,20.8131],[83.5911,20.811],[83.5942,20.8043],[83.5977,20.7966],[83.6242,20.7945],[83.6311,20.7792],[83.6431,20.7698],[83.6517,20.765],[83.6521,20.7565],[83.6463,20.7472],[83.663,20.742],[83.6706,20.7375],[83.663,20.722],[83.6509,20.6955],[83.6395,20.6801],[83.6254,20.6575],[83.6212,20.645],[83.6036,20.614],[83.5886,20.5987],[83.5941,20.5844],[83.5947,20.5788],[83.594,20.5707],[83.5952,20.5645],[83.5883,20.545],[83.5883,20.5369],[83.5991,20.5248],[83.6454,20.5349],[83.6819,20.5555],[83.7243,20.6012],[83.7261,20.6199],[83.7115,20.6352],[83.7322,20.6699],[83.7371,20.6926],[83.7523,20.7106],[83.7562,20.7702],[83.781,20.7978],[83.8448,20.8186],[83.8626,20.8095],[83.8978,20.8142],[83.9277,20.834],[83.9842,20.8372],[84.0201,20.8314],[84.0314,20.8223],[84.1059,20.8407],[84.1443,20.8651],[84.211,20.8967],[84.2607,20.8843],[84.2597,20.8943],[84.2685,20.9134],[84.2589,20.9201],[84.221,20.9306],[84.2059,20.9591],[84.1878,20.9718],[84.1674,20.9691],[84.1541,20.9709],[84.1494,20.9783],[84.1517,20.9876],[84.1414,21.0229],[84.1286,21.0315],[84.0745,21.0449],[84.0482,21.0449],[84.0284,21.0502],[84.0132,21.0507],[83.9938,21.0661],[83.9921,21.0666],[83.9866,21.0739],[83.9855,21.0861],[83.9847,21.1086],[83.9812,21.1105],[83.9798,21.1254]]]},"properties":{"NAME_1":"Orissa","NAME_2":"Sonepur"}},{"type":"Feature","geometry":{"type":"Polygon","coordinates":[[[84.0025,22.5209],[83.9766,22.5184],[83.9761,22.5022],[84.013,22.4852],[84.0416,22.4641],[84.04,22.4329],[84.0144,22.4041],[84.0012,22.3697],[83.967,22.3578],[83.9155,22.3597],[83.897,22.3397],[83.861,22.3438],[83.8225,22.3156],[83.8208,22.296],[83.7975,22.2895],[83.7713,22.2573],[83.7457,22.2412],[83.693,22.2455],[83.6574,22.2248],[83.6458,22.2246],[83.6193,22.1964],[83.6059,22.1576],[83.5573,22.1],[83.6003,22.0655],[83.5835,22.055],[83.5384,22.0554],[83.534,22.0223],[83.5486,22.0067],[83.5352,21.9635],[83.5577,21.9439],[83.5534,21.9322],[83.5878,21.9261],[83.6005,21.9108],[83.5715,21.8719],[83.5841,21.8528],[83.5735,21.8297],[83.5777,21.8266],[83.5931,21.8285],[83.6013,21.8296],[83.6062,21.8363],[83.6224,21.8407],[83.6407,21.8125],[83.6756,21.8035],[83.6838,21.7958],[83.6887,21.7883],[83.7128,21.7836],[83.7148,21.7834],[83.7269,21.8014],[83.7617,21.8363],[83.7755,21.8534],[83.7936,21.866],[83.8073,21.8523],[83.8043,21.8583],[83.8095,21.8803],[83.8335,21.892],[83.8542,21.9057],[83.8474,21.9198],[83.8737,21.9211],[83.8897,21.9434],[83.9543,21.9384],[83.9599,21.923],[83.974,21.9033],[84.0091,21.9324],[84.0223,21.9499],[84.0448,21.9407],[84.053,21.9346],[84.0603,21.9324],[84.0718,21.9342],[84.0749,21.9535],[84.0825,21.9641],[84.0791,21.9776],[84.0835,21.9876],[84.0913,21.9946],[84.0984,21.9944],[84.1144,22.0081],[84.1176,22.0032],[84.1212,22.001],[84.1386,21.9973],[84.1422,21.9953],[84.1714,21.9921],[84.1964,21.981],[84.2155,21.9738],[84.24,21.9797],[84.2491,21.9941],[84.2519,21.9972],[84.2584,22.0043],[84.2628,22.011],[84.2667,22.0548],[84.2597,22.0735],[84.2721,22.105],[84.3192,22.1215],[84.3595,22.1462],[84.3773,22.1443],[84.4144,22.1694],[84.4714,22.1857],[84.4898,22.1326],[84.4952,22.0842],[84.507,22.05],[84.5233,22.0414],[84.5015,22.0077],[84.4972,21.9747],[84.5223,21.9703],[84.5158,21.9529],[84.5158,21.9195],[84.4901,21.912],[84.5219,21.885],[84.5321,21.857],[84.5198,21.8236],[84.522,21.8097],[84.5586,21.7879],[84.5668,21.7631],[84.5869,21.754],[84.6071,21.761],[84.6481,21.7629],[84.6711,21.75],[84.6719,21.7324],[84.6784,21.7245],[84.6914,21.7028],[84.7141,21.711],[84.7245,21.6909],[84.7383,21.6685],[84.7448,21.6572],[84.7491,21.624],[84.7598,21.619],[84.7817,21.6251],[84.7793,21.6414],[84.7867,21.6644],[84.8047,21.6588],[84.8519,21.6552],[84.8594,21.6482],[84.8954,21.6549],[84.9023,21.6648],[84.9362,21.6557],[84.9508,21.6657],[84.9506,21.6739],[84.9642,21.6768],[84.981,21.677],[84.994,21.6779],[85.0213,21.6674],[85.0239,21.6432],[85.024,21.6276],[85.0273,21.6214],[85.0309,21.6187],[85.0339,21.6138],[85.0456,21.5846],[85.0622,21.5931],[85.0818,21.5991],[85.0932,21.5943],[85.1073,21.5888],[85.1442,21.5896],[85.1483,21.6003],[85.1852,21.6196],[85.1879,21.6589],[85.1836,21.7132],[85.2074,21.7343],[85.1984,21.7639],[85.2211,21.8055],[85.2378,21.7995],[85.2681,21.815],[85.2759,21.8297],[85.3112,21.8146],[85.3375,21.8232],[85.3541,21.8479],[85.3542,21.8748],[85.3711,21.9057],[85.368,21.9298],[85.3413,21.9467],[85.3103,21.9543],[85.2933,21.9484],[85.2686,21.9558],[85.2304,21.9929],[85.2309,22.0003],[85.2149,22.0107],[85.2107,22.0432],[85.1408,22.0736],[85.1189,22.0665],[85.099,22.0961],[85.0439,22.1107],[85.02,22.1034],[85.0023,22.0799],[84.9805,22.0913],[85.0237,22.112],[85.0312,22.1374],[85.0254,22.154],[85.0469,22.1858],[85.0695,22.2306],[85.0705,22.2722],[85.1053,22.2911],[85.114,22.3142],[85.0859,22.317],[85.093,22.3411],[85.0741,22.3486],[85.0831,22.3784],[85.0746,22.4135],[85.057,22.4447],[85.0711,22.4559],[85.0625,22.4784],[85.0514,22.4794],[85.0422,22.4769],[85.0354,22.4773],[85.0316,22.4698],[85.0216,22.4671],[84.9602,22.4437],[84.9534,22.4455],[84.9408,22.4474],[84.9314,22.4396],[84.9182,22.4286],[84.9199,22.426],[84.9077,22.4196],[84.8802,22.4176],[84.8795,22.4322],[84.8753,22.4412],[84.8637,22.4345],[84.8357,22.4276],[84.8325,22.4264],[84.8284,22.4292],[84.8127,22.4316],[84.8012,22.4437],[84.7527,22.442],[84.7439,22.4148],[84.7113,22.4139],[84.6815,22.4149],[84.6616,22.4139],[84.6321,22.4286],[84.6136,22.4276],[84.5722,22.423],[84.5266,22.42],[84.5058,22.4162],[84.5018,22.4153],[84.4745,22.4017],[84.476,22.3935],[84.4802,22.3872],[84.4776,22.3837],[84.4557,22.3752],[84.4314,22.36],[84.4261,22.3488],[84.3945,22.3439],[84.3776,22.3459],[84.3674,22.3496],[84.3591,22.345],[84.2892,22.3373],[84.2609,22.3537],[84.2466,22.3737],[84.1941,22.3718],[84.1834,22.3837],[84.1752,22.3889],[84.1423,22.4154],[84.1331,22.4453],[84.1375,22.4572],[84.1349,22.4709],[84.1256,22.4736],[84.1021,22.4773],[84.0792,22.4889],[84.0671,22.4981],[84.0667,22.5022],[84.0576,22.5102],[84.0331,22.5121],[84.0191,22.5211],[84.0025,22.5209]]]},"properties":{"NAME_1":"Orissa","NAME_2":"Sundargarh"}}]}