{"type":"FeatureCollection","features":[{"type":"Feature","geometry":{"type":"Polygon","coordinates":[[[77.9004,27.2608],[77.9042,27.2873],[77.8937,27.2975],[77.8591,27.2914],[77.8583,27.284],[77.8766,27.2732],[77.8716,27.258],[77.856,27.2541],[77.8388,27.2939],[77.8062,27.2669],[77.7846,27.2614],[77.7721,27.2392],[77.7542,27.2489],[77.7295,27.2475],[77.6931,27.2576],[77.6732,27.2436],[77.6391,27.2471],[77.642,27.2148],[77.673,27.2004],[77.6546,27.1756],[77.6148,27.1748],[77.5924,27.1401],[77.5973,27.1291],[77.5444,27.1156],[77.5182,27.0881],[77.5265,27.0665],[77.5463,27.0807],[77.5657,27.078],[77.5589,27.0488],[77.5988,27.0288],[77.657,27.0227],[77.6708,27.0489],[77.7036,27.0003],[77.6919,26.979],[77.6423,26.9673],[77.5798,26.9309],[77.4825,26.9038],[77.4552,26.8896],[77.4505,26.875],[77.4225,26.867],[77.4175,26.8428],[77.4392,26.8192],[77.4286,26.7858],[77.4643,26.7696],[77.4483,26.7467],[77.4804,26.7539],[77.4933,26.767],[77.481,26.7878],[77.498,26.8479],[77.5137,26.8451],[77.5207,26.822],[77.5648,26.8246],[77.5721,26.832],[77.6085,26.8345],[77.6249,26.8467],[77.6573,26.8564],[77.6717,26.8741],[77.7158,26.8813],[77.7108,26.903],[77.7239,26.923],[77.7651,26.938],[77.7889,26.9223],[77.8053,26.9285],[77.8715,26.9055],[77.8901,26.8895],[77.9096,26.9143],[77.942,26.8998],[77.963,26.9126],[77.9751,26.8975],[77.9919,26.9109],[78.0141,26.9084],[78.0354,26.8746],[78.0443,26.8845],[78.0422,26.9154],[78.0605,26.9159],[78.0868,26.902],[78.1127,26.9275],[78.1149,26.9549],[78.1395,26.9571],[78.1905,26.9468],[78.2327,26.9337],[78.2612,26.9318],[78.2482,26.9006],[78.2266,26.8826],[78.2049,26.8774],[78.2098,26.8361],[78.223,26.8372],[78.2556,26.8203],[78.2678,26.8497],[78.2821,26.8641],[78.3412,26.874],[78.3625,26.8713],[78.3856,26.8279],[78.4259,26.8323],[78.4581,26.7952],[78.5156,26.7851],[78.535,26.7717],[78.5658,26.7577],[78.602,26.7561],[78.6204,26.7752],[78.659,26.7692],[78.6774,26.7924],[78.7153,26.8002],[78.7411,26.7925],[78.7707,26.7642],[78.7851,26.8033],[78.8337,26.8002],[78.8428,26.8152],[78.7994,26.8749],[78.7742,26.8707],[78.7591,26.91],[78.7399,26.9201],[78.7261,26.9259],[78.6676,26.9226],[78.6648,26.8841],[78.6363,26.8851],[78.6241,26.9131],[78.6001,26.9348],[78.5843,26.9308],[78.5674,26.9495],[78.5645,26.969],[78.5368,26.9677],[78.5181,26.9815],[78.5075,26.9631],[78.4784,26.9719],[78.4739,26.9997],[78.4432,26.9899],[78.4409,27.0132],[78.4246,27.0472],[78.3832,27.0618],[78.3554,27.0851],[78.3233,27.0768],[78.3072,27.0999],[78.3608,27.1276],[78.3352,27.131],[78.2904,27.1257],[78.284,27.0877],[78.2182,27.0816],[78.2172,27.1027],[78.2,27.1109],[78.1939,27.1357],[78.211,27.1625],[78.1972,27.1866],[78.1587,27.1816],[78.1046,27.1858],[78.0865,27.2063],[78.0733,27.2057],[78.0317,27.1829],[78.0216,27.1958],[78.0295,27.2155],[78.0215,27.2517],[78.0028,27.2689],[77.9789,27.2717],[77.9809,27.2454],[77.9547,27.2457],[77.9543,27.2698],[77.9547,27.2852],[77.9531,27.298],[77.9511,27.2995],[77.949,27.299],[77.933,27.2811],[77.9247,27.2728],[77.9238,27.2686],[77.9334,27.2482],[77.903,27.2441],[77.9004,27.2608]]]},"properties":{"NAME_1":"Uttar Pradesh","NAME_2":"Agra"}},{"type":"Feature","geometry":{"type":"Polygon","coordinates":[[[78.4758,28.1301],[78.4516,28.1035],[78.4187,28.0998],[78.3824,28.1268],[78.3758,28.1457],[78.342,28.1546],[78.326,28.1355],[78.2967,28.1241],[78.2503,28.1217],[78.2218,28.1055],[78.2108,28.1145],[78.1884,28.092],[78.167,28.0913],[78.15,28.0751],[78.1339,28.0771],[78.1276,28.1098],[78.098,28.1138],[78.0642,28.1323],[78.0401,28.1354],[78.0238,28.1161],[77.9774,28.0861],[77.9097,28.0994],[77.8603,28.1361],[77.8356,28.1775],[77.8,28.1588],[77.8043,28.1457],[77.762,28.138],[77.7531,28.1571],[77.7266,28.1291],[77.7273,28.0943],[77.6876,28.0847],[77.666,28.1091],[77.6487,28.1177],[77.6321,28.0995],[77.6098,28.1002],[77.5991,28.1141],[77.5631,28.0851],[77.47,28.0837],[77.4829,28.0607],[77.4776,28.0491],[77.5352,27.9933],[77.5096,27.9733],[77.5359,27.9655],[77.5361,27.9493],[77.5192,27.9319],[77.5475,27.9181],[77.5804,27.9401],[77.6169,27.9415],[77.6349,27.9705],[77.6693,27.9474],[77.7052,27.9487],[77.7279,27.9357],[77.7521,27.9099],[77.7651,27.8722],[77.7881,27.8298],[77.8067,27.819],[77.8046,27.7965],[77.825,27.7586],[77.8009,27.7561],[77.7877,27.7392],[77.791,27.7033],[77.785,27.69],[77.8418,27.6591],[77.8534,27.6226],[77.8459,27.608],[77.8631,27.5812],[77.8903,27.5875],[77.9004,27.5916],[77.9203,27.608],[77.9315,27.61],[77.9502,27.6181],[77.9579,27.6122],[77.9909,27.6077],[77.9768,27.6286],[77.9839,27.6429],[77.9909,27.6469],[78.0111,27.6486],[78.0062,27.6609],[78.0134,27.6736],[77.9908,27.7036],[77.9942,27.7134],[78.0033,27.7304],[77.9967,27.7341],[78.0139,27.7428],[78.0211,27.7393],[78.0249,27.7543],[78.0112,27.7593],[78.01,27.7633],[78.0183,27.772],[78.0336,27.7783],[78.0386,27.7899],[78.0616,27.7869],[78.0618,27.7744],[78.0734,27.777],[78.0936,27.7719],[78.111,27.7715],[78.1184,27.7768],[78.1257,27.7744],[78.1378,27.7711],[78.1446,27.7658],[78.1695,27.7623],[78.1669,27.7452],[78.1737,27.7296],[78.165,27.7214],[78.1929,27.7026],[78.2098,27.692],[78.2235,27.6983],[78.2661,27.6663],[78.3219,27.669],[78.3618,27.6903],[78.3857,27.7249],[78.399,27.7594],[78.448,27.8279],[78.4519,27.82],[78.4625,27.8148],[78.4658,27.8144],[78.4941,27.8045],[78.5074,27.8175],[78.5044,27.8464],[78.484,27.8607],[78.5207,27.9101],[78.5423,27.9152],[78.5658,27.9429],[78.5902,27.9863],[78.5986,28.0358],[78.6104,28.0449],[78.6062,28.0619],[78.5668,28.0841],[78.5399,28.0692],[78.494,28.0993],[78.4937,28.1163],[78.4758,28.1301]]]},"properties":{"NAME_1":"Uttar Pradesh","NAME_2":"Aligarh"}},{"type":"Feature","geometry":{"type":"Polygon","coordinates":[[[82.1472,25.6826],[82.1154,25.6845],[82.1018,25.6575],[82.0542,25.6624],[82.0521,25.687],[82.0285,25.6946],[82.0176,25.7122],[82.031,25.7287],[82.0123,25.7467],[81.98,25.7512],[81.9729,25.7392],[81.9371,25.7437],[81.923,25.7551],[81.9087,25.7175],[81.8344,25.7292],[81.8187,25.7456],[81.7971,25.7525],[81.7459,25.7373],[81.7479,25.6969],[81.7421,25.6723],[81.7153,25.678],[81.7148,25.6477],[81.6991,25.6363],[81.6732,25.6337],[81.6509,25.6157],[81.6298,25.6337],[81.6294,25.6676],[81.6027,25.6712],[81.6135,25.6461],[81.6026,25.6229],[81.6056,25.5965],[81.6402,25.5823],[81.6449,25.5378],[81.6582,25.5172],[81.6829,25.5111],[81.7155,25.515],[81.7515,25.4805],[81.7893,25.4733],[81.8235,25.4849],[81.8612,25.5162],[81.904,25.4731],[81.8841,25.4372],[81.8105,25.4125],[81.7868,25.377],[81.8079,25.3453],[81.7804,25.3227],[81.7525,25.3461],[81.6834,25.3587],[81.6277,25.3542],[81.5416,25.2936],[81.5559,25.2423],[81.5175,25.2381],[81.5125,25.1974],[81.534,25.1883],[81.5664,25.1957],[81.588,25.1838],[81.5818,25.1683],[81.6197,25.1556],[81.5921,25.1364],[81.6168,25.1226],[81.632,25.1033],[81.5945,25.0769],[81.6219,25.0569],[81.6468,25.075],[81.6778,25.0647],[81.6819,25.0438],[81.7054,25.0379],[81.7164,25.053],[81.7917,25.01],[81.8294,25.0193],[81.8463,25.0071],[81.8735,25.0021],[81.9016,24.9828],[81.9103,24.9205],[81.8985,24.9052],[81.9027,24.8841],[81.9284,24.8731],[81.9267,24.8608],[81.965,24.8414],[82.0049,24.8507],[82.1,24.8099],[82.076,24.8354],[82.1301,24.8864],[82.1363,24.9077],[82.1607,24.8932],[82.2029,24.9411],[82.2175,24.9359],[82.2335,24.9662],[82.2562,24.9693],[82.2969,25.0222],[82.2888,25.0523],[82.319,25.0784],[82.2955,25.1145],[82.2964,25.1307],[82.2827,25.1534],[82.2622,25.1645],[82.2604,25.1747],[82.261,25.1824],[82.261,25.1836],[82.2605,25.185],[82.2578,25.1858],[82.2544,25.1854],[82.2492,25.184],[82.2404,25.1838],[82.2272,25.1835],[82.2243,25.1838],[82.2179,25.1849],[82.2076,25.1866],[82.1964,25.1934],[82.1934,25.1972],[82.1884,25.2072],[82.1931,25.2383],[82.197,25.243],[82.1993,25.2465],[82.2005,25.248],[82.2023,25.2511],[82.2061,25.2569],[82.2093,25.2645],[82.2109,25.2686],[82.2131,25.2764],[82.2139,25.2786],[82.222,25.2777],[82.2295,25.2772],[82.2404,25.2773],[82.244,25.2769],[82.2466,25.2796],[82.25,25.2867],[82.2505,25.2879],[82.2536,25.2925],[82.2555,25.2955],[82.2586,25.2962],[82.2608,25.2964],[82.264,25.297],[82.2651,25.2976],[82.2687,25.2991],[82.272,25.3011],[82.2765,25.3026],[82.2782,25.3026],[82.2818,25.3029],[82.285,25.3056],[82.2861,25.3064],[82.2911,25.309],[82.2929,25.3104],[82.2936,25.3112],[82.2948,25.3144],[82.2946,25.3171],[82.2948,25.3279],[82.2957,25.3294],[82.3002,25.3309],[82.3037,25.3316],[82.3102,25.3413],[82.3079,25.3559],[82.3075,25.3601],[82.3003,25.37],[82.3002,25.3725],[82.3024,25.3741],[82.3086,25.3793],[82.31,25.3816],[82.3083,25.3891],[82.3065,25.3892],[82.3039,25.3893],[82.3048,25.3913],[82.3114,25.3995],[82.3173,25.3965],[82.3217,25.4042],[82.322,25.4049],[82.328,25.4044],[82.333,25.404],[82.338,25.4093],[82.3404,25.4133],[82.3447,25.4218],[82.3411,25.4304],[82.3398,25.4324],[82.3362,25.4381],[82.3354,25.44],[82.3318,25.4466],[82.3283,25.452],[82.3255,25.4528],[82.3201,25.4526],[82.3154,25.4578],[82.3064,25.462],[82.3028,25.4631],[82.304,25.4748],[82.3042,25.4765],[82.2998,25.4877],[82.2966,25.4877],[82.2794,25.486],[82.2768,25.4883],[82.2753,25.4907],[82.2753,25.4945],[82.2795,25.503],[82.2816,25.5033],[82.291,25.4998],[82.2967,25.4985],[82.3037,25.5005],[82.3067,25.5024],[82.3066,25.5086],[82.3019,25.5118],[82.2994,25.5131],[82.2893,25.5158],[82.2873,25.5189],[82.2889,25.5217],[82.2906,25.5232],[82.2955,25.5246],[82.2971,25.5249],[82.3067,25.5259],[82.3077,25.5256],[82.3106,25.5208],[82.3135,25.5143],[82.3153,25.5097],[82.3172,25.5059],[82.3238,25.5038],[82.3255,25.5056],[82.3308,25.5155],[82.328,25.5185],[82.3236,25.5243],[82.3198,25.5292],[82.3186,25.5358],[82.3217,25.5392],[82.2773,25.5556],[82.2421,25.5827],[82.2199,25.5912],[82.1739,25.5847],[82.1466,25.6036],[82.1122,25.6469],[82.1317,25.6555],[82.1472,25.6826]]]},"properties":{"NAME_1":"Uttar Pradesh","NAME_2":"Allahabad"}},{"type":"Feature","geometry":{"type":"Polygon","coordinates":[[[82.8937,26.5443],[82.864,26.5412],[82.8048,26.5779],[82.7558,26.562],[82.704,26.5588],[82.678,26.578],[82.6554,26.6084],[82.6021,26.6046],[82.5699,26.6079],[82.5344,26.6289],[82.4985,26.6386],[82.4689,26.6562],[82.4594,26.633],[82.4677,26.6116],[82.4454,26.6067],[82.4585,26.5862],[82.4211,26.5502],[82.408,26.5608],[82.3814,26.5473],[82.3697,26.5766],[82.3295,26.5807],[82.3046,26.531],[82.3012,26.5069],[82.2811,26.4867],[82.2697,26.4583],[82.2365,26.4253],[82.2116,26.4114],[82.2401,26.3957],[82.2609,26.4064],[82.2709,26.3927],[82.2928,26.4066],[82.3284,26.3858],[82.3778,26.3793],[82.3911,26.3614],[82.3934,26.3304],[82.4107,26.3232],[82.4607,26.2869],[82.4839,26.2844],[82.5062,26.2949],[82.5208,26.2831],[82.5435,26.2875],[82.5723,26.2605],[82.5941,26.2639],[82.629,26.2492],[82.6711,26.259],[82.691,26.272],[82.7261,26.251],[82.7599,26.2162],[82.7711,26.1977],[82.8283,26.1842],[82.8513,26.1703],[82.8815,26.1842],[82.8522,26.2117],[82.8774,26.2551],[82.8665,26.2793],[82.865,26.3145],[82.8878,26.35],[82.8657,26.3591],[82.8754,26.3865],[82.909,26.3953],[82.9098,26.4288],[82.9403,26.4535],[82.9577,26.4459],[82.9472,26.4066],[82.9699,26.3728],[82.9593,26.3586],[83.0281,26.3258],[83.0395,26.2939],[83.0684,26.2851],[83.1019,26.2876],[83.1057,26.3592],[83.1256,26.3881],[83.0743,26.3964],[83.0614,26.4112],[83.048,26.4241],[83.0396,26.4356],[83.0152,26.4774],[83.0093,26.4819],[82.9653,26.4972],[82.9466,26.5094],[82.9257,26.5197],[82.8937,26.5443]]]},"properties":{"NAME_1":"Uttar Pradesh","NAME_2":"Ambedkar Nagar"}},{"type":"Feature","geometry":{"type":"Polygon","coordinates":[[[79.7499,26.7889],[79.7341,26.8155],[79.7169,26.8078],[79.6922,26.8296],[79.6893,26.8441],[79.656,26.8708],[79.6519,26.8941],[79.6015,26.8978],[79.5513,26.8664],[79.521,26.877],[79.4536,26.9086],[79.4294,26.9468],[79.3847,26.9322],[79.3501,26.9523],[79.3409,26.94],[79.3347,26.9185],[79.3383,26.8929],[79.3294,26.8572],[79.3397,26.8391],[79.3174,26.7737],[79.3287,26.7652],[79.3335,26.7309],[79.2985,26.6986],[79.3114,26.6628],[79.3027,26.646],[79.2492,26.614],[79.2138,26.5736],[79.2137,26.5555],[79.1646,26.5319],[79.1607,26.5042],[79.1292,26.5132],[79.1118,26.503],[79.0785,26.505],[79.0643,26.4868],[79.0471,26.4614],[79.0691,26.4465],[79.0929,26.4573],[79.1268,26.4448],[79.1788,26.4363],[79.2429,26.4334],[79.284,26.448],[79.3033,26.4222],[79.333,26.4069],[79.3562,26.4112],[79.4276,26.437],[79.4655,26.4367],[79.4775,26.4252],[79.4821,26.3944],[79.495,26.3693],[79.5387,26.4088],[79.5539,26.415],[79.571,26.4537],[79.5934,26.4731],[79.5919,26.4872],[79.6305,26.5135],[79.6311,26.5559],[79.6408,26.5759],[79.6271,26.5848],[79.6334,26.6118],[79.6655,26.62],[79.7025,26.6542],[79.7141,26.6711],[79.7075,26.7107],[79.6675,26.7485],[79.7074,26.7547],[79.7341,26.7702],[79.7499,26.7889]]]},"properties":{"NAME_1":"Uttar Pradesh","NAME_2":"Auraiya"}},{"type":"Feature","geometry":{"type":"Polygon","coordinates":[[[83.1256,26.3881],[83.1057,26.3592],[83.1019,26.2876],[83.0684,26.2851],[83.0395,26.2939],[83.0281,26.3258],[82.9593,26.3586],[82.9699,26.3728],[82.9472,26.4066],[82.9577,26.4459],[82.9403,26.4535],[82.9098,26.4288],[82.909,26.3953],[82.8754,26.3865],[82.8657,26.3591],[82.8878,26.35],[82.865,26.3145],[82.8665,26.2793],[82.8774,26.2551],[82.8522,26.2117],[82.8815,26.1842],[82.8513,26.1703],[82.8283,26.1842],[82.7711,26.1977],[82.7599,26.2162],[82.7261,26.251],[82.691,26.272],[82.6711,26.259],[82.665,26.2349],[82.6804,26.2153],[82.6799,26.1789],[82.6731,26.1547],[82.6596,26.1441],[82.6717,26.11],[82.6981,26.0973],[82.692,26.0746],[82.7125,26.0454],[82.7187,25.9926],[82.7521,25.9345],[82.7666,25.8843],[82.7492,25.84],[82.7778,25.8282],[82.7989,25.8051],[82.7972,25.7913],[82.8162,25.7744],[82.8393,25.7672],[82.8903,25.7757],[82.9222,25.7533],[82.9149,25.7419],[82.9371,25.707],[82.9559,25.7049],[82.9771,25.6821],[82.9956,25.711],[83.0325,25.7035],[83.0343,25.692],[83.0661,25.6855],[83.0585,25.6542],[83.0807,25.6597],[83.1395,25.6559],[83.1765,25.6754],[83.1827,25.6996],[83.2334,25.7086],[83.2063,25.7346],[83.2127,25.7621],[83.2599,25.7789],[83.2773,25.7624],[83.3071,25.7888],[83.3166,25.8156],[83.3373,25.8168],[83.3322,25.832],[83.2991,25.8617],[83.2749,25.8709],[83.2256,25.859],[83.2125,25.88],[83.1907,25.8757],[83.1695,25.9073],[83.1709,25.9302],[83.2027,25.9456],[83.1998,25.9872],[83.1919,26.0093],[83.2058,26.0632],[83.2528,26.0982],[83.2551,26.1286],[83.2851,26.1295],[83.2898,26.1167],[83.3696,26.0811],[83.3975,26.0977],[83.4129,26.1421],[83.4009,26.1705],[83.4248,26.2099],[83.4621,26.2611],[83.4892,26.265],[83.4989,26.28],[83.4686,26.2837],[83.4317,26.2737],[83.3919,26.2871],[83.3921,26.2992],[83.328,26.3531],[83.3179,26.3481],[83.279,26.3614],[83.2218,26.3963],[83.1541,26.3999],[83.1256,26.3881]]]},"properties":{"NAME_1":"Uttar Pradesh","NAME_2":"Azamgarh"}},{"type":"Feature","geometry":{"type":"Polygon","coordinates":[[[78.9094,28.4855],[78.8599,28.487],[78.8071,28.4513],[78.787,28.433],[78.7444,28.3825],[78.7209,28.3908],[78.6964,28.3829],[78.6697,28.3521],[78.6496,28.3529],[78.6282,28.3393],[78.5871,28.3573],[78.5683,28.3496],[78.5503,28.3628],[78.5149,28.3639],[78.4831,28.3864],[78.4839,28.421],[78.4471,28.4423],[78.4331,28.4727],[78.405,28.4673],[78.369,28.474],[78.3365,28.4406],[78.2997,28.4403],[78.2805,28.409],[78.2738,28.3779],[78.2998,28.3277],[78.3118,28.2951],[78.3261,28.2818],[78.3643,28.2684],[78.3721,28.2453],[78.4006,28.2026],[78.4382,28.1739],[78.4558,28.1466],[78.4758,28.1301],[78.4937,28.1163],[78.494,28.0993],[78.5399,28.0692],[78.5668,28.0841],[78.6062,28.0619],[78.6104,28.0449],[78.6287,28.0516],[78.6613,28.041],[78.6701,28.0067],[78.6925,27.9983],[78.7176,27.9671],[78.7514,27.9556],[78.8076,27.9583],[78.8183,27.9424],[78.8612,27.9165],[78.8792,27.9229],[78.9131,27.8815],[78.9108,27.8571],[78.955,27.8568],[78.9771,27.8792],[79.0062,27.864],[79.0119,27.8483],[79.0365,27.8429],[79.0624,27.8495],[79.0916,27.8379],[79.113,27.8532],[79.1527,27.825],[79.1592,27.7853],[79.2017,27.7453],[79.1992,27.713],[79.2351,27.7037],[79.2499,27.6898],[79.2881,27.6737],[79.3016,27.6763],[79.3401,27.6583],[79.3278,27.74],[79.3394,27.7603],[79.345,27.7919],[79.3647,27.823],[79.3851,27.8244],[79.4495,27.8547],[79.4759,27.8533],[79.457,27.8794],[79.4502,27.902],[79.4593,27.9329],[79.4799,27.9485],[79.4615,27.9677],[79.4661,27.9905],[79.4855,28.0057],[79.4869,28.0265],[79.4706,28.0509],[79.4888,28.0721],[79.4882,28.1138],[79.4482,28.1411],[79.4128,28.1748],[79.3768,28.1816],[79.3248,28.1605],[79.3037,28.1829],[79.2611,28.1703],[79.2312,28.1879],[79.2038,28.1942],[79.1853,28.181],[79.1368,28.1967],[79.1186,28.1952],[79.107,28.21],[79.1143,28.2341],[79.0845,28.2531],[79.0907,28.2827],[79.0589,28.3364],[79.0657,28.3597],[79.0401,28.3806],[78.9893,28.3909],[78.9667,28.4265],[78.9266,28.4553],[78.9094,28.4855]]]},"properties":{"NAME_1":"Uttar Pradesh","NAME_2":"Badaun"}},{"type":"Feature","geometry":{"type":"Polygon","coordinates":[[[77.4781,29.2023],[77.4745,29.2052],[77.4624,29.2171],[77.4504,29.2291],[77.4457,29.2312],[77.432,29.2316],[77.3852,29.2534],[77.378,29.2521],[77.3729,29.2425],[77.3714,29.2412],[77.3442,29.2446],[77.3212,29.2535],[77.3118,29.2611],[77.2984,29.2663],[77.2874,29.2626],[77.275,29.2703],[77.2712,29.2719],[77.2431,29.2838],[77.2287,29.2853],[77.196,29.2794],[77.1756,29.2925],[77.1494,29.2991],[77.1423,29.3015],[77.1295,29.2728],[77.1428,29.2378],[77.1272,29.2281],[77.14,29.1821],[77.1324,29.1718],[77.1266,29.154],[77.1362,29.1278],[77.1244,29.1015],[77.1318,29.0946],[77.1572,29.0775],[77.1616,29.0524],[77.1916,29.0213],[77.2142,29.006],[77.2079,28.9911],[77.191,28.9617],[77.1901,28.9557],[77.2054,28.9365],[77.1968,28.9209],[77.2169,28.9003],[77.1991,28.8927],[77.178,28.8856],[77.1869,28.8668],[77.2048,28.8629],[77.2173,28.8353],[77.225,28.8332],[77.2343,28.8265],[77.2479,28.8294],[77.2659,28.8383],[77.2813,28.8371],[77.2857,28.8336],[77.2942,28.8066],[77.3077,28.7978],[77.3176,28.8041],[77.3223,28.8059],[77.3531,28.807],[77.3549,28.7966],[77.3974,28.782],[77.4024,28.7966],[77.3947,28.8152],[77.3877,28.8337],[77.407,28.8412],[77.4091,28.8491],[77.3985,28.8805],[77.4246,28.9046],[77.4307,28.9198],[77.4334,28.9272],[77.4363,28.9305],[77.4492,28.9312],[77.454,28.9335],[77.4688,28.9662],[77.4706,28.9727],[77.4724,28.9944],[77.4538,29.025],[77.4434,29.0351],[77.4438,29.0419],[77.4451,29.068],[77.4415,29.0792],[77.4397,29.0977],[77.4397,29.119],[77.4781,29.2023]]]},"properties":{"NAME_1":"Uttar Pradesh","NAME_2":"Baghpat"}},{"type":"Feature","geometry":{"type":"MultiPolygon","coordinates":[[[[81.7571,27.943],[81.704,27.9865],[81.6946,27.9894],[81.7056,27.9804],[81.7097,27.9771],[81.7272,27.9619],[81.729,27.9599],[81.757,27.9376],[81.7679,27.9286],[81.7681,27.9279],[81.7703,27.9255],[81.7958,27.9072],[81.804,27.9054],[81.764,27.9374],[81.7571,27.943]]],[[[81.65,27.9933],[81.5884,28.025],[81.5491,28.049],[81.4802,28.0825],[81.4858,28.1181],[81.4518,28.1408],[81.4488,28.1602],[81.4125,28.1746],[81.3769,28.1769],[81.3731,28.1422],[81.3198,28.1334],[81.3224,28.1972],[81.2822,28.2347],[81.2345,28.2889],[81.2363,28.3246],[81.2124,28.3605],[81.0911,28.382],[81.0727,28.3917],[81.0466,28.4095],[81.0261,28.3713],[81.05,28.3484],[81.0261,28.3001],[81.0506,28.2762],[81.0575,28.2409],[81.0906,28.2204],[81.1167,28.1743],[81.1528,28.1444],[81.1762,28.1146],[81.1475,28.0734],[81.1559,28.0502],[81.2134,27.9939],[81.2331,27.9799],[81.2392,27.9589],[81.269,27.9484],[81.2879,27.9303],[81.2952,27.91],[81.2682,27.8894],[81.2749,27.8561],[81.2941,27.819],[81.2713,27.8134],[81.2844,27.7889],[81.2736,27.7702],[81.2854,27.7585],[81.2953,27.7232],[81.2842,27.7063],[81.2897,27.6915],[81.2927,27.6865],[81.3054,27.6757],[81.309,27.6434],[81.2949,27.6086],[81.3099,27.6002],[81.3144,27.557],[81.3076,27.5448],[81.3104,27.507],[81.3232,27.4967],[81.323,27.4708],[81.3426,27.4466],[81.3406,27.4325],[81.3629,27.4166],[81.368,27.4007],[81.4073,27.3653],[81.4019,27.3417],[81.4337,27.314],[81.4266,27.2689],[81.4314,27.2236],[81.451,27.1889],[81.4322,27.1758],[81.4381,27.1388],[81.4496,27.117],[81.4694,27.1067],[81.4707,27.075],[81.4973,27.0639],[81.5063,27.0877],[81.5337,27.1003],[81.5579,27.1218],[81.579,27.1175],[81.5978,27.1462],[81.6223,27.1425],[81.6387,27.1936],[81.6599,27.2436],[81.6949,27.2755],[81.6974,27.2986],[81.6689,27.3093],[81.6743,27.3246],[81.7135,27.3321],[81.7076,27.3393],[81.6875,27.3525],[81.7069,27.3656],[81.7188,27.3654],[81.7628,27.3662],[81.7613,27.3732],[81.727,27.3853],[81.7122,27.3939],[81.6957,27.3906],[81.6833,27.3906],[81.6812,27.392],[81.6877,27.4095],[81.6895,27.4138],[81.6877,27.436],[81.694,27.4573],[81.6905,27.4731],[81.6868,27.486],[81.6855,27.4938],[81.6713,27.5074],[81.6663,27.5086],[81.6605,27.5038],[81.6545,27.503],[81.6509,27.5197],[81.6468,27.5216],[81.6359,27.5319],[81.618,27.5398],[81.6075,27.5551],[81.5981,27.5563],[81.5743,27.5727],[81.5699,27.5778],[81.569,27.5831],[81.5475,27.5823],[81.5456,27.6117],[81.5425,27.614],[81.547,27.621],[81.5271,27.6297],[81.515,27.6395],[81.5053,27.6501],[81.4965,27.6614],[81.4778,27.6609],[81.4664,27.6709],[81.4585,27.6712],[81.4382,27.6712],[81.4366,27.6802],[81.4672,27.7133],[81.4901,27.7143],[81.4831,27.7207],[81.5033,27.715],[81.517,27.7294],[81.5339,27.7176],[81.5435,27.7185],[81.5435,27.7111],[81.5324,27.6935],[81.5341,27.6874],[81.5462,27.6813],[81.5571,27.6572],[81.5821,27.6798],[81.589,27.6869],[81.5556,27.7177],[81.553,27.7389],[81.5902,27.7629],[81.5689,27.7842],[81.529,27.8054],[81.5237,27.8214],[81.5211,27.8427],[81.4865,27.8852],[81.4812,27.9038],[81.4838,27.9411],[81.5184,27.949],[81.553,27.9437],[81.6141,27.9437],[81.65,27.9933]]]]},"properties":{"NAME_1":"Uttar Pradesh","NAME_2":"Bahraich"}},{"type":"Feature","geometry":{"type":"Polygon","coordinates":[[[84.0491,26.0997],[84.0299,26.0986],[84.0095,26.1156],[83.9714,26.1185],[83.9488,26.134],[83.9162,26.1233],[83.8897,26.1295],[83.8583,26.1676],[83.8546,26.1875],[83.8022,26.1932],[83.8013,26.1813],[83.7756,26.1669],[83.7991,26.1374],[83.7865,26.1103],[83.7498,26.0988],[83.7286,26.0857],[83.7057,26.0976],[83.6734,26.0735],[83.6686,26.026],[83.6805,26.012],[83.7637,26.0042],[83.7819,25.9758],[83.7765,25.9371],[83.7898,25.925],[83.7388,25.8846],[83.7239,25.8586],[83.7452,25.8358],[83.8108,25.7852],[83.8296,25.782],[83.8545,25.795],[83.8751,25.7651],[83.9464,25.7496],[83.9395,25.6775],[83.9244,25.6424],[83.9375,25.5921],[83.9253,25.5884],[83.921,25.5617],[83.9397,25.5654],[83.9559,25.5754],[83.9916,25.601],[84.0142,25.6161],[84.0568,25.6322],[84.0765,25.6375],[84.0797,25.6527],[84.0736,25.6836],[84.0696,25.6956],[84.0944,25.7204],[84.1231,25.7239],[84.1368,25.7238],[84.1293,25.7174],[84.1445,25.7206],[84.1483,25.726],[84.1555,25.7259],[84.1943,25.7034],[84.2029,25.6696],[84.2332,25.664],[84.2684,25.6633],[84.2729,25.6617],[84.2836,25.6771],[84.2878,25.6763],[84.2988,25.6718],[84.3186,25.6719],[84.3236,25.704],[84.3244,25.7333],[84.3313,25.7446],[84.3375,25.7451],[84.3662,25.7384],[84.3717,25.7383],[84.373,25.7423],[84.3845,25.7377],[84.3936,25.7289],[84.3955,25.7244],[84.3971,25.7091],[84.4109,25.6985],[84.4242,25.7117],[84.4325,25.7121],[84.4488,25.7145],[84.4552,25.7103],[84.4588,25.6984],[84.4603,25.6907],[84.4665,25.6855],[84.4893,25.6911],[84.499,25.6774],[84.5164,25.6777],[84.5279,25.7154],[84.5314,25.6928],[84.5523,25.684],[84.5586,25.701],[84.5556,25.7364],[84.5955,25.7391],[84.6223,25.7473],[84.6149,25.7528],[84.6029,25.7724],[84.6101,25.7773],[84.6191,25.789],[84.6202,25.7941],[84.5982,25.8097],[84.5714,25.8298],[84.5565,25.8375],[84.5469,25.8413],[84.5443,25.83],[84.5329,25.8322],[84.527,25.8343],[84.52,25.8612],[84.5399,25.8604],[84.5316,25.8727],[84.5065,25.8724],[84.4787,25.8884],[84.4507,25.8902],[84.4215,25.9022],[84.4093,25.9244],[84.3488,25.96],[84.2963,25.947],[84.2754,25.9613],[84.2405,25.9828],[84.2352,25.986],[84.2141,25.9962],[84.1947,25.9913],[84.1764,25.9978],[84.166,26.0027],[84.159,26.0322],[84.1279,26.0555],[84.1072,26.0817],[84.091,26.0965],[84.0692,26.0991],[84.0491,26.0997]]]},"properties":{"NAME_1":"Uttar Pradesh","NAME_2":"Ballia"}},{"type":"Feature","geometry":{"type":"Polygon","coordinates":[[[82.7357,27.5045],[82.7514,27.5226],[82.7396,27.5467],[82.7574,27.5884],[82.735,27.6185],[82.7396,27.6405],[82.7162,27.6624],[82.7202,27.6873],[82.707,27.7164],[82.6684,27.7155],[82.6208,27.7021],[82.607,27.7058],[82.5431,27.6855],[82.5181,27.6902],[82.4752,27.6763],[82.4507,27.6786],[82.4037,27.7025],[82.369,27.7424],[82.305,27.773],[82.2547,27.8099],[82.2323,27.8206],[82.198,27.8475],[82.1905,27.8115],[82.1721,27.7947],[82.1581,27.7975],[82.1342,27.7717],[82.119,27.7066],[82.0839,27.6752],[82.0675,27.6323],[82.0344,27.6185],[82.0139,27.5877],[82.0252,27.575],[82.0504,27.5027],[82.0455,27.4552],[82.0751,27.428],[82.0654,27.4118],[82.0711,27.4003],[82.0754,27.4024],[82.0848,27.4066],[82.0932,27.4037],[82.0986,27.4123],[82.109,27.4016],[82.1109,27.3987],[82.1024,27.3803],[82.1208,27.3756],[82.1226,27.371],[82.1335,27.3605],[82.1377,27.3511],[82.147,27.3281],[82.1566,27.3314],[82.1647,27.3319],[82.1676,27.3307],[82.1734,27.3239],[82.1803,27.3255],[82.1913,27.3168],[82.1956,27.317],[82.1969,27.3152],[82.1939,27.3103],[82.2097,27.3042],[82.2298,27.2892],[82.239,27.283],[82.2451,27.2824],[82.2476,27.2704],[82.252,27.2719],[82.2638,27.2677],[82.264,27.2599],[82.2668,27.2585],[82.2759,27.2604],[82.2765,27.2548],[82.2816,27.2528],[82.2862,27.254],[82.2851,27.246],[82.2907,27.2416],[82.2925,27.2392],[82.2971,27.2379],[82.297,27.2292],[82.2943,27.2247],[82.292,27.2223],[82.2809,27.2266],[82.2765,27.2332],[82.2619,27.243],[82.2362,27.2286],[82.2344,27.2255],[82.2312,27.2199],[82.2175,27.1778],[82.2224,27.1726],[82.2244,27.1658],[82.2238,27.1642],[82.226,27.1614],[82.2314,27.1637],[82.2324,27.1586],[82.2291,27.1539],[82.2572,27.1475],[82.3067,27.1207],[82.3398,27.1],[82.3893,27.0505],[82.4306,27.0711],[82.4492,27.1],[82.4719,27.1558],[82.4864,27.161],[82.4828,27.1663],[82.4791,27.1663],[82.4784,27.1694],[82.4716,27.1728],[82.4723,27.17],[82.4623,27.1698],[82.4618,27.1681],[82.4728,27.1614],[82.4707,27.1602],[82.4558,27.1627],[82.4465,27.1571],[82.435,27.1661],[82.4295,27.1777],[82.4395,27.19],[82.4736,27.2085],[82.4759,27.2069],[82.4952,27.1984],[82.5048,27.1831],[82.5454,27.187],[82.5516,27.1881],[82.5524,27.2028],[82.5371,27.2085],[82.5364,27.2107],[82.5452,27.2118],[82.5469,27.2204],[82.5223,27.2193],[82.5101,27.221],[82.5029,27.2191],[82.5134,27.2393],[82.4942,27.2428],[82.4887,27.2447],[82.4957,27.2517],[82.5169,27.2593],[82.5133,27.2669],[82.5018,27.2846],[82.4809,27.2913],[82.4855,27.2965],[82.5054,27.3069],[82.5029,27.3114],[82.4912,27.3072],[82.4796,27.3166],[82.4892,27.3233],[82.4948,27.322],[82.5036,27.3176],[82.4998,27.3291],[82.4908,27.3318],[82.4711,27.3252],[82.4624,27.3285],[82.4613,27.3316],[82.4663,27.3335],[82.4818,27.3404],[82.4839,27.3434],[82.4831,27.3639],[82.4902,27.3707],[82.5,27.3748],[82.5167,27.376],[82.5269,27.3739],[82.5467,27.4032],[82.5579,27.4073],[82.5644,27.4145],[82.5633,27.4234],[82.567,27.4226],[82.5679,27.4267],[82.5888,27.4258],[82.597,27.4239],[82.607,27.4244],[82.611,27.4225],[82.6127,27.4125],[82.6172,27.4165],[82.618,27.4127],[82.6199,27.4102],[82.6269,27.4177],[82.6302,27.4131],[82.6366,27.4153],[82.6511,27.4158],[82.6582,27.4149],[82.644,27.4146],[82.6433,27.4136],[82.65,27.4092],[82.6588,27.4109],[82.6782,27.4163],[82.6826,27.4187],[82.6855,27.4167],[82.6889,27.4249],[82.6934,27.4222],[82.6961,27.4273],[82.7045,27.4187],[82.7075,27.4086],[82.7176,27.4165],[82.7215,27.4153],[82.7294,27.4229],[82.7502,27.436],[82.7309,27.4552],[82.7265,27.4638],[82.7238,27.4646],[82.7141,27.4654],[82.7105,27.4706],[82.7357,27.5045]]]},"properties":{"NAME_1":"Uttar Pradesh","NAME_2":"Balrampur"}},{"type":"Feature","geometry":{"type":"Polygon","coordinates":[[[81.0137,25.5483],[80.9928,25.5677],[80.9978,25.5805],[81.0252,25.5964],[81.0287,25.6303],[81.011,25.6371],[80.9627,25.6128],[80.9392,25.6251],[80.9389,25.6846],[80.928,25.6915],[80.8937,25.6813],[80.8542,25.6802],[80.8391,25.7241],[80.8194,25.7282],[80.7961,25.7054],[80.7588,25.6886],[80.7113,25.6852],[80.6455,25.7063],[80.5827,25.7148],[80.5471,25.7393],[80.566,25.7661],[80.5677,25.7876],[80.5147,25.7814],[80.4904,25.7912],[80.4606,25.8148],[80.4731,25.8382],[80.5271,25.8399],[80.5477,25.8714],[80.4977,25.8827],[80.4482,25.9034],[80.3807,25.9155],[80.3415,25.9036],[80.3439,25.8746],[80.3183,25.8485],[80.293,25.8481],[80.2537,25.8105],[80.2533,25.7919],[80.2677,25.7726],[80.2965,25.7659],[80.3389,25.7214],[80.3124,25.7134],[80.2956,25.6979],[80.3089,25.6497],[80.2679,25.6247],[80.2822,25.6118],[80.2691,25.5855],[80.2443,25.592],[80.2247,25.5643],[80.2062,25.5589],[80.2148,25.5052],[80.2043,25.4924],[80.216,25.4752],[80.1856,25.4716],[80.1825,25.4466],[80.1312,25.461],[80.113,25.4121],[80.1328,25.4154],[80.1089,25.366],[80.0961,25.3516],[80.1271,25.3406],[80.1592,25.3776],[80.1879,25.3836],[80.1888,25.4064],[80.2452,25.4049],[80.2559,25.4287],[80.2737,25.425],[80.3091,25.3918],[80.3132,25.3723],[80.3026,25.3583],[80.3117,25.3342],[80.3027,25.297],[80.312,25.2822],[80.341,25.2786],[80.3577,25.2511],[80.378,25.2375],[80.3991,25.243],[80.4017,25.221],[80.4237,25.1741],[80.3868,25.1629],[80.3486,25.1407],[80.3048,25.0755],[80.282,25.0632],[80.2669,25.0302],[80.3141,25.0035],[80.3259,25.0031],[80.3678,25.0254],[80.3793,25.056],[80.3941,25.072],[80.4227,25.0713],[80.4407,25.0821],[80.46,25.0697],[80.4702,25.0447],[80.4942,25.0453],[80.5023,25.0629],[80.4873,25.0918],[80.5095,25.101],[80.519,25.0819],[80.5434,25.0677],[80.5787,25.0883],[80.5878,25.1091],[80.5946,25.1552],[80.6223,25.122],[80.6085,25.0986],[80.6415,25.0931],[80.6537,25.0765],[80.6793,25.0818],[80.6736,25.0542],[80.7144,25.0678],[80.6988,25.0815],[80.6804,25.1347],[80.6853,25.1583],[80.7077,25.168],[80.712,25.1935],[80.7451,25.1914],[80.759,25.2094],[80.7842,25.2149],[80.7396,25.237],[80.7431,25.2554],[80.7746,25.2661],[80.7917,25.2504],[80.8035,25.2668],[80.7791,25.2783],[80.7687,25.3007],[80.7518,25.3098],[80.7716,25.334],[80.8228,25.3511],[80.8559,25.3783],[80.8792,25.4241],[80.9223,25.4463],[80.9351,25.4734],[80.9747,25.467],[80.9802,25.4817],[81.0183,25.508],[80.9997,25.5386],[81.0137,25.5483]]]},"properties":{"NAME_1":"Uttar Pradesh","NAME_2":"Banda"}},{"type":"Feature","geometry":{"type":"Polygon","coordinates":[[[81.4019,27.3417],[81.3817,27.3301],[81.3668,27.2746],[81.332,27.2615],[81.3105,27.2786],[81.299,27.3096],[81.302,27.3325],[81.2868,27.3422],[81.2443,27.3235],[81.2163,27.3262],[81.2338,27.2891],[81.1995,27.261],[81.1734,27.2514],[81.1598,27.2738],[81.1376,27.2649],[81.1074,27.2798],[81.0815,27.271],[81.0671,27.2332],[80.9952,27.2319],[80.9603,27.2453],[80.9557,27.2264],[80.9171,27.1951],[80.9192,27.1643],[80.9688,27.1431],[81.0021,27.1458],[81.0184,27.1185],[81.0419,27.0951],[81.0293,27.0753],[81.0074,27.0701],[80.99,27.0802],[80.9628,27.0608],[80.9859,27.0445],[80.9901,27.0052],[81.0206,26.9905],[81.0156,26.9775],[81.0357,26.9608],[81.0335,26.9438],[81.0723,26.914],[81.0925,26.8755],[81.0842,26.8428],[81.1232,26.8376],[81.1472,26.8187],[81.1494,26.7805],[81.184,26.7965],[81.2068,26.7872],[81.1789,26.7664],[81.1949,26.7465],[81.2093,26.7109],[81.1608,26.653],[81.1743,26.6235],[81.1565,26.5974],[81.1808,26.6093],[81.2102,26.603],[81.2439,26.582],[81.2731,26.5746],[81.3065,26.5438],[81.318,26.5557],[81.3477,26.5506],[81.3737,26.5916],[81.407,26.5691],[81.4408,26.5659],[81.4524,26.5754],[81.4806,26.5433],[81.5326,26.5255],[81.5265,26.5456],[81.5429,26.5642],[81.5356,26.5771],[81.5562,26.5907],[81.5656,26.614],[81.5486,26.6171],[81.551,26.6464],[81.572,26.6565],[81.5979,26.6486],[81.6094,26.6306],[81.6336,26.6412],[81.6678,26.6103],[81.641,26.6111],[81.6449,26.5866],[81.6951,26.5914],[81.717,26.5986],[81.7363,26.6157],[81.7402,26.6411],[81.7288,26.6569],[81.7489,26.6814],[81.7972,26.6982],[81.8322,26.7004],[81.8152,26.7217],[81.8323,26.7631],[81.8012,26.7762],[81.8005,26.8016],[81.8317,26.8123],[81.8515,26.8105],[81.8478,26.8394],[81.8125,26.8538],[81.7949,26.8684],[81.7456,26.8898],[81.7079,26.936],[81.7162,26.9613],[81.6481,26.9669],[81.6446,27.0092],[81.6181,27.0232],[81.592,27.0258],[81.5719,27.0158],[81.5526,27.0341],[81.5497,27.0549],[81.5202,27.0531],[81.4973,27.0639],[81.4707,27.075],[81.4694,27.1067],[81.4496,27.117],[81.4381,27.1388],[81.4322,27.1758],[81.451,27.1889],[81.4314,27.2236],[81.4266,27.2689],[81.4337,27.314],[81.4019,27.3417]]]},"properties":{"NAME_1":"Uttar Pradesh","NAME_2":"Bara Banki"}},{"type":"Feature","geometry":{"type":"Polygon","coordinates":[[[79.6308,28.8589],[79.5923,28.8666],[79.5766,28.8503],[79.5509,28.8459],[79.554,28.8785],[79.5331,28.8903],[79.5072,28.8633],[79.4766,28.8672],[79.4597,28.8592],[79.4112,28.8559],[79.3957,28.8854],[79.3709,28.8769],[79.3953,28.8432],[79.3931,28.8257],[79.3618,28.8201],[79.3736,28.8001],[79.3765,28.7634],[79.3389,28.7391],[79.293,28.7249],[79.2745,28.6864],[79.2438,28.6501],[79.2276,28.6447],[79.2107,28.5786],[79.1721,28.5631],[79.1515,28.5423],[79.1548,28.528],[79.1294,28.496],[79.1062,28.488],[79.0675,28.4891],[79.0722,28.4759],[79.031,28.4539],[79.0274,28.4443],[78.9892,28.4376],[78.9893,28.3909],[79.0401,28.3806],[79.0657,28.3597],[79.0589,28.3364],[79.0907,28.2827],[79.0845,28.2531],[79.1143,28.2341],[79.107,28.21],[79.1186,28.1952],[79.1368,28.1967],[79.1853,28.181],[79.2038,28.1942],[79.2312,28.1879],[79.2611,28.1703],[79.3037,28.1829],[79.3248,28.1605],[79.3768,28.1816],[79.4128,28.1748],[79.4482,28.1411],[79.4882,28.1138],[79.4888,28.0721],[79.4706,28.0509],[79.4869,28.0265],[79.518,28.0653],[79.5509,28.0738],[79.5754,28.0968],[79.5912,28.0877],[79.6193,28.0904],[79.6272,28.128],[79.6105,28.1551],[79.6356,28.1985],[79.6346,28.2181],[79.6549,28.2196],[79.6569,28.2429],[79.6741,28.2691],[79.7008,28.2705],[79.6996,28.2926],[79.6673,28.3123],[79.6629,28.3259],[79.6789,28.345],[79.6897,28.3821],[79.6607,28.3974],[79.7145,28.4247],[79.7097,28.4607],[79.7331,28.472],[79.7359,28.5135],[79.7094,28.5226],[79.7061,28.5371],[79.6739,28.5346],[79.6739,28.5613],[79.6515,28.5606],[79.6641,28.5888],[79.6421,28.5909],[79.6342,28.6091],[79.6011,28.5989],[79.5883,28.622],[79.6107,28.681],[79.6178,28.7151],[79.6442,28.7308],[79.661,28.7496],[79.6431,28.7768],[79.6458,28.8088],[79.6308,28.8589]]]},"properties":{"NAME_1":"Uttar Pradesh","NAME_2":"Bareilly"}},{"type":"Feature","geometry":{"type":"Polygon","coordinates":[[[82.9202,26.9251],[82.897,26.9431],[82.904,26.9626],[82.8951,26.9936],[82.8695,26.9906],[82.8697,26.9731],[82.847,26.9655],[82.82,26.9378],[82.7998,26.97],[82.7698,26.9862],[82.7333,26.9836],[82.7135,27.0002],[82.7158,27.0177],[82.6929,27.0233],[82.674,27.0116],[82.6302,27.0161],[82.6066,27.0084],[82.5807,27.0058],[82.5622,26.9917],[82.5535,26.9692],[82.5102,26.9564],[82.4939,26.9426],[82.4924,26.925],[82.4773,26.9092],[82.4379,26.9352],[82.4275,26.9314],[82.3888,26.951],[82.3499,26.9355],[82.3193,26.9599],[82.3111,26.9801],[82.2809,26.9545],[82.2337,26.9388],[82.2264,26.9183],[82.2403,26.8987],[82.2228,26.8725],[82.2324,26.8591],[82.2281,26.8226],[82.2151,26.8116],[82.2136,26.782],[82.2264,26.7564],[82.3084,26.727],[82.317,26.7132],[82.3727,26.6618],[82.4043,26.6494],[82.4363,26.6618],[82.4689,26.6562],[82.4985,26.6386],[82.5344,26.6289],[82.5699,26.6079],[82.6021,26.6046],[82.6554,26.6084],[82.678,26.578],[82.704,26.5588],[82.7558,26.562],[82.8048,26.5779],[82.864,26.5412],[82.8937,26.5443],[82.8913,26.5552],[82.898,26.5593],[82.9045,26.5647],[82.9019,26.5797],[82.8941,26.5788],[82.886,26.5839],[82.8787,26.6083],[82.8792,26.6139],[82.8921,26.6283],[82.8993,26.6316],[82.8978,26.6325],[82.9037,26.6372],[82.9221,26.6714],[82.9354,26.6814],[82.9496,26.6744],[82.9622,26.6768],[82.9579,26.6854],[82.9591,26.6947],[82.9662,26.6999],[82.9687,26.714],[82.9578,26.7265],[82.9517,26.7411],[82.945,26.7516],[82.9439,26.756],[82.9341,26.7574],[82.9219,26.7717],[82.9123,26.7658],[82.9119,26.7678],[82.9215,26.7898],[82.8993,26.7879],[82.8953,26.7923],[82.8897,26.7899],[82.8892,26.7874],[82.8769,26.7888],[82.8746,26.7933],[82.8762,26.8108],[82.8753,26.814],[82.8787,26.822],[82.8644,26.8387],[82.8605,26.8386],[82.8422,26.845],[82.8371,26.8453],[82.8302,26.8494],[82.8185,26.8608],[82.8264,26.8631],[82.8389,26.8812],[82.8433,26.8811],[82.8622,26.8863],[82.8558,26.8917],[82.8493,26.899],[82.8486,26.9034],[82.8616,26.9083],[82.852,26.9215],[82.8454,26.9179],[82.844,26.9298],[82.8572,26.9384],[82.8644,26.9455],[82.8724,26.9463],[82.902,26.9227],[82.9202,26.9251]]]},"properties":{"NAME_1":"Uttar Pradesh","NAME_2":"Basti"}},{"type":"Feature","geometry":{"type":"Polygon","coordinates":[[[78.896,29.4562],[78.8658,29.4596],[78.7658,29.4838],[78.7266,29.5087],[78.6934,29.5089],[78.6396,29.5478],[78.6215,29.5529],[78.5765,29.5806],[78.5305,29.6239],[78.5115,29.6507],[78.5074,29.6908],[78.4876,29.7414],[78.4243,29.7617],[78.4126,29.7724],[78.386,29.7739],[78.3317,29.7962],[78.3029,29.7576],[78.2314,29.7041],[78.2213,29.7176],[78.1935,29.7101],[78.1659,29.6795],[78.1391,29.6761],[78.134,29.6585],[78.0906,29.6248],[78.0785,29.5995],[78.0439,29.5931],[78.0326,29.5517],[78.0035,29.5561],[77.988,29.5459],[77.9816,29.4989],[77.9882,29.4812],[78.0175,29.4584],[78.0224,29.4407],[78.0535,29.4076],[78.0372,29.3946],[78.0565,29.3649],[78.0981,29.3295],[78.1255,29.2592],[78.1155,29.2112],[78.1287,29.1972],[78.1244,29.1711],[78.1078,29.1652],[78.0979,29.146],[78.1047,29.103],[78.0946,29.0893],[78.1316,29.0848],[78.1954,29.0563],[78.278,29.0459],[78.3417,29.0488],[78.3555,29.0353],[78.404,29.0445],[78.4557,29.0703],[78.4941,29.0603],[78.521,29.0849],[78.5482,29.0811],[78.5648,29.0952],[78.5904,29.0904],[78.6157,29.1074],[78.6079,29.118],[78.6526,29.1498],[78.6268,29.1672],[78.6579,29.1793],[78.6619,29.2034],[78.6796,29.2065],[78.6682,29.2323],[78.695,29.2732],[78.7419,29.2886],[78.7586,29.2867],[78.7276,29.3128],[78.7257,29.33],[78.7574,29.3498],[78.7844,29.3429],[78.8142,29.37],[78.8358,29.3723],[78.8872,29.409],[78.8965,29.4236],[78.896,29.4562]]]},"properties":{"NAME_1":"Uttar Pradesh","NAME_2":"Bijnor"}},{"type":"Feature","geometry":{"type":"Polygon","coordinates":[[[78.1987,28.6212],[78.1582,28.6233],[78.1382,28.6358],[78.1176,28.6284],[78.0819,28.6398],[78.0749,28.6558],[78.0552,28.6569],[78.0165,28.6765],[77.9991,28.7032],[77.9764,28.7046],[77.9568,28.7195],[77.9267,28.7076],[77.891,28.6648],[77.8919,28.6367],[77.8475,28.6567],[77.8298,28.6352],[77.7905,28.6208],[77.7768,28.5949],[77.7482,28.5848],[77.7469,28.5694],[77.7148,28.5518],[77.6783,28.5576],[77.6851,28.5357],[77.6801,28.5141],[77.6079,28.4721],[77.6144,28.4479],[77.5859,28.4286],[77.6005,28.4085],[77.6217,28.4006],[77.6553,28.3671],[77.6575,28.3302],[77.6653,28.3168],[77.6653,28.2664],[77.7156,28.2184],[77.7425,28.1837],[77.7531,28.1571],[77.762,28.138],[77.8043,28.1457],[77.8,28.1588],[77.8356,28.1775],[77.8603,28.1361],[77.9097,28.0994],[77.9774,28.0861],[78.0238,28.1161],[78.0401,28.1354],[78.0642,28.1323],[78.098,28.1138],[78.1276,28.1098],[78.1339,28.0771],[78.15,28.0751],[78.167,28.0913],[78.1884,28.092],[78.2108,28.1145],[78.2218,28.1055],[78.2503,28.1217],[78.2967,28.1241],[78.326,28.1355],[78.342,28.1546],[78.3758,28.1457],[78.3824,28.1268],[78.4187,28.0998],[78.4516,28.1035],[78.4758,28.1301],[78.4558,28.1466],[78.4382,28.1739],[78.4006,28.2026],[78.3721,28.2453],[78.3643,28.2684],[78.3261,28.2818],[78.3118,28.2951],[78.2998,28.3277],[78.2738,28.3779],[78.2805,28.409],[78.274,28.4393],[78.2944,28.4647],[78.2668,28.476],[78.2614,28.4961],[78.2094,28.5059],[78.2055,28.5556],[78.2192,28.5791],[78.1987,28.6212]]]},"properties":{"NAME_1":"Uttar Pradesh","NAME_2":"Bulandshahr"}},{"type":"Feature","geometry":{"type":"Polygon","coordinates":[[[83.5347,25.3152],[83.524,25.3219],[83.5409,25.3496],[83.5217,25.3801],[83.5278,25.393],[83.4961,25.4085],[83.4474,25.4451],[83.4052,25.4892],[83.3722,25.4901],[83.3318,25.4658],[83.2982,25.4775],[83.28,25.506],[83.2395,25.526],[83.1919,25.5343],[83.1711,25.5128],[83.1682,25.5065],[83.1616,25.4897],[83.1272,25.4619],[83.1307,25.4428],[83.1504,25.4383],[83.1824,25.4214],[83.1863,25.4077],[83.1804,25.3884],[83.1789,25.3822],[83.1706,25.3623],[83.1535,25.3333],[83.1371,25.3204],[83.1317,25.319],[83.1085,25.326],[83.091,25.3313],[83.0646,25.329],[83.0213,25.315],[83.0053,25.295],[83.0406,25.2844],[83.0379,25.2719],[83.0433,25.2702],[83.0495,25.2567],[83.0582,25.2523],[83.0626,25.2472],[83.0469,25.2489],[83.0406,25.2496],[83.0257,25.2438],[83.0637,25.2284],[83.0685,25.2131],[83.1137,25.2022],[83.1195,25.1895],[83.1668,25.1865],[83.1593,25.1374],[83.1212,25.1264],[83.1281,25.1147],[83.1143,25.0581],[83.0951,25.0658],[83.0569,25.0673],[83.0678,25.0165],[83.0608,25.0049],[83.0682,24.9787],[83.0531,24.9693],[83.0591,24.9306],[83.0731,24.9016],[83.0703,24.8882],[83.0872,24.8387],[83.0996,24.8184],[83.0825,24.8005],[83.0818,24.7813],[83.0944,24.7698],[83.1245,24.7603],[83.1484,24.7329],[83.179,24.7162],[83.2206,24.7329],[83.2389,24.7266],[83.2808,24.7308],[83.2914,24.7194],[83.3224,24.7708],[83.3449,24.7779],[83.3678,24.7747],[83.3868,24.7842],[83.3863,24.7866],[83.3885,24.7915],[83.3899,24.8019],[83.3949,24.8202],[83.3892,24.8361],[83.3808,24.843],[83.3558,24.8687],[83.3642,24.8786],[83.3551,24.8875],[83.36,24.8918],[83.352,24.9078],[83.3574,24.9192],[83.3576,24.946],[83.357,24.9554],[83.3385,24.9636],[83.3404,24.9792],[83.3459,24.9921],[83.3449,25.0026],[83.3182,25.0173],[83.3235,25.0481],[83.3219,25.0558],[83.325,25.056],[83.3321,25.0505],[83.3312,25.0598],[83.3278,25.061],[83.3322,25.0825],[83.3335,25.0848],[83.338,25.0881],[83.3401,25.1124],[83.3478,25.1108],[83.3574,25.1242],[83.3508,25.1534],[83.3451,25.1667],[83.3481,25.1786],[83.338,25.1799],[83.3359,25.1836],[83.3439,25.1874],[83.3603,25.1964],[83.3746,25.2025],[83.39,25.2116],[83.3951,25.2169],[83.3973,25.2252],[83.4093,25.2493],[83.4193,25.2464],[83.4193,25.2533],[83.4287,25.2445],[83.4314,25.2445],[83.4398,25.2592],[83.4536,25.2513],[83.4633,25.2564],[83.4719,25.2655],[83.4913,25.2866],[83.518,25.2932],[83.5169,25.3006],[83.5181,25.3025],[83.5231,25.3005],[83.5256,25.2995],[83.5426,25.3093],[83.5331,25.3129],[83.5347,25.3152]]]},"properties":{"NAME_1":"Uttar Pradesh","NAME_2":"Chandauli"}},{"type":"Feature","geometry":{"type":"Polygon","coordinates":[[[81.1841,25.4564],[81.1828,25.4915],[81.142,25.5093],[81.0542,25.5254],[81.0137,25.5483],[80.9997,25.5386],[81.0183,25.508],[80.9802,25.4817],[80.9747,25.467],[80.9351,25.4734],[80.9223,25.4463],[80.8792,25.4241],[80.8559,25.3783],[80.8228,25.3511],[80.7716,25.334],[80.7518,25.3098],[80.7687,25.3007],[80.7791,25.2783],[80.8035,25.2668],[80.7917,25.2504],[80.7746,25.2661],[80.7431,25.2554],[80.7396,25.237],[80.7842,25.2149],[80.759,25.2094],[80.7451,25.1914],[80.712,25.1935],[80.7077,25.168],[80.6853,25.1583],[80.6804,25.1347],[80.6988,25.0815],[80.7144,25.0678],[80.7759,25.0617],[80.776,25.0843],[80.7458,25.0994],[80.719,25.104],[80.7173,25.1289],[80.7509,25.1417],[80.7821,25.1371],[80.7996,25.1464],[80.8186,25.1306],[80.8321,25.1414],[80.8419,25.1679],[80.8363,25.1927],[80.8695,25.1887],[80.9056,25.1645],[80.865,25.1236],[80.873,25.1026],[80.8707,25.0711],[80.8411,25.0513],[80.8291,25.03],[80.8503,25.0031],[80.8186,24.9736],[80.7988,24.9749],[80.8022,24.9445],[80.8208,24.9366],[80.8566,24.936],[80.9368,24.9725],[80.9529,24.9394],[81,24.9402],[81.0267,24.955],[81.0764,24.9523],[81.0895,24.9245],[81.1168,24.9018],[81.1282,24.8936],[81.1555,24.932],[81.1614,24.9585],[81.206,24.9392],[81.2017,24.9957],[81.2202,25.0072],[81.2476,25.0415],[81.2616,25.0685],[81.2457,25.1055],[81.258,25.1168],[81.2686,25.1652],[81.33,25.1725],[81.3494,25.1674],[81.389,25.1243],[81.4278,25.1336],[81.4386,25.114],[81.4364,25.0962],[81.4837,25.0749],[81.4946,25.0821],[81.4931,25.1107],[81.4777,25.1211],[81.492,25.1488],[81.5187,25.1518],[81.5128,25.1879],[81.534,25.1883],[81.5125,25.1974],[81.5175,25.2381],[81.5559,25.2423],[81.5416,25.2936],[81.4991,25.2715],[81.4515,25.2622],[81.3807,25.2756],[81.3779,25.2883],[81.3948,25.3139],[81.3889,25.3335],[81.3345,25.3504],[81.3165,25.3511],[81.2565,25.3293],[81.2412,25.3584],[81.1939,25.3691],[81.1552,25.3873],[81.1429,25.4009],[81.1429,25.4295],[81.1841,25.4564]]]},"properties":{"NAME_1":"Uttar Pradesh","NAME_2":"Chitrakoot"}},{"type":"Feature","geometry":{"type":"Polygon","coordinates":[[[84.0488,26.5503],[84.022,26.5718],[84.0017,26.579],[83.9787,26.6133],[83.9605,26.6262],[83.9516,26.6741],[83.9172,26.6812],[83.8975,26.6939],[83.8875,26.7223],[83.8651,26.7504],[83.8266,26.7456],[83.8028,26.7496],[83.7919,26.7169],[83.7579,26.7006],[83.6875,26.6842],[83.6738,26.703],[83.655,26.6834],[83.6455,26.6611],[83.6222,26.6602],[83.6248,26.6254],[83.6104,26.6191],[83.6209,26.5771],[83.6071,26.5711],[83.5926,26.5176],[83.5455,26.5128],[83.5215,26.4967],[83.4911,26.4973],[83.4724,26.4601],[83.5152,26.4032],[83.5306,26.3604],[83.5391,26.357],[83.5572,26.3955],[83.5703,26.3758],[83.6163,26.3252],[83.6221,26.3027],[83.6491,26.3218],[83.662,26.2914],[83.6347,26.2776],[83.6257,26.2257],[83.6499,26.2287],[83.7065,26.2601],[83.7327,26.2651],[83.7814,26.2322],[83.8022,26.1932],[83.8546,26.1875],[83.8583,26.1676],[83.8897,26.1295],[83.9162,26.1233],[83.9488,26.134],[83.9714,26.1185],[84.0095,26.1156],[84.0299,26.0986],[84.0491,26.0997],[84.0482,26.1038],[84.0451,26.1063],[84.0436,26.1172],[84.0424,26.1315],[84.0336,26.1375],[84.0236,26.1541],[84.0284,26.1596],[84.0229,26.1653],[84.0197,26.1641],[84.003,26.1782],[84.015,26.1974],[84.0236,26.2009],[84.0232,26.2045],[84.019,26.2093],[84.0205,26.2236],[84.0168,26.2216],[84.0082,26.2253],[84.0055,26.2341],[84.0105,26.2388],[84.0115,26.2407],[84.0184,26.2388],[84.024,26.2396],[84.0336,26.2321],[84.0468,26.2302],[84.0584,26.2267],[84.0736,26.2249],[84.0819,26.2271],[84.0795,26.2318],[84.0923,26.2402],[84.1014,26.2431],[84.1127,26.2497],[84.1123,26.2566],[84.1238,26.2588],[84.1573,26.2441],[84.1557,26.2525],[84.1551,26.2577],[84.1637,26.2614],[84.1714,26.2677],[84.1682,26.2737],[84.171,26.2866],[84.1687,26.2929],[84.1817,26.317],[84.1672,26.3381],[84.1714,26.374],[84.1563,26.3783],[84.1308,26.3822],[84.1284,26.3842],[84.1152,26.3876],[84.0923,26.3904],[84.0877,26.3901],[84.0806,26.3862],[84.0772,26.384],[84.0551,26.4002],[84.045,26.4053],[84.0409,26.4085],[84.0362,26.4078],[84.0332,26.4138],[84.0164,26.4319],[84.009,26.445],[83.9904,26.4476],[83.982,26.4346],[83.9463,26.4381],[83.9361,26.4417],[83.9081,26.4495],[83.9023,26.4503],[83.9015,26.4673],[83.9075,26.5004],[83.9018,26.5104],[83.9022,26.5181],[83.9147,26.5202],[83.9435,26.5159],[83.9427,26.5135],[83.9625,26.5086],[83.9681,26.5258],[83.9742,26.5319],[83.9836,26.5315],[83.9984,26.5274],[83.9986,26.525],[84.0145,26.532],[84.0478,26.5435],[84.0488,26.5503]]]},"properties":{"NAME_1":"Uttar Pradesh","NAME_2":"Deoria"}},{"type":"Feature","geometry":{"type":"Polygon","coordinates":[[[79.1992,27.713],[79.2017,27.7453],[79.1592,27.7853],[79.1527,27.825],[79.113,27.8532],[79.0916,27.8379],[79.0624,27.8495],[79.0365,27.8429],[79.0119,27.8483],[79.0062,27.864],[78.9771,27.8792],[78.955,27.8568],[78.9108,27.8571],[78.9131,27.8815],[78.8792,27.9229],[78.8612,27.9165],[78.8183,27.9424],[78.8076,27.9583],[78.7514,27.9556],[78.7176,27.9671],[78.6925,27.9983],[78.6701,28.0067],[78.6613,28.041],[78.6287,28.0516],[78.6104,28.0449],[78.5986,28.0358],[78.5902,27.9863],[78.5658,27.9429],[78.5423,27.9152],[78.5207,27.9101],[78.484,27.8607],[78.5044,27.8464],[78.5074,27.8175],[78.4941,27.8045],[78.4658,27.8144],[78.4656,27.8083],[78.4642,27.805],[78.471,27.7959],[78.4735,27.795],[78.4701,27.7872],[78.47,27.7803],[78.4717,27.7732],[78.465,27.7703],[78.4659,27.7643],[78.4849,27.7515],[78.5049,27.746],[78.5154,27.7343],[78.4996,27.7083],[78.4959,27.6908],[78.5019,27.6774],[78.5058,27.6758],[78.5008,27.6698],[78.4912,27.6497],[78.492,27.6417],[78.4961,27.6305],[78.4819,27.6195],[78.4599,27.6237],[78.4369,27.6018],[78.4069,27.5865],[78.3977,27.586],[78.3796,27.5844],[78.3775,27.5724],[78.3541,27.5651],[78.3537,27.5797],[78.3396,27.5808],[78.3294,27.5859],[78.3245,27.5886],[78.324,27.5847],[78.309,27.5788],[78.3048,27.5649],[78.3094,27.553],[78.2731,27.5595],[78.2747,27.542],[78.264,27.5315],[78.2609,27.5329],[78.2393,27.5276],[78.22,27.5308],[78.205,27.5294],[78.211,27.5187],[78.1959,27.5109],[78.1991,27.4889],[78.1932,27.4813],[78.1912,27.4657],[78.1839,27.4622],[78.171,27.4385],[78.1722,27.4329],[78.1884,27.4389],[78.189,27.4087],[78.2169,27.4118],[78.2416,27.3974],[78.2716,27.3993],[78.2878,27.3882],[78.2698,27.3432],[78.2794,27.3163],[78.3023,27.319],[78.3444,27.353],[78.3624,27.338],[78.376,27.3437],[78.3912,27.3768],[78.4288,27.3666],[78.4492,27.3785],[78.4699,27.3478],[78.481,27.3593],[78.4757,27.388],[78.4568,27.4266],[78.483,27.4304],[78.4999,27.4465],[78.5358,27.4475],[78.56,27.4796],[78.5977,27.5157],[78.6213,27.4953],[78.652,27.4962],[78.6411,27.4658],[78.6361,27.4256],[78.6637,27.42],[78.6772,27.3898],[78.7077,27.3818],[78.7116,27.3496],[78.7269,27.3395],[78.7452,27.3519],[78.7736,27.3531],[78.8271,27.3669],[78.8458,27.396],[78.8302,27.4155],[78.8632,27.4423],[78.8786,27.4744],[78.8972,27.4704],[78.9313,27.4362],[78.9499,27.4252],[78.9904,27.4386],[79.0539,27.4231],[79.0999,27.4383],[79.1078,27.4118],[79.1373,27.3826],[79.1578,27.3867],[79.1871,27.3626],[79.2067,27.3349],[79.2412,27.3366],[79.259,27.3529],[79.2425,27.3972],[79.239,27.4233],[79.2509,27.4507],[79.2383,27.4793],[79.2653,27.5167],[79.2162,27.5418],[79.2137,27.5798],[79.163,27.5938],[79.1742,27.6193],[79.1243,27.6378],[79.1256,27.7086],[79.1441,27.7068],[79.1731,27.7202],[79.1992,27.713]]]},"properties":{"NAME_1":"Uttar Pradesh","NAME_2":"Etah"}},{"type":"Feature","geometry":{"type":"Polygon","coordinates":[[[79.3179,26.9662],[79.311,26.9813],[79.2702,26.99],[79.2264,26.9807],[79.188,26.981],[79.1836,27.0063],[79.1078,27.0062],[79.0458,26.989],[78.993,26.9377],[78.9471,26.9774],[78.9197,26.9893],[78.9062,26.9693],[78.8879,26.9738],[78.8572,26.9667],[78.845,26.9794],[78.8208,26.9585],[78.7988,26.9644],[78.7614,26.9485],[78.7399,26.9201],[78.7591,26.91],[78.7742,26.8707],[78.7994,26.8749],[78.8428,26.8152],[78.8337,26.8002],[78.7851,26.8033],[78.7707,26.7642],[78.8114,26.7655],[78.8407,26.7261],[78.8649,26.7047],[78.9039,26.7134],[78.9481,26.6967],[78.937,26.6723],[78.9479,26.6626],[78.9839,26.6857],[79.0012,26.6739],[78.9869,26.6474],[79.0057,26.6105],[78.9821,26.5942],[78.9982,26.5742],[78.998,26.5509],[79.0331,26.536],[79.0313,26.5248],[79.0609,26.5033],[79.0643,26.4868],[79.0785,26.505],[79.1118,26.503],[79.1292,26.5132],[79.1607,26.5042],[79.1646,26.5319],[79.2137,26.5555],[79.2138,26.5736],[79.2492,26.614],[79.3027,26.646],[79.3114,26.6628],[79.2985,26.6986],[79.3335,26.7309],[79.3287,26.7652],[79.3174,26.7737],[79.3397,26.8391],[79.3294,26.8572],[79.3383,26.8929],[79.3347,26.9185],[79.3409,26.94],[79.3097,26.9493],[79.3179,26.9662]]]},"properties":{"NAME_1":"Uttar Pradesh","NAME_2":"Etawah"}},{"type":"Feature","geometry":{"type":"Polygon","coordinates":[[[82.2151,26.8116],[82.1759,26.8374],[82.1627,26.8313],[82.1319,26.836],[82.1026,26.8283],[82.0802,26.8135],[82.0475,26.8072],[82.0298,26.811],[81.9976,26.7912],[81.9675,26.7829],[81.9099,26.7934],[81.875,26.8372],[81.8478,26.8394],[81.8515,26.8105],[81.8317,26.8123],[81.8005,26.8016],[81.8012,26.7762],[81.8323,26.7631],[81.8152,26.7217],[81.8322,26.7004],[81.7972,26.6982],[81.7489,26.6814],[81.7288,26.6569],[81.7402,26.6411],[81.7363,26.6157],[81.717,26.5986],[81.6951,26.5914],[81.6921,26.5446],[81.6689,26.5301],[81.7055,26.5152],[81.7116,26.5411],[81.7246,26.5476],[81.7999,26.5416],[81.817,26.5234],[81.8384,26.5161],[81.8534,26.5371],[81.8843,26.5318],[81.8859,26.5105],[81.9094,26.5209],[81.9273,26.5105],[81.965,26.5149],[81.983,26.4984],[82.019,26.4937],[82.0737,26.474],[82.1001,26.4748],[82.1295,26.4475],[82.1474,26.4458],[82.1545,26.4272],[82.1784,26.4237],[82.1864,26.4099],[82.2116,26.4114],[82.2365,26.4253],[82.2697,26.4583],[82.2811,26.4867],[82.3012,26.5069],[82.3046,26.531],[82.3295,26.5807],[82.3697,26.5766],[82.3814,26.5473],[82.408,26.5608],[82.4211,26.5502],[82.4585,26.5862],[82.4454,26.6067],[82.4677,26.6116],[82.4594,26.633],[82.4689,26.6562],[82.4363,26.6618],[82.4043,26.6494],[82.3727,26.6618],[82.317,26.7132],[82.3084,26.727],[82.2264,26.7564],[82.2136,26.782],[82.2151,26.8116]]]},"properties":{"NAME_1":"Uttar Pradesh","NAME_2":"Faizabad"}},{"type":"Feature","geometry":{"type":"Polygon","coordinates":[[[79.3401,27.6583],[79.3016,27.6763],[79.2881,27.6737],[79.2499,27.6898],[79.2351,27.7037],[79.1992,27.713],[79.1731,27.7202],[79.1441,27.7068],[79.1256,27.7086],[79.1243,27.6378],[79.1742,27.6193],[79.163,27.5938],[79.2137,27.5798],[79.2162,27.5418],[79.2653,27.5167],[79.2383,27.4793],[79.2509,27.4507],[79.239,27.4233],[79.2425,27.3972],[79.259,27.3529],[79.2412,27.3366],[79.259,27.3109],[79.2803,27.3104],[79.2799,27.2878],[79.311,27.2926],[79.3143,27.2632],[79.3298,27.2214],[79.3655,27.2128],[79.3852,27.2016],[79.4174,27.2317],[79.4382,27.2163],[79.48,27.2187],[79.5124,27.2152],[79.5181,27.1968],[79.5522,27.1646],[79.5894,27.1741],[79.6008,27.1911],[79.6234,27.1895],[79.6533,27.1716],[79.671,27.1772],[79.6873,27.22],[79.7161,27.2222],[79.6905,27.235],[79.6998,27.2659],[79.7227,27.2856],[79.7121,27.3333],[79.6803,27.3738],[79.6853,27.3908],[79.7153,27.4181],[79.7117,27.4379],[79.7369,27.4578],[79.7064,27.4791],[79.6933,27.4965],[79.6539,27.5013],[79.6461,27.5806],[79.6327,27.5858],[79.6429,27.6203],[79.6396,27.6369],[79.6205,27.6403],[79.6084,27.624],[79.5881,27.6203],[79.5802,27.597],[79.5462,27.5942],[79.5106,27.6045],[79.492,27.5951],[79.4703,27.6024],[79.4677,27.6295],[79.4346,27.6457],[79.4172,27.6337],[79.3852,27.6511],[79.3401,27.6583]]]},"properties":{"NAME_1":"Uttar Pradesh","NAME_2":"Farrukhabad"}},{"type":"Feature","geometry":{"type":"Polygon","coordinates":[[[80.6672,26.1261],[80.6494,26.1497],[80.6055,26.1565],[80.5955,26.1768],[80.602,26.2121],[80.5932,26.2294],[80.558,26.2316],[80.5368,26.2255],[80.5354,26.2068],[80.5299,26.2022],[80.5216,26.2033],[80.5116,26.1979],[80.5009,26.1931],[80.4835,26.1969],[80.472,26.1821],[80.4658,26.1857],[80.4039,26.1664],[80.3464,26.1305],[80.3155,26.1185],[80.3128,26.0957],[80.2936,26.0655],[80.2544,26.0534],[80.2393,25.9953],[80.2086,25.9767],[80.2281,25.9274],[80.2629,25.9356],[80.2927,25.8983],[80.3139,25.8928],[80.3415,25.9036],[80.3807,25.9155],[80.4482,25.9034],[80.4977,25.8827],[80.5477,25.8714],[80.5271,25.8399],[80.4731,25.8382],[80.4606,25.8148],[80.4904,25.7912],[80.5147,25.7814],[80.5677,25.7876],[80.566,25.7661],[80.5471,25.7393],[80.5827,25.7148],[80.6455,25.7063],[80.7113,25.6852],[80.7588,25.6886],[80.7961,25.7054],[80.8194,25.7282],[80.8391,25.7241],[80.8542,25.6802],[80.8937,25.6813],[80.928,25.6915],[80.9389,25.6846],[80.9392,25.6251],[80.9627,25.6128],[81.011,25.6371],[81.0287,25.6303],[81.0252,25.5964],[80.9978,25.5805],[80.9928,25.5677],[81.0137,25.5483],[81.0542,25.5254],[81.142,25.5093],[81.1828,25.4915],[81.1841,25.4564],[81.2106,25.4507],[81.2284,25.486],[81.2513,25.492],[81.2626,25.5114],[81.2451,25.5179],[81.2544,25.5482],[81.2461,25.5666],[81.2173,25.5989],[81.2023,25.6005],[81.2102,25.642],[81.2028,25.6461],[81.2131,25.6921],[81.1898,25.7048],[81.1935,25.7248],[81.2233,25.7228],[81.2286,25.7461],[81.3061,25.7856],[81.3279,25.8143],[81.2879,25.8479],[81.2302,25.8617],[81.2121,25.8783],[81.2077,25.9307],[81.1937,25.9394],[81.1587,25.9392],[81.1568,25.9496],[81.1074,25.9593],[81.1091,25.9772],[81.063,26.0012],[81.0568,26.02],[81.0321,26.0519],[81.0103,26.068],[80.9629,26.073],[80.9312,26.0703],[80.9093,26.0587],[80.8836,26.0596],[80.8426,26.0411],[80.8025,26.0376],[80.752,26.0778],[80.6993,26.0914],[80.6677,26.1095],[80.6672,26.1261]]]},"properties":{"NAME_1":"Uttar Pradesh","NAME_2":"Fatehpur"}},{"type":"Feature","geometry":{"type":"Polygon","coordinates":[[[78.7116,27.3496],[78.7077,27.3818],[78.6772,27.3898],[78.6637,27.42],[78.6361,27.4256],[78.6411,27.4658],[78.652,27.4962],[78.6213,27.4953],[78.5977,27.5157],[78.56,27.4796],[78.5358,27.4475],[78.4999,27.4465],[78.483,27.4304],[78.4568,27.4266],[78.4757,27.388],[78.481,27.3593],[78.4699,27.3478],[78.4492,27.3785],[78.4288,27.3666],[78.3912,27.3768],[78.376,27.3437],[78.3624,27.338],[78.3444,27.353],[78.3023,27.319],[78.2794,27.3163],[78.2698,27.3432],[78.2878,27.3882],[78.2716,27.3993],[78.2416,27.3974],[78.2169,27.4118],[78.189,27.4087],[78.1824,27.408],[78.1704,27.4148],[78.1687,27.4136],[78.1667,27.3964],[78.1602,27.392],[78.1492,27.3895],[78.1322,27.3746],[78.1277,27.3707],[78.1121,27.3772],[78.0977,27.3748],[78.0825,27.3897],[78.0732,27.3978],[78.0693,27.3949],[78.043,27.3748],[78.0635,27.3713],[78.0764,27.3633],[78.077,27.3571],[78.0697,27.3551],[78.0636,27.341],[78.0494,27.3476],[78.034,27.3521],[78.0301,27.3458],[78.0301,27.3396],[78.0205,27.3355],[78.0058,27.3335],[78.0046,27.327],[77.9913,27.3325],[77.9756,27.3139],[77.9828,27.302],[77.9733,27.2861],[77.9715,27.2838],[77.9605,27.2728],[77.9543,27.2698],[77.9547,27.2457],[77.9809,27.2454],[77.9789,27.2717],[78.0028,27.2689],[78.0215,27.2517],[78.0295,27.2155],[78.0216,27.1958],[78.0317,27.1829],[78.0733,27.2057],[78.0865,27.2063],[78.1046,27.1858],[78.1587,27.1816],[78.1972,27.1866],[78.211,27.1625],[78.1939,27.1357],[78.2,27.1109],[78.2172,27.1027],[78.2182,27.0816],[78.284,27.0877],[78.2904,27.1257],[78.3352,27.131],[78.3608,27.1276],[78.3072,27.0999],[78.3233,27.0768],[78.3554,27.0851],[78.3832,27.0618],[78.4246,27.0472],[78.4409,27.0132],[78.4432,26.9899],[78.4739,26.9997],[78.4784,26.9719],[78.5075,26.9631],[78.5181,26.9815],[78.5368,26.9677],[78.5645,26.969],[78.5674,26.9495],[78.5843,26.9308],[78.6001,26.9348],[78.6241,26.9131],[78.6363,26.8851],[78.6648,26.8841],[78.6676,26.9226],[78.7261,26.9259],[78.7399,26.9201],[78.7614,26.9485],[78.7988,26.9644],[78.7632,27.0313],[78.7589,27.0711],[78.768,27.0939],[78.7875,27.1035],[78.7989,27.1504],[78.7509,27.1856],[78.735,27.1872],[78.7505,27.2305],[78.711,27.2682],[78.7122,27.3009],[78.7036,27.3138],[78.7116,27.3496]]]},"properties":{"NAME_1":"Uttar Pradesh","NAME_2":"Firozabad"}},{"type":"Feature","geometry":{"type":"Polygon","coordinates":[[[77.6783,28.5576],[77.6657,28.5818],[77.6452,28.6007],[77.6239,28.5845],[77.5999,28.5995],[77.5939,28.6161],[77.569,28.6317],[77.5564,28.622],[77.5116,28.6527],[77.465,28.631],[77.4537,28.6379],[77.4259,28.6264],[77.3956,28.6342],[77.3894,28.6601],[77.4009,28.6794],[77.3638,28.6871],[77.3271,28.6852],[77.3176,28.6716],[77.3112,28.6446],[77.3371,28.6219],[77.3278,28.6049],[77.3099,28.599],[77.2949,28.5824],[77.2936,28.5797],[77.3031,28.5505],[77.3149,28.5415],[77.3305,28.5241],[77.3368,28.5157],[77.3377,28.509],[77.3605,28.4979],[77.3978,28.4586],[77.4258,28.4545],[77.436,28.4316],[77.4746,28.4135],[77.4695,28.3943],[77.4942,28.3583],[77.4664,28.3412],[77.4958,28.307],[77.4927,28.2806],[77.4673,28.2697],[77.5123,28.2543],[77.5156,28.2298],[77.5379,28.1909],[77.5318,28.1703],[77.4989,28.163],[77.4994,28.1226],[77.4731,28.1037],[77.47,28.0837],[77.5631,28.0851],[77.5991,28.1141],[77.6098,28.1002],[77.6321,28.0995],[77.6487,28.1177],[77.666,28.1091],[77.6876,28.0847],[77.7273,28.0943],[77.7266,28.1291],[77.7531,28.1571],[77.7425,28.1837],[77.7156,28.2184],[77.6653,28.2664],[77.6653,28.3168],[77.6575,28.3302],[77.6553,28.3671],[77.6217,28.4006],[77.6005,28.4085],[77.5859,28.4286],[77.6144,28.4479],[77.6079,28.4721],[77.6801,28.5141],[77.6851,28.5357],[77.6783,28.5576]]]},"properties":{"NAME_1":"Uttar Pradesh","NAME_2":"Gautam Buddha Nagar"}},{"type":"Feature","geometry":{"type":"Polygon","coordinates":[[[78.105,28.8622],[78.0782,28.857],[78.0237,28.869],[77.958,28.8492],[77.9354,28.8507],[77.8863,28.872],[77.8577,28.8677],[77.8504,28.8396],[77.8608,28.8056],[77.8435,28.8071],[77.7819,28.7916],[77.7772,28.7731],[77.7219,28.7421],[77.6871,28.749],[77.685,28.7809],[77.7066,28.7932],[77.7075,28.8146],[77.6923,28.8293],[77.6964,28.8539],[77.6824,28.8806],[77.6496,28.8742],[77.6447,28.8844],[77.5866,28.8802],[77.5803,28.8966],[77.5476,28.9014],[77.5251,28.8937],[77.4977,28.9063],[77.4512,28.9111],[77.4492,28.9312],[77.4363,28.9305],[77.4334,28.9272],[77.4307,28.9198],[77.4246,28.9046],[77.3985,28.8805],[77.3992,28.8542],[77.4091,28.8491],[77.407,28.8412],[77.3877,28.8337],[77.3947,28.8152],[77.4024,28.7966],[77.3974,28.782],[77.3549,28.7966],[77.3531,28.807],[77.3223,28.8059],[77.3176,28.8041],[77.3077,28.7978],[77.2942,28.8066],[77.2857,28.8336],[77.2813,28.8371],[77.2659,28.8383],[77.2479,28.8294],[77.2343,28.8265],[77.2173,28.8353],[77.2136,28.8135],[77.1944,28.8023],[77.1969,28.7953],[77.2085,28.7872],[77.2131,28.7864],[77.2247,28.7876],[77.2209,28.7779],[77.229,28.7724],[77.2459,28.7574],[77.2532,28.7528],[77.2562,28.7399],[77.2664,28.7393],[77.2711,28.7382],[77.2837,28.719],[77.2929,28.7098],[77.2956,28.713],[77.3172,28.7172],[77.3217,28.7118],[77.3271,28.6852],[77.3638,28.6871],[77.4009,28.6794],[77.3894,28.6601],[77.3956,28.6342],[77.4259,28.6264],[77.4537,28.6379],[77.465,28.631],[77.5116,28.6527],[77.5564,28.622],[77.569,28.6317],[77.5939,28.6161],[77.5999,28.5995],[77.6239,28.5845],[77.6452,28.6007],[77.6657,28.5818],[77.6783,28.5576],[77.7148,28.5518],[77.7469,28.5694],[77.7482,28.5848],[77.7768,28.5949],[77.7905,28.6208],[77.8298,28.6352],[77.8475,28.6567],[77.8919,28.6367],[77.891,28.6648],[77.9267,28.7076],[77.9568,28.7195],[77.9764,28.7046],[77.9991,28.7032],[78.0165,28.6765],[78.0552,28.6569],[78.0749,28.6558],[78.0819,28.6398],[78.1176,28.6284],[78.1382,28.6358],[78.1582,28.6233],[78.1987,28.6212],[78.1823,28.6762],[78.1305,28.727],[78.1229,28.7771],[78.1079,28.794],[78.1013,28.8344],[78.105,28.8622]]]},"properties":{"NAME_1":"Uttar Pradesh","NAME_2":"Ghaziabad"}},{"type":"Feature","geometry":{"type":"Polygon","coordinates":[[[83.7239,25.8586],[83.7176,25.8689],[83.6791,25.8705],[83.651,25.8936],[83.6251,25.8823],[83.5787,25.8816],[83.5439,25.8662],[83.4994,25.8661],[83.4717,25.8399],[83.4512,25.8521],[83.3932,25.8394],[83.3704,25.801],[83.3373,25.8168],[83.3166,25.8156],[83.3071,25.7888],[83.2773,25.7624],[83.2599,25.7789],[83.2127,25.7621],[83.2063,25.7346],[83.2334,25.7086],[83.1827,25.6996],[83.1765,25.6754],[83.1395,25.6559],[83.0807,25.6597],[83.0585,25.6542],[83.0559,25.6341],[83.0689,25.6157],[83.0743,25.5724],[83.0637,25.5533],[83.0691,25.5406],[83.0629,25.5369],[83.0621,25.5237],[83.0784,25.4963],[83.0849,25.4966],[83.089,25.5058],[83.0988,25.4974],[83.1037,25.4967],[83.0985,25.5108],[83.09,25.5227],[83.1097,25.5235],[83.1435,25.5085],[83.1507,25.5053],[83.1497,25.5094],[83.1584,25.5252],[83.1654,25.526],[83.1711,25.5128],[83.1919,25.5343],[83.2395,25.526],[83.28,25.506],[83.2982,25.4775],[83.3318,25.4658],[83.3722,25.4901],[83.4052,25.4892],[83.4474,25.4451],[83.4961,25.4085],[83.5278,25.393],[83.5217,25.3801],[83.5409,25.3496],[83.524,25.3219],[83.5347,25.3152],[83.5543,25.3141],[83.5609,25.3161],[83.5629,25.3097],[83.5839,25.3249],[83.6032,25.3316],[83.6107,25.3326],[83.6201,25.3286],[83.6248,25.3349],[83.629,25.3379],[83.63,25.3432],[83.6318,25.3421],[83.6425,25.3411],[83.6454,25.3576],[83.6562,25.3637],[83.6691,25.3645],[83.679,25.3666],[83.689,25.3713],[83.6878,25.3741],[83.6763,25.3817],[83.6928,25.3938],[83.6963,25.3964],[83.7095,25.3953],[83.7253,25.3977],[83.7349,25.4093],[83.7406,25.4002],[83.7481,25.4043],[83.7507,25.405],[83.7589,25.4005],[83.7497,25.3921],[83.7619,25.3879],[83.7635,25.3986],[83.7707,25.4002],[83.7966,25.4083],[83.7944,25.4316],[83.8029,25.4329],[83.8241,25.4332],[83.8304,25.4511],[83.8186,25.4529],[83.8079,25.4533],[83.8067,25.4585],[83.8147,25.4683],[83.8294,25.4615],[83.8549,25.4849],[83.8598,25.4892],[83.8667,25.4935],[83.873,25.5204],[83.8928,25.5255],[83.9136,25.5543],[83.921,25.5617],[83.9253,25.5884],[83.9375,25.5921],[83.9244,25.6424],[83.9395,25.6775],[83.9464,25.7496],[83.8751,25.7651],[83.8545,25.795],[83.8296,25.782],[83.8108,25.7852],[83.7452,25.8358],[83.7239,25.8586]]]},"properties":{"NAME_1":"Uttar Pradesh","NAME_2":"Ghazipur"}},{"type":"Feature","geometry":{"type":"Polygon","coordinates":[[[81.9626,27.4444],[81.9607,27.4473],[81.9549,27.4409],[81.9522,27.4393],[81.9455,27.4359],[81.9383,27.4386],[81.935,27.4433],[81.9328,27.4376],[81.928,27.4267],[81.9298,27.3956],[81.9309,27.3928],[81.9081,27.3814],[81.9017,27.3793],[81.8994,27.3712],[81.9026,27.3586],[81.9081,27.3523],[81.9009,27.3462],[81.9003,27.3406],[81.9111,27.3353],[81.8947,27.3256],[81.8828,27.3233],[81.8804,27.3287],[81.8803,27.331],[81.8702,27.3347],[81.8663,27.3374],[81.8443,27.3339],[81.842,27.3289],[81.8285,27.2872],[81.8195,27.2838],[81.8135,27.2768],[81.8102,27.2794],[81.8057,27.2719],[81.7963,27.278],[81.7902,27.2912],[81.7863,27.3004],[81.7765,27.3],[81.7666,27.3006],[81.7675,27.3151],[81.7607,27.315],[81.7539,27.3171],[81.7478,27.3201],[81.7412,27.3267],[81.727,27.3372],[81.7147,27.331],[81.7135,27.3321],[81.6743,27.3246],[81.6689,27.3093],[81.6974,27.2986],[81.6949,27.2755],[81.6599,27.2436],[81.6387,27.1936],[81.6223,27.1425],[81.5978,27.1462],[81.579,27.1175],[81.5579,27.1218],[81.5337,27.1003],[81.5063,27.0877],[81.4973,27.0639],[81.5202,27.0531],[81.5497,27.0549],[81.5526,27.0341],[81.5719,27.0158],[81.592,27.0258],[81.6181,27.0232],[81.6446,27.0092],[81.6481,26.9669],[81.7162,26.9613],[81.7079,26.936],[81.7456,26.8898],[81.7949,26.8684],[81.8125,26.8538],[81.8478,26.8394],[81.875,26.8372],[81.9099,26.7934],[81.9675,26.7829],[81.9976,26.7912],[82.0298,26.811],[82.0475,26.8072],[82.0802,26.8135],[82.1026,26.8283],[82.1319,26.836],[82.1627,26.8313],[82.1759,26.8374],[82.2151,26.8116],[82.2281,26.8226],[82.2324,26.8591],[82.2228,26.8725],[82.2403,26.8987],[82.2264,26.9183],[82.2337,26.9388],[82.2809,26.9545],[82.3111,26.9801],[82.3193,26.9599],[82.3499,26.9355],[82.3888,26.951],[82.4275,26.9314],[82.4379,26.9352],[82.4773,26.9092],[82.4924,26.925],[82.4939,26.9426],[82.5102,26.9564],[82.5535,26.9692],[82.5622,26.9917],[82.5807,27.0058],[82.6066,27.0084],[82.5622,27.0251],[82.5651,27.0426],[82.5487,27.0613],[82.5595,27.0719],[82.5393,27.113],[82.5117,27.1226],[82.4864,27.161],[82.4719,27.1558],[82.4492,27.1],[82.4306,27.0711],[82.3893,27.0505],[82.3398,27.1],[82.3067,27.1207],[82.2572,27.1475],[82.2291,27.1539],[82.2324,27.1586],[82.2314,27.1637],[82.226,27.1614],[82.2238,27.1642],[82.2244,27.1658],[82.2224,27.1726],[82.2175,27.1778],[82.2312,27.2199],[82.2344,27.2255],[82.2362,27.2286],[82.2619,27.243],[82.2765,27.2332],[82.2809,27.2266],[82.292,27.2223],[82.2943,27.2247],[82.297,27.2292],[82.2971,27.2379],[82.2925,27.2392],[82.2907,27.2416],[82.2851,27.246],[82.2862,27.254],[82.2816,27.2528],[82.2765,27.2548],[82.2759,27.2604],[82.2668,27.2585],[82.264,27.2599],[82.2638,27.2677],[82.252,27.2719],[82.2476,27.2704],[82.2451,27.2824],[82.239,27.283],[82.2298,27.2892],[82.2097,27.3042],[82.1939,27.3103],[82.1969,27.3152],[82.1956,27.317],[82.1913,27.3168],[82.1803,27.3255],[82.1734,27.3239],[82.1676,27.3307],[82.1647,27.3319],[82.1566,27.3314],[82.147,27.3281],[82.1377,27.3511],[82.1335,27.3605],[82.1226,27.371],[82.1208,27.3756],[82.1024,27.3803],[82.1109,27.3987],[82.109,27.4016],[82.0986,27.4123],[82.0932,27.4037],[82.0848,27.4066],[82.0754,27.4024],[82.0711,27.4003],[82.0654,27.4118],[82.0455,27.4219],[82.0342,27.419],[82.0289,27.4231],[82.0121,27.4218],[81.9924,27.4172],[81.9895,27.4242],[81.9879,27.4304],[81.9814,27.435],[81.9696,27.4446],[81.9626,27.4444]]]},"properties":{"NAME_1":"Uttar Pradesh","NAME_2":"Gonda"}},{"type":"Feature","geometry":{"type":"Polygon","coordinates":[[[83.2384,26.9759],[83.2112,26.9974],[83.2167,26.9904],[83.2097,26.9762],[83.2058,26.9736],[83.1957,26.9708],[83.199,26.958],[83.1982,26.956],[83.1863,26.9509],[83.1893,26.9445],[83.1989,26.9482],[83.2157,26.9464],[83.2105,26.9359],[83.2017,26.9407],[83.2002,26.929],[83.212,26.9189],[83.21,26.9108],[83.199,26.9076],[83.1981,26.8846],[83.159,26.8846],[83.1478,26.8754],[83.1266,26.8765],[83.1241,26.8711],[83.118,26.8514],[83.105,26.8155],[83.1003,26.8144],[83.0906,26.8113],[83.1056,26.7818],[83.1031,26.77],[83.1132,26.7682],[83.1212,26.7719],[83.1226,26.7799],[83.1283,26.7763],[83.1348,26.7708],[83.1329,26.7454],[83.1201,26.7316],[83.1005,26.7269],[83.1004,26.7169],[83.0919,26.7218],[83.0845,26.7227],[83.0804,26.7184],[83.0804,26.7027],[83.0866,26.6917],[83.0941,26.6857],[83.1014,26.6897],[83.1048,26.69],[83.0953,26.6693],[83.1143,26.6628],[83.123,26.6583],[83.125,26.6506],[83.1225,26.6415],[83.103,26.6226],[83.1083,26.6029],[83.1157,26.6002],[83.1356,26.5752],[83.1335,26.5685],[83.1317,26.5656],[83.1491,26.5422],[83.162,26.5337],[83.1735,26.53],[83.1777,26.5335],[83.1926,26.5234],[83.1882,26.5065],[83.184,26.495],[83.1769,26.4925],[83.1629,26.5046],[83.0991,26.4922],[83.0827,26.4829],[83.0794,26.478],[83.0886,26.4575],[83.0879,26.4425],[83.0889,26.4353],[83.0867,26.4284],[83.0727,26.4187],[83.0614,26.4112],[83.0743,26.3964],[83.1256,26.3881],[83.1541,26.3999],[83.2218,26.3963],[83.279,26.3614],[83.3179,26.3481],[83.328,26.3531],[83.3921,26.2992],[83.3919,26.2871],[83.4317,26.2737],[83.4686,26.2837],[83.4989,26.28],[83.5252,26.2799],[83.5628,26.2548],[83.5974,26.2483],[83.6002,26.235],[83.6257,26.2257],[83.6347,26.2776],[83.662,26.2914],[83.6491,26.3218],[83.6221,26.3027],[83.6163,26.3252],[83.5703,26.3758],[83.5572,26.3955],[83.5391,26.357],[83.5306,26.3604],[83.5152,26.4032],[83.4724,26.4601],[83.4911,26.4973],[83.5215,26.4967],[83.5455,26.5128],[83.5926,26.5176],[83.6071,26.5711],[83.6209,26.5771],[83.6104,26.6191],[83.6248,26.6254],[83.6222,26.6602],[83.6099,26.7065],[83.6107,26.7563],[83.5832,26.7729],[83.5853,26.7926],[83.5507,26.8391],[83.5187,26.8574],[83.5376,26.8928],[83.4855,26.9019],[83.487,26.9124],[83.4756,26.9163],[83.4738,26.919],[83.4618,26.9293],[83.4615,26.9329],[83.4673,26.9421],[83.451,26.951],[83.4474,26.9524],[83.4365,26.953],[83.4214,26.9519],[83.4262,26.9607],[83.3595,26.9629],[83.3445,26.9554],[83.3124,26.9225],[83.31,26.9151],[83.3164,26.9089],[83.3006,26.9062],[83.2926,26.9188],[83.2802,26.9347],[83.2818,26.9573],[83.2688,26.9617],[83.2604,26.974],[83.2588,26.9784],[83.2384,26.9759]]]},"properties":{"NAME_1":"Uttar Pradesh","NAME_2":"Gorakhpur"}},{"type":"Feature","geometry":{"type":"Polygon","coordinates":[[[80.2281,25.9274],[80.2056,25.9223],[80.1867,25.953],[80.133,25.9721],[80.075,26.0102],[80.0998,26.0296],[80.1046,26.0597],[80.0865,26.083],[80.0669,26.0849],[80.0041,26.0727],[79.9608,26.0759],[79.9494,26.0833],[79.9627,26.1389],[79.9592,26.1587],[79.9312,26.163],[79.9305,26.13],[79.9129,26.096],[79.9378,26.0625],[79.9379,26.0307],[79.9458,26.012],[79.9037,25.9752],[79.8841,25.9702],[79.8582,25.9408],[79.8619,25.8868],[79.8322,25.8913],[79.8138,25.9176],[79.7974,25.8693],[79.7592,25.878],[79.7434,25.9117],[79.7318,25.9179],[79.6994,25.9122],[79.6848,25.932],[79.6574,25.9091],[79.6132,25.9374],[79.5976,25.9276],[79.6085,25.908],[79.567,25.8905],[79.5256,25.9004],[79.5146,25.8858],[79.5355,25.8678],[79.5627,25.8722],[79.5661,25.8556],[79.5457,25.8276],[79.5334,25.8248],[79.4997,25.8616],[79.4862,25.8593],[79.4516,25.8291],[79.4557,25.7965],[79.442,25.792],[79.4009,25.8152],[79.3898,25.8014],[79.3871,25.7815],[79.3665,25.7817],[79.3675,25.7515],[79.39,25.7464],[79.366,25.7207],[79.3648,25.7043],[79.3792,25.6881],[79.367,25.6549],[79.3536,25.6454],[79.3704,25.6255],[79.3667,25.6077],[79.4025,25.5504],[79.3811,25.5269],[79.4191,25.5096],[79.459,25.5114],[79.4846,25.4988],[79.5272,25.4881],[79.5319,25.497],[79.5853,25.5002],[79.6076,25.4877],[79.6367,25.4907],[79.639,25.515],[79.6584,25.5177],[79.652,25.5467],[79.6935,25.5554],[79.706,25.5713],[79.7354,25.5516],[79.7311,25.5305],[79.7641,25.5218],[79.8062,25.5039],[79.8207,25.532],[79.8228,25.554],[79.8513,25.5523],[79.8632,25.5803],[79.8849,25.5828],[79.9056,25.6014],[79.9343,25.5972],[79.9497,25.6173],[79.9364,25.631],[79.9447,25.6468],[79.9719,25.6357],[79.9993,25.5993],[80.0177,25.5932],[79.992,25.5368],[80.0011,25.5155],[79.992,25.4937],[80.0292,25.4832],[80.0161,25.449],[80.0226,25.4366],[80.0557,25.4315],[80.099,25.4055],[80.113,25.4121],[80.1312,25.461],[80.1825,25.4466],[80.1856,25.4716],[80.216,25.4752],[80.2043,25.4924],[80.2148,25.5052],[80.2062,25.5589],[80.2247,25.5643],[80.2443,25.592],[80.2691,25.5855],[80.2822,25.6118],[80.2679,25.6247],[80.3089,25.6497],[80.2956,25.6979],[80.3124,25.7134],[80.3389,25.7214],[80.2965,25.7659],[80.2677,25.7726],[80.2533,25.7919],[80.2537,25.8105],[80.293,25.8481],[80.3183,25.8485],[80.3439,25.8746],[80.3415,25.9036],[80.3139,25.8928],[80.2927,25.8983],[80.2629,25.9356],[80.2281,25.9274]]]},"properties":{"NAME_1":"Uttar Pradesh","NAME_2":"Hamirpur"}},{"type":"Feature","geometry":{"type":"Polygon","coordinates":[[[80.3017,27.6844],[80.2814,27.7139],[80.2404,27.7621],[80.1911,27.7811],[80.1341,27.7596],[80.1154,27.7814],[80.0791,27.7891],[80.0525,27.7761],[80.0485,27.747],[80.0178,27.7497],[80.0079,27.7362],[79.951,27.7338],[79.941,27.7216],[79.9079,27.709],[79.8713,27.7059],[79.8723,27.6829],[79.8557,27.6584],[79.8042,27.6625],[79.7753,27.6883],[79.7562,27.7186],[79.7275,27.725],[79.7186,27.6782],[79.6861,27.6589],[79.6782,27.6394],[79.691,27.6218],[79.6938,27.5964],[79.7062,27.572],[79.699,27.5527],[79.7178,27.5433],[79.7223,27.4922],[79.7064,27.4791],[79.7369,27.4578],[79.7117,27.4379],[79.7153,27.4181],[79.6853,27.3908],[79.6803,27.3738],[79.7121,27.3333],[79.7227,27.2856],[79.6998,27.2659],[79.6905,27.235],[79.7161,27.2222],[79.7693,27.1955],[79.7954,27.174],[79.8498,27.1786],[79.8555,27.1552],[79.8958,27.1522],[79.913,27.1033],[79.9348,27.0854],[79.9662,27.0704],[79.9653,27.0407],[80.0058,26.9825],[80.0112,26.9582],[80.0421,26.9247],[80.0487,26.9392],[80.0908,26.9852],[80.1523,26.9907],[80.1748,27.0014],[80.1646,26.9642],[80.1959,26.9758],[80.2201,26.9759],[80.2328,27.018],[80.2424,27.0322],[80.2759,27.0356],[80.295,27.0305],[80.2858,27.0062],[80.3187,26.9949],[80.3304,26.9727],[80.3294,26.9539],[80.3514,26.9282],[80.3746,26.9358],[80.4062,26.8928],[80.4202,26.9173],[80.418,26.9469],[80.4378,26.9531],[80.4364,26.972],[80.453,26.9823],[80.4915,26.9904],[80.5195,27.0126],[80.5507,27.0162],[80.5783,27.0319],[80.5891,27.0476],[80.6112,27.0507],[80.6369,27.084],[80.6762,27.0686],[80.7324,27.1069],[80.7735,27.1033],[80.7844,27.115],[80.8173,27.1067],[80.7985,27.1182],[80.8093,27.1414],[80.8057,27.1713],[80.7791,27.2113],[80.7595,27.2057],[80.7179,27.2408],[80.6887,27.2243],[80.647,27.2326],[80.6311,27.2707],[80.5941,27.2722],[80.5557,27.2975],[80.5498,27.2751],[80.5077,27.2725],[80.4971,27.3088],[80.4854,27.316],[80.472,27.3498],[80.4571,27.351],[80.4377,27.4083],[80.4092,27.4242],[80.3815,27.4791],[80.3438,27.4897],[80.335,27.5171],[80.3226,27.5224],[80.3094,27.5515],[80.315,27.5597],[80.2957,27.587],[80.295,27.6373],[80.3017,27.6844]]]},"properties":{"NAME_1":"Uttar Pradesh","NAME_2":"Hardoi"}},{"type":"Feature","geometry":{"type":"Polygon","coordinates":[[[78.4658,27.8144],[78.4625,27.8148],[78.4519,27.82],[78.448,27.8279],[78.399,27.7594],[78.3857,27.7249],[78.3618,27.6903],[78.3219,27.669],[78.2661,27.6663],[78.2235,27.6983],[78.2098,27.692],[78.1929,27.7026],[78.165,27.7214],[78.1737,27.7296],[78.1669,27.7452],[78.1695,27.7623],[78.1446,27.7658],[78.1378,27.7711],[78.1257,27.7744],[78.1184,27.7768],[78.111,27.7715],[78.0936,27.7719],[78.0734,27.777],[78.0618,27.7744],[78.0616,27.7869],[78.0386,27.7899],[78.0336,27.7783],[78.0183,27.772],[78.01,27.7633],[78.0112,27.7593],[78.0249,27.7543],[78.0211,27.7393],[78.0139,27.7428],[77.9967,27.7341],[78.0033,27.7304],[77.9942,27.7134],[77.9908,27.7036],[78.0134,27.6736],[78.0062,27.6609],[78.0111,27.6486],[77.9909,27.6469],[77.9839,27.6429],[77.9768,27.6286],[77.9909,27.6077],[77.9579,27.6122],[77.9502,27.6181],[77.9315,27.61],[77.9203,27.608],[77.9004,27.5916],[77.8903,27.5875],[77.8995,27.5696],[77.8897,27.5572],[77.8864,27.5533],[77.8697,27.5327],[77.8808,27.5223],[77.8952,27.5208],[77.9049,27.5025],[77.9177,27.4749],[77.915,27.3765],[77.9203,27.3233],[77.9511,27.2995],[77.9531,27.298],[77.9733,27.2861],[77.9828,27.302],[77.9756,27.3139],[77.9913,27.3325],[78.0046,27.327],[78.0058,27.3335],[78.0205,27.3355],[78.0301,27.3396],[78.0301,27.3458],[78.034,27.3521],[78.0494,27.3476],[78.0636,27.341],[78.0697,27.3551],[78.077,27.3571],[78.0764,27.3633],[78.0635,27.3713],[78.043,27.3748],[78.0693,27.3949],[78.0732,27.3978],[78.0825,27.3897],[78.0977,27.3748],[78.1121,27.3772],[78.1277,27.3707],[78.1322,27.3746],[78.1492,27.3895],[78.1602,27.392],[78.1667,27.3964],[78.1687,27.4136],[78.1704,27.4148],[78.1824,27.408],[78.1884,27.4389],[78.1722,27.4329],[78.171,27.4385],[78.1839,27.4622],[78.1912,27.4657],[78.1932,27.4813],[78.1991,27.4889],[78.1959,27.5109],[78.211,27.5187],[78.205,27.5294],[78.22,27.5308],[78.2393,27.5276],[78.2609,27.5329],[78.264,27.5315],[78.2747,27.542],[78.2731,27.5595],[78.3094,27.553],[78.3048,27.5649],[78.309,27.5788],[78.324,27.5847],[78.3245,27.5886],[78.3294,27.5859],[78.3396,27.5808],[78.3537,27.5797],[78.3541,27.5651],[78.3775,27.5724],[78.3796,27.5844],[78.3977,27.586],[78.4069,27.5865],[78.4369,27.6018],[78.4599,27.6237],[78.4819,27.6195],[78.4961,27.6305],[78.492,27.6417],[78.4912,27.6497],[78.5008,27.6698],[78.5058,27.6758],[78.5019,27.6774],[78.4959,27.6908],[78.4996,27.7083],[78.5154,27.7343],[78.5049,27.746],[78.4849,27.7515],[78.4659,27.7643],[78.465,27.7703],[78.4717,27.7732],[78.47,27.7803],[78.4701,27.7872],[78.4735,27.795],[78.471,27.7959],[78.4642,27.805],[78.4656,27.8083],[78.4658,27.8144]]]},"properties":{"NAME_1":"Uttar Pradesh","NAME_2":"Hathras"}},{"type":"Feature","geometry":{"type":"Polygon","coordinates":[[[79.495,26.3693],[79.4821,26.3944],[79.4775,26.4252],[79.4655,26.4367],[79.4276,26.437],[79.3562,26.4112],[79.333,26.4069],[79.3033,26.4222],[79.284,26.448],[79.2429,26.4334],[79.1788,26.4363],[79.1268,26.4448],[79.1172,26.4171],[79.0807,26.4055],[79.0891,26.3771],[79.0768,26.3627],[79.1166,26.3536],[79.1266,26.316],[79.098,26.3146],[79.0777,26.2872],[79.0579,26.2838],[79.0406,26.2293],[79.0171,26.2322],[79.0182,26.2125],[79.0023,26.1968],[79.0007,26.155],[78.9603,26.1543],[78.9444,26.1375],[78.9665,26.1257],[78.9718,26.1087],[79.0032,26.0818],[78.9825,26.0738],[78.9443,26.037],[78.9505,26.0258],[78.9432,25.9907],[78.9274,25.9555],[78.9574,25.9416],[78.9715,25.9487],[78.9958,25.9388],[79.0109,25.9456],[79.0343,25.9327],[79.0779,25.9218],[79.0742,25.91],[79.04,25.9047],[79.0327,25.873],[79.0679,25.8646],[79.0701,25.8957],[79.1002,25.8962],[79.09,25.8666],[79.1192,25.8515],[79.1098,25.8297],[79.1258,25.8188],[79.1792,25.8066],[79.2056,25.7951],[79.2303,25.813],[79.258,25.7976],[79.2838,25.7974],[79.312,25.7747],[79.3378,25.7903],[79.3758,25.7913],[79.3898,25.8014],[79.4009,25.8152],[79.442,25.792],[79.4557,25.7965],[79.4516,25.8291],[79.4862,25.8593],[79.4997,25.8616],[79.5334,25.8248],[79.5457,25.8276],[79.5661,25.8556],[79.5627,25.8722],[79.5355,25.8678],[79.5146,25.8858],[79.5256,25.9004],[79.567,25.8905],[79.6085,25.908],[79.5976,25.9276],[79.6132,25.9374],[79.6574,25.9091],[79.6848,25.932],[79.6994,25.9122],[79.7318,25.9179],[79.7434,25.9117],[79.7592,25.878],[79.7974,25.8693],[79.8138,25.9176],[79.8322,25.8913],[79.8619,25.8868],[79.8582,25.9408],[79.8841,25.9702],[79.9037,25.9752],[79.9458,26.012],[79.9379,26.0307],[79.9378,26.0625],[79.9129,26.096],[79.8903,26.098],[79.8594,26.1197],[79.8304,26.1062],[79.7783,26.1137],[79.7636,26.1309],[79.7363,26.1399],[79.7604,26.1723],[79.7572,26.1883],[79.7216,26.1895],[79.6418,26.2161],[79.6435,26.2477],[79.5748,26.2617],[79.5405,26.2807],[79.5191,26.3102],[79.5215,26.3225],[79.5607,26.3444],[79.5459,26.365],[79.5176,26.348],[79.495,26.3693]]]},"properties":{"NAME_1":"Uttar Pradesh","NAME_2":"Jalaun"}},{"type":"Feature","geometry":{"type":"Polygon","coordinates":[[[82.6731,26.1547],[82.6627,26.1651],[82.6182,26.1749],[82.5916,26.1996],[82.5574,26.145],[82.5268,26.1493],[82.4686,26.1341],[82.4388,26.1379],[82.4279,26.1063],[82.458,26.0778],[82.4576,26.0479],[82.4963,26.0433],[82.5007,26.0193],[82.5147,26.0044],[82.4948,25.994],[82.4757,26.0044],[82.4232,26.0124],[82.4173,25.9848],[82.3952,25.9764],[82.3595,25.9825],[82.3404,25.9651],[82.355,25.9446],[82.3845,25.9377],[82.3657,25.917],[82.2874,25.8953],[82.2803,25.8628],[82.2469,25.836],[82.2086,25.8414],[82.1938,25.8245],[82.1679,25.824],[82.1704,25.7842],[82.1879,25.7428],[82.1804,25.7148],[82.1603,25.7058],[82.1472,25.6826],[82.1317,25.6555],[82.1122,25.6469],[82.1466,25.6036],[82.1739,25.5847],[82.2199,25.5912],[82.2421,25.5827],[82.2773,25.5556],[82.3217,25.5392],[82.3249,25.5391],[82.3269,25.5391],[82.3379,25.5333],[82.3406,25.5313],[82.3439,25.5176],[82.3484,25.5148],[82.3534,25.5134],[82.3579,25.5116],[82.3672,25.5113],[82.3677,25.5149],[82.3652,25.5169],[82.3643,25.5219],[82.3721,25.521],[82.3752,25.5194],[82.3848,25.5166],[82.3844,25.5213],[82.3847,25.5235],[82.3884,25.5237],[82.3889,25.5231],[82.3911,25.5171],[82.3973,25.5051],[82.4021,25.4973],[82.4036,25.4934],[82.4048,25.4946],[82.4103,25.5004],[82.4091,25.5017],[82.4077,25.5043],[82.4059,25.5073],[82.4106,25.5101],[82.413,25.5116],[82.4187,25.5194],[82.4243,25.5193],[82.4316,25.52],[82.4385,25.5182],[82.4388,25.5139],[82.4388,25.5127],[82.44,25.5001],[82.4404,25.498],[82.4423,25.4968],[82.4442,25.4955],[82.4516,25.4933],[82.4562,25.4919],[82.4658,25.4909],[82.4712,25.488],[82.4669,25.4836],[82.4665,25.4831],[82.4624,25.4812],[82.4581,25.4774],[82.4572,25.4758],[82.4632,25.4707],[82.4714,25.4739],[82.4736,25.4748],[82.4831,25.4797],[82.4861,25.48],[82.4924,25.4787],[82.4944,25.4776],[82.497,25.4751],[82.498,25.4732],[82.5004,25.4687],[82.5004,25.4642],[82.5043,25.4583],[82.5059,25.45],[82.5062,25.4446],[82.5165,25.4443],[82.5227,25.4422],[82.5293,25.4402],[82.5359,25.4396],[82.5376,25.4399],[82.5439,25.4424],[82.5453,25.4459],[82.5456,25.4501],[82.5455,25.4506],[82.5398,25.4545],[82.5375,25.455],[82.5342,25.4562],[82.5338,25.4567],[82.5334,25.4651],[82.5383,25.4648],[82.5458,25.4625],[82.5504,25.4588],[82.5548,25.4528],[82.5568,25.4426],[82.557,25.4365],[82.5573,25.4346],[82.5594,25.4219],[82.565,25.4176],[82.5674,25.4183],[82.5738,25.4298],[82.5742,25.4319],[82.5741,25.4351],[82.5734,25.441],[82.5716,25.448],[82.5769,25.4555],[82.5867,25.4531],[82.5954,25.4535],[82.5979,25.4533],[82.603,25.4505],[82.6053,25.4461],[82.6041,25.4403],[82.594,25.4287],[82.5899,25.422],[82.5925,25.4182],[82.5942,25.4182],[82.6001,25.4193],[82.6053,25.4201],[82.6151,25.416],[82.6209,25.4145],[82.627,25.412],[82.6301,25.4097],[82.6284,25.4038],[82.6259,25.4033],[82.613,25.4066],[82.6181,25.3954],[82.6238,25.3962],[82.6276,25.3969],[82.6298,25.3973],[82.6361,25.3993],[82.6381,25.4001],[82.6392,25.4008],[82.6569,25.4024],[82.6603,25.4023],[82.6661,25.4025],[82.6744,25.401],[82.6844,25.3965],[82.6851,25.3973],[82.6852,25.3987],[82.6826,25.4016],[82.6776,25.41],[82.6768,25.4114],[82.6759,25.4156],[82.6761,25.4198],[82.6873,25.4348],[82.6954,25.4351],[82.7041,25.4354],[82.7115,25.4363],[82.7112,25.4413],[82.7104,25.4428],[82.7081,25.4449],[82.7048,25.4469],[82.7011,25.4482],[82.6988,25.4499],[82.6961,25.4495],[82.6942,25.451],[82.6973,25.4574],[82.6972,25.4604],[82.7018,25.4619],[82.7131,25.4632],[82.7207,25.4639],[82.7251,25.4641],[82.7278,25.4649],[82.7276,25.466],[82.7279,25.4706],[82.7272,25.4738],[82.7214,25.4747],[82.7115,25.48],[82.702,25.4885],[82.7058,25.4998],[82.7099,25.5031],[82.7171,25.5135],[82.7169,25.5218],[82.7152,25.5258],[82.7093,25.5299],[82.7062,25.5326],[82.7053,25.5344],[82.7066,25.5358],[82.7175,25.5439],[82.7281,25.549],[82.733,25.5489],[82.7347,25.5488],[82.7359,25.5482],[82.7396,25.5463],[82.7484,25.5444],[82.7566,25.5374],[82.7593,25.535],[82.7649,25.532],[82.7692,25.5316],[82.773,25.5329],[82.7735,25.5336],[82.7762,25.5421],[82.7764,25.544],[82.7798,25.5462],[82.783,25.5449],[82.7849,25.545],[82.7862,25.5478],[82.7879,25.5524],[82.7892,25.554],[82.7917,25.5555],[82.7939,25.5555],[82.8012,25.5563],[82.8044,25.5555],[82.8078,25.5549],[82.8197,25.554],[82.8221,25.555],[82.8294,25.5564],[82.8318,25.5705],[82.8368,25.5683],[82.8387,25.5678],[82.8454,25.5663],[82.8481,25.5697],[82.8482,25.5702],[82.8556,25.581],[82.8568,25.5821],[82.8632,25.5798],[82.8678,25.5721],[82.8711,25.5685],[82.8736,25.5685],[82.8861,25.5718],[82.8882,25.5724],[82.8951,25.5722],[82.8963,25.572],[82.9117,25.5716],[82.9147,25.5726],[82.922,25.5721],[82.9253,25.5701],[82.9292,25.5629],[82.933,25.5545],[82.9372,25.5481],[82.9381,25.5457],[82.9363,25.5329],[82.9458,25.5274],[82.9525,25.5275],[82.9546,25.5279],[82.9605,25.5345],[82.9698,25.5496],[82.975,25.5566],[82.9793,25.5567],[82.9913,25.5535],[83.0028,25.551],[83.0082,25.5736],[83.0131,25.5781],[83.0207,25.5733],[83.0393,25.5433],[83.0442,25.5471],[83.0637,25.5533],[83.0743,25.5724],[83.0689,25.6157],[83.0559,25.6341],[83.0585,25.6542],[83.0661,25.6855],[83.0343,25.692],[83.0325,25.7035],[82.9956,25.711],[82.9771,25.6821],[82.9559,25.7049],[82.9371,25.707],[82.9149,25.7419],[82.9222,25.7533],[82.8903,25.7757],[82.8393,25.7672],[82.8162,25.7744],[82.7972,25.7913],[82.7989,25.8051],[82.7778,25.8282],[82.7492,25.84],[82.7666,25.8843],[82.7521,25.9345],[82.7187,25.9926],[82.7125,26.0454],[82.692,26.0746],[82.6981,26.0973],[82.6717,26.11],[82.6596,26.1441],[82.6731,26.1547]]]},"properties":{"NAME_1":"Uttar Pradesh","NAME_2":"Jaunpur"}},{"type":"Feature","geometry":{"type":"Polygon","coordinates":[[[79.3898,25.8014],[79.3758,25.7913],[79.3378,25.7903],[79.312,25.7747],[79.2838,25.7974],[79.258,25.7976],[79.2303,25.813],[79.2056,25.7951],[79.1792,25.8066],[79.1258,25.8188],[79.1098,25.8297],[79.1192,25.8515],[79.09,25.8666],[79.1002,25.8962],[79.0701,25.8957],[79.0679,25.8646],[79.0327,25.873],[79.04,25.9047],[79.0742,25.91],[79.0779,25.9218],[79.0343,25.9327],[79.0109,25.9456],[78.9958,25.9388],[78.9715,25.9487],[78.9574,25.9416],[78.9274,25.9555],[78.8764,25.9157],[78.8872,25.899],[78.8837,25.8765],[78.8578,25.872],[78.844,25.8453],[78.8658,25.8344],[78.8633,25.8021],[78.8413,25.8052],[78.841,25.8206],[78.8158,25.8311],[78.8205,25.7994],[78.7996,25.7994],[78.7758,25.7615],[78.7468,25.7491],[78.7607,25.7208],[78.7912,25.7105],[78.8113,25.6745],[78.8112,25.6455],[78.7945,25.6175],[78.7328,25.6031],[78.7112,25.6066],[78.677,25.5941],[78.6486,25.5656],[78.6202,25.5736],[78.6042,25.5873],[78.5812,25.5643],[78.5471,25.5647],[78.5275,25.5729],[78.4811,25.5804],[78.46,25.5646],[78.4371,25.5644],[78.4261,25.5615],[78.4087,25.5329],[78.4086,25.508],[78.4216,25.4797],[78.3938,25.4713],[78.3857,25.4542],[78.361,25.4466],[78.3476,25.4548],[78.3352,25.4311],[78.3325,25.4046],[78.2942,25.3676],[78.3232,25.3553],[78.3313,25.3367],[78.308,25.311],[78.3452,25.2979],[78.3451,25.283],[78.3622,25.2654],[78.3552,25.25],[78.3752,25.2258],[78.3955,25.2212],[78.3854,25.1952],[78.4173,25.1728],[78.4439,25.1726],[78.442,25.1574],[78.4229,25.1454],[78.4429,25.1288],[78.4811,25.152],[78.5001,25.1748],[78.5268,25.188],[78.5626,25.226],[78.5686,25.2586],[78.536,25.2719],[78.5209,25.288],[78.4893,25.2921],[78.454,25.2706],[78.4287,25.2808],[78.4298,25.297],[78.4693,25.3033],[78.4875,25.3202],[78.5051,25.3021],[78.5251,25.3065],[78.5336,25.3309],[78.5281,25.3659],[78.556,25.3486],[78.5762,25.3519],[78.5778,25.3771],[78.6035,25.4171],[78.6338,25.4095],[78.6325,25.433],[78.658,25.4438],[78.6892,25.4454],[78.7002,25.4261],[78.6691,25.4039],[78.6579,25.388],[78.7098,25.3763],[78.7038,25.3586],[78.7357,25.3492],[78.7644,25.3584],[78.7586,25.4041],[78.7454,25.4155],[78.7946,25.4266],[78.7895,25.442],[78.7654,25.43],[78.7246,25.4633],[78.7263,25.4901],[78.7565,25.4762],[78.7895,25.4835],[78.8537,25.4523],[78.8572,25.4671],[78.8339,25.516],[78.876,25.5243],[78.8684,25.5442],[78.8855,25.5608],[78.9257,25.56],[78.9417,25.5514],[78.9419,25.5312],[78.9167,25.5168],[78.9352,25.4943],[78.93,25.4686],[78.9032,25.4469],[78.9291,25.4283],[78.9426,25.4417],[78.9601,25.4389],[78.9702,25.4205],[78.9745,25.3726],[78.9484,25.37],[78.9387,25.3528],[78.897,25.3652],[78.8954,25.3808],[78.9311,25.3771],[78.9434,25.4031],[78.9154,25.3996],[78.9011,25.3893],[78.8747,25.3877],[78.8377,25.3522],[78.8333,25.3313],[78.8146,25.311],[78.7919,25.3148],[78.7933,25.2931],[78.8351,25.2332],[78.8459,25.2338],[78.8623,25.2831],[78.8719,25.2918],[78.8564,25.317],[78.8852,25.3467],[78.9312,25.3324],[78.9558,25.3478],[78.9528,25.3119],[78.9703,25.2911],[78.9438,25.2801],[78.9406,25.2627],[78.9086,25.2744],[78.8964,25.2499],[78.8722,25.2508],[78.8671,25.2325],[78.8816,25.2155],[78.8674,25.19],[78.8771,25.1622],[78.9006,25.1805],[78.9242,25.2106],[78.9528,25.2207],[78.9824,25.1992],[79.0004,25.2161],[78.995,25.2323],[78.9723,25.2428],[78.9868,25.275],[79.0124,25.274],[79.0147,25.2478],[79.0265,25.2347],[79.0564,25.2257],[79.0246,25.1866],[79.0358,25.1739],[79.0218,25.1432],[79.0389,25.1372],[79.0581,25.1508],[79.0641,25.1725],[79.0906,25.1762],[79.1192,25.1634],[79.1078,25.1437],[79.1334,25.1111],[79.1793,25.1177],[79.1684,25.1453],[79.1849,25.1511],[79.1979,25.1282],[79.2384,25.1164],[79.2375,25.1428],[79.2506,25.1612],[79.2765,25.1203],[79.301,25.1308],[79.3139,25.151],[79.3019,25.1753],[79.2835,25.1895],[79.278,25.2106],[79.2933,25.2402],[79.3108,25.2195],[79.3411,25.2305],[79.3401,25.2728],[79.3147,25.2614],[79.2865,25.2811],[79.2711,25.2665],[79.2565,25.2795],[79.2601,25.3102],[79.2765,25.327],[79.2694,25.342],[79.2918,25.3809],[79.3168,25.404],[79.3326,25.4068],[79.3248,25.4332],[79.3618,25.4699],[79.3548,25.4903],[79.3811,25.5269],[79.4025,25.5504],[79.3667,25.6077],[79.3704,25.6255],[79.3536,25.6454],[79.367,25.6549],[79.3792,25.6881],[79.3648,25.7043],[79.366,25.7207],[79.39,25.7464],[79.3675,25.7515],[79.3665,25.7817],[79.3871,25.7815],[79.3898,25.8014]]]},"properties":{"NAME_1":"Uttar Pradesh","NAME_2":"Jhansi"}},{"type":"Feature","geometry":{"type":"Polygon","coordinates":[[[78.6579,29.1793],[78.6268,29.1672],[78.6526,29.1498],[78.6079,29.118],[78.6157,29.1074],[78.5904,29.0904],[78.5648,29.0952],[78.5482,29.0811],[78.521,29.0849],[78.4941,29.0603],[78.4557,29.0703],[78.404,29.0445],[78.3555,29.0353],[78.3417,29.0488],[78.278,29.0459],[78.1954,29.0563],[78.1316,29.0848],[78.0946,29.0893],[78.0734,29.0739],[78.09,29.0315],[78.0825,28.9825],[78.0545,28.9614],[78.0476,28.9429],[78.0599,28.9205],[78.0526,28.8984],[78.0932,28.8836],[78.105,28.8622],[78.1013,28.8344],[78.1079,28.794],[78.1229,28.7771],[78.1305,28.727],[78.1823,28.6762],[78.1987,28.6212],[78.2192,28.5791],[78.2055,28.5556],[78.2094,28.5059],[78.2614,28.4961],[78.2668,28.476],[78.2944,28.4647],[78.274,28.4393],[78.2805,28.409],[78.2997,28.4403],[78.3365,28.4406],[78.369,28.474],[78.405,28.4673],[78.4179,28.4886],[78.4182,28.5121],[78.4072,28.5219],[78.4239,28.5426],[78.4134,28.5541],[78.4189,28.58],[78.4119,28.6151],[78.4004,28.6145],[78.3896,28.6497],[78.4074,28.6615],[78.3957,28.7433],[78.4027,28.7846],[78.4239,28.7856],[78.4412,28.774],[78.4598,28.7832],[78.4794,28.7734],[78.5251,28.7954],[78.6003,28.8129],[78.5953,28.8245],[78.6328,28.8514],[78.6571,28.8788],[78.6748,28.9126],[78.6554,28.9234],[78.6796,28.9528],[78.6422,28.9844],[78.6306,29.0069],[78.6612,29.0438],[78.6932,29.07],[78.6563,29.1077],[78.6652,29.1329],[78.6579,29.1793]]]},"properties":{"NAME_1":"Uttar Pradesh","NAME_2":"Jyotiba Phule Nagar"}},{"type":"Feature","geometry":{"type":"Polygon","coordinates":[[[79.7161,27.2222],[79.6873,27.22],[79.671,27.1772],[79.6533,27.1716],[79.6234,27.1895],[79.6008,27.1911],[79.5894,27.1741],[79.5522,27.1646],[79.5181,27.1968],[79.5124,27.2152],[79.48,27.2187],[79.4382,27.2163],[79.4174,27.2317],[79.3852,27.2016],[79.3838,27.1617],[79.4023,27.1434],[79.3814,27.1263],[79.3865,27.1038],[79.4109,27.0975],[79.4245,27.0726],[79.3921,27.0548],[79.3899,27.0323],[79.3727,26.9919],[79.3501,26.9718],[79.3179,26.9662],[79.3097,26.9493],[79.3409,26.94],[79.3501,26.9523],[79.3847,26.9322],[79.4294,26.9468],[79.4536,26.9086],[79.521,26.877],[79.5513,26.8664],[79.6015,26.8978],[79.6519,26.8941],[79.656,26.8708],[79.6893,26.8441],[79.6922,26.8296],[79.7169,26.8078],[79.7341,26.8155],[79.7499,26.7889],[79.7702,26.7751],[79.7953,26.7906],[79.8324,26.7773],[79.858,26.802],[79.8435,26.8144],[79.8549,26.8327],[79.8802,26.8162],[79.888,26.8553],[79.9196,26.8592],[79.9398,26.851],[79.9562,26.8653],[79.934,26.88],[79.9432,26.9233],[79.9352,26.9494],[79.9707,26.9498],[79.9904,26.9662],[80.0112,26.9582],[80.0058,26.9825],[79.9653,27.0407],[79.9662,27.0704],[79.9348,27.0854],[79.913,27.1033],[79.8958,27.1522],[79.8555,27.1552],[79.8498,27.1786],[79.7954,27.174],[79.7693,27.1955],[79.7161,27.2222]]]},"properties":{"NAME_1":"Uttar Pradesh","NAME_2":"Kannauj"}},{"type":"Feature","geometry":{"type":"Polygon","coordinates":[[[80.0112,26.9582],[79.9904,26.9662],[79.9707,26.9498],[79.9352,26.9494],[79.9432,26.9233],[79.934,26.88],[79.9562,26.8653],[79.9398,26.851],[79.9196,26.8592],[79.888,26.8553],[79.8802,26.8162],[79.8549,26.8327],[79.8435,26.8144],[79.858,26.802],[79.8324,26.7773],[79.7953,26.7906],[79.7702,26.7751],[79.7499,26.7889],[79.7341,26.7702],[79.7074,26.7547],[79.6675,26.7485],[79.7075,26.7107],[79.7141,26.6711],[79.7025,26.6542],[79.6655,26.62],[79.6334,26.6118],[79.6271,26.5848],[79.6408,26.5759],[79.6311,26.5559],[79.6305,26.5135],[79.5919,26.4872],[79.5934,26.4731],[79.571,26.4537],[79.5539,26.415],[79.5387,26.4088],[79.495,26.3693],[79.5176,26.348],[79.5459,26.365],[79.5607,26.3444],[79.5215,26.3225],[79.5191,26.3102],[79.5405,26.2807],[79.5748,26.2617],[79.6435,26.2477],[79.6418,26.2161],[79.7216,26.1895],[79.7572,26.1883],[79.7604,26.1723],[79.7363,26.1399],[79.7636,26.1309],[79.7783,26.1137],[79.8304,26.1062],[79.8594,26.1197],[79.8903,26.098],[79.9129,26.096],[79.9305,26.13],[79.9312,26.163],[79.9592,26.1587],[79.9627,26.1389],[79.9494,26.0833],[79.9608,26.0759],[80.0041,26.0727],[80.0669,26.0849],[80.0865,26.083],[80.1046,26.0597],[80.0998,26.0296],[80.075,26.0102],[80.133,25.9721],[80.1867,25.953],[80.2056,25.9223],[80.2281,25.9274],[80.2086,25.9767],[80.2393,25.9953],[80.2544,26.0534],[80.2936,26.0655],[80.3128,26.0957],[80.3155,26.1185],[80.3464,26.1305],[80.4039,26.1664],[80.4658,26.1857],[80.4624,26.1951],[80.4418,26.1987],[80.416,26.2094],[80.4111,26.2137],[80.408,26.2269],[80.4014,26.2328],[80.4058,26.2416],[80.3968,26.2486],[80.3907,26.257],[80.3897,26.2692],[80.369,26.2811],[80.3548,26.2821],[80.3277,26.2875],[80.3,26.2812],[80.2906,26.2773],[80.2856,26.272],[80.2764,26.2653],[80.272,26.2596],[80.2634,26.261],[80.2592,26.261],[80.2486,26.2644],[80.2225,26.2549],[80.2125,26.2581],[80.2116,26.27],[80.2098,26.2775],[80.1913,26.2812],[80.1839,26.2843],[80.1679,26.2803],[80.1706,26.2783],[80.1662,26.2767],[80.1609,26.2782],[80.1538,26.2933],[80.1481,26.3028],[80.1458,26.3084],[80.1579,26.3094],[80.153,26.3242],[80.148,26.333],[80.1429,26.3466],[80.148,26.3605],[80.1425,26.3712],[80.1311,26.3716],[80.1422,26.3875],[80.1343,26.3928],[80.1374,26.4062],[80.1338,26.4102],[80.1304,26.4081],[80.1319,26.4253],[80.1241,26.4535],[80.116,26.4643],[80.1272,26.4791],[80.1311,26.4772],[80.1476,26.4761],[80.1346,26.4879],[80.1328,26.4968],[80.139,26.4954],[80.1563,26.5046],[80.1582,26.5214],[80.1667,26.5328],[80.1866,26.5325],[80.1901,26.534],[80.2009,26.5358],[80.2059,26.5352],[80.2123,26.5626],[80.2197,26.5792],[80.2304,26.5752],[80.229,26.5714],[80.2399,26.5683],[80.2367,26.5804],[80.2511,26.5973],[80.2502,26.6],[80.2463,26.6245],[80.25,26.6329],[80.2657,26.638],[80.2747,26.6399],[80.2498,26.6749],[80.2238,26.6927],[80.1772,26.6922],[80.1476,26.7275],[80.1238,26.7483],[80.1106,26.7809],[80.1122,26.8012],[80.0955,26.8433],[80.0974,26.8772],[80.058,26.9245],[80.0421,26.9247],[80.0112,26.9582]]]},"properties":{"NAME_1":"Uttar Pradesh","NAME_2":"Kanpur Dehat"}},{"type":"Feature","geometry":{"type":"Polygon","coordinates":[[[80.2747,26.6399],[80.2657,26.638],[80.25,26.6329],[80.2463,26.6245],[80.2502,26.6],[80.2511,26.5973],[80.2367,26.5804],[80.2399,26.5683],[80.229,26.5714],[80.2304,26.5752],[80.2197,26.5792],[80.2123,26.5626],[80.2059,26.5352],[80.2009,26.5358],[80.1901,26.534],[80.1866,26.5325],[80.1667,26.5328],[80.1582,26.5214],[80.1563,26.5046],[80.139,26.4954],[80.1328,26.4968],[80.1346,26.4879],[80.1476,26.4761],[80.1311,26.4772],[80.1272,26.4791],[80.116,26.4643],[80.1241,26.4535],[80.1319,26.4253],[80.1304,26.4081],[80.1338,26.4102],[80.1374,26.4062],[80.1343,26.3928],[80.1422,26.3875],[80.1311,26.3716],[80.1425,26.3712],[80.148,26.3605],[80.1429,26.3466],[80.148,26.333],[80.153,26.3242],[80.1579,26.3094],[80.1458,26.3084],[80.1481,26.3028],[80.1538,26.2933],[80.1609,26.2782],[80.1662,26.2767],[80.1706,26.2783],[80.1679,26.2803],[80.1839,26.2843],[80.1913,26.2812],[80.2098,26.2775],[80.2116,26.27],[80.2125,26.2581],[80.2225,26.2549],[80.2486,26.2644],[80.2592,26.261],[80.2634,26.261],[80.272,26.2596],[80.2764,26.2653],[80.2856,26.272],[80.2906,26.2773],[80.3,26.2812],[80.3277,26.2875],[80.3548,26.2821],[80.369,26.2811],[80.3897,26.2692],[80.3907,26.257],[80.3968,26.2486],[80.4058,26.2416],[80.4014,26.2328],[80.408,26.2269],[80.4111,26.2137],[80.416,26.2094],[80.4418,26.1987],[80.4624,26.1951],[80.472,26.1821],[80.4835,26.1969],[80.5009,26.1931],[80.5116,26.1979],[80.5216,26.2033],[80.5299,26.2022],[80.5354,26.2068],[80.5368,26.2255],[80.558,26.2316],[80.5519,26.2505],[80.5525,26.2696],[80.5521,26.2712],[80.5281,26.3268],[80.5296,26.342],[80.5263,26.3555],[80.5195,26.3657],[80.4975,26.3771],[80.4722,26.3933],[80.4585,26.4021],[80.4246,26.4232],[80.4025,26.4401],[80.3949,26.4467],[80.3909,26.4695],[80.3848,26.4731],[80.3387,26.4909],[80.331,26.4986],[80.3006,26.5308],[80.2947,26.5392],[80.2858,26.5652],[80.2869,26.577],[80.2947,26.611],[80.2839,26.6268],[80.2747,26.6399]]]},"properties":{"NAME_1":"Uttar Pradesh","NAME_2":"Kanpur"}},{"type":"Feature","geometry":{"type":"Polygon","coordinates":[[[81.6056,25.5965],[81.5607,25.5717],[81.5429,25.5798],[81.5224,25.623],[81.4873,25.6255],[81.4579,25.6384],[81.4106,25.6833],[81.3808,25.6887],[81.3601,25.7161],[81.3768,25.7233],[81.3961,25.7507],[81.3874,25.7747],[81.3605,25.776],[81.3279,25.8143],[81.3061,25.7856],[81.2286,25.7461],[81.2233,25.7228],[81.1935,25.7248],[81.1898,25.7048],[81.2131,25.6921],[81.2028,25.6461],[81.2102,25.642],[81.2023,25.6005],[81.2173,25.5989],[81.2461,25.5666],[81.2544,25.5482],[81.2451,25.5179],[81.2626,25.5114],[81.2513,25.492],[81.2284,25.486],[81.2106,25.4507],[81.1841,25.4564],[81.1429,25.4295],[81.1429,25.4009],[81.1552,25.3873],[81.1939,25.3691],[81.2412,25.3584],[81.2565,25.3293],[81.3165,25.3511],[81.3345,25.3504],[81.3889,25.3335],[81.3948,25.3139],[81.3779,25.2883],[81.3807,25.2756],[81.4515,25.2622],[81.4991,25.2715],[81.5416,25.2936],[81.6277,25.3542],[81.6834,25.3587],[81.7525,25.3461],[81.7804,25.3227],[81.8079,25.3453],[81.7868,25.377],[81.8105,25.4125],[81.8841,25.4372],[81.904,25.4731],[81.8612,25.5162],[81.8235,25.4849],[81.7893,25.4733],[81.7515,25.4805],[81.7155,25.515],[81.6829,25.5111],[81.6582,25.5172],[81.6449,25.5378],[81.6402,25.5823],[81.6056,25.5965]]]},"properties":{"NAME_1":"Uttar Pradesh","NAME_2":"Kaushambi"}},{"type":"Feature","geometry":{"type":"Polygon","coordinates":[[[83.8855,27.2882],[83.8671,27.3008],[83.8619,27.2987],[83.8402,27.2929],[83.8279,27.2767],[83.8293,27.2694],[83.8178,27.2515],[83.8073,27.2481],[83.8021,27.2506],[83.7999,27.2516],[83.7936,27.2519],[83.7858,27.2482],[83.7994,27.2319],[83.8055,27.2333],[83.817,27.2322],[83.8206,27.2197],[83.8212,27.2109],[83.8101,27.2034],[83.8054,27.2053],[83.8019,27.2101],[83.7965,27.2193],[83.7947,27.2196],[83.79,27.2029],[83.7919,27.197],[83.8003,27.188],[83.7854,27.1784],[83.7721,27.1685],[83.7822,27.1691],[83.8165,27.1787],[83.8021,27.169],[83.7975,27.1532],[83.7954,27.1328],[83.79,27.1116],[83.7718,27.1095],[83.765,27.0995],[83.7618,27.0923],[83.7501,27.0887],[83.737,27.0784],[83.7566,27.0765],[83.7551,27.0559],[83.7477,27.0511],[83.7391,27.0589],[83.7205,27.0576],[83.7281,27.0415],[83.7421,27.0392],[83.7374,27.0318],[83.737,27.0171],[83.7432,27.0097],[83.7542,26.998],[83.7252,26.99],[83.7209,26.9618],[83.7054,26.9558],[83.6726,26.9557],[83.6449,26.953],[83.6121,26.9548],[83.6145,26.9486],[83.6173,26.9468],[83.6169,26.9332],[83.6041,26.9325],[83.6014,26.9291],[83.586,26.9172],[83.5652,26.933],[83.555,26.9275],[83.5506,26.9263],[83.5465,26.8932],[83.5376,26.8928],[83.5187,26.8574],[83.5507,26.8391],[83.5853,26.7926],[83.5832,26.7729],[83.6107,26.7563],[83.6099,26.7065],[83.6222,26.6602],[83.6455,26.6611],[83.655,26.6834],[83.6738,26.703],[83.6875,26.6842],[83.7579,26.7006],[83.7919,26.7169],[83.8028,26.7496],[83.8266,26.7456],[83.8651,26.7504],[83.8875,26.7223],[83.8975,26.6939],[83.9172,26.6812],[83.9516,26.6741],[83.9605,26.6262],[83.9787,26.6133],[84.0017,26.579],[84.022,26.5718],[84.0488,26.5503],[84.0481,26.5575],[84.0547,26.5677],[84.0569,26.5734],[84.0712,26.5845],[84.0791,26.5944],[84.0818,26.6031],[84.0835,26.6183],[84.0821,26.6266],[84.0814,26.6368],[84.0845,26.6401],[84.0949,26.6365],[84.1043,26.6327],[84.1215,26.6346],[84.1291,26.6385],[84.1485,26.6277],[84.177,26.6245],[84.2039,26.6205],[84.222,26.6157],[84.2287,26.6132],[84.2589,26.6073],[84.2735,26.6014],[84.2868,26.6039],[84.2931,26.6055],[84.3065,26.617],[84.3509,26.6204],[84.3706,26.6154],[84.395,26.6257],[84.4144,26.6272],[84.4074,26.6381],[84.4022,26.6712],[84.3501,26.6814],[84.3371,26.6814],[84.3233,26.6885],[84.3185,26.7162],[84.3056,26.7377],[84.298,26.7533],[84.2786,26.7512],[84.2594,26.7408],[84.2545,26.7343],[84.234,26.7395],[84.2246,26.7571],[84.2485,26.7927],[84.2523,26.8087],[84.2485,26.8209],[84.2428,26.8218],[84.2521,26.8449],[84.2456,26.8587],[84.2286,26.8698],[84.222,26.8702],[84.2092,26.871],[84.1896,26.8598],[84.1808,26.8574],[84.1765,26.8533],[84.1753,26.8459],[84.1689,26.8345],[84.1317,26.8557],[84.1302,26.8853],[84.1094,26.8944],[84.1006,26.9008],[84.1011,26.8938],[84.0926,26.8778],[84.0879,26.8824],[84.0591,26.8908],[84.049,26.8999],[84.0451,26.9047],[84.0424,26.9091],[84.0366,26.933],[84.0298,26.9396],[84.0249,26.9427],[84.0317,26.9493],[84.0351,26.9487],[84.0409,26.9575],[84.0442,26.9609],[84.0435,26.9804],[84.0364,26.984],[84.0495,26.9908],[84.0399,27.0059],[84.0304,27.0118],[84.0403,27.0353],[84.0356,27.0465],[84.0243,27.0447],[83.9911,27.0713],[84.0169,27.0838],[84.0189,27.0934],[84.0207,27.0955],[84.0053,27.104],[83.9927,27.1001],[83.9812,27.0938],[83.9779,27.0926],[83.9478,27.0862],[83.9408,27.0896],[83.9403,27.1023],[83.9414,27.1198],[83.9508,27.1263],[83.9525,27.129],[83.9509,27.1409],[83.9666,27.1608],[83.9797,27.1734],[83.9842,27.1787],[83.9851,27.1818],[83.9788,27.2004],[83.9766,27.2034],[83.9646,27.211],[83.9603,27.2167],[83.9633,27.2211],[83.9615,27.228],[83.9559,27.2335],[83.9076,27.248],[83.9019,27.2521],[83.8962,27.2771],[83.898,27.279],[83.8855,27.2882]]]},"properties":{"NAME_1":"Uttar Pradesh","NAME_2":"Kushinagar"}},{"type":"Feature","geometry":{"type":"Polygon","coordinates":[[[81.0727,28.3917],[81.0356,28.4278],[81.0014,28.4539],[80.9809,28.4343],[80.9465,28.4547],[80.9074,28.4657],[80.9103,28.4975],[80.8776,28.5097],[80.857,28.497],[80.8172,28.5207],[80.7863,28.5292],[80.7696,28.5655],[80.7401,28.5742],[80.7163,28.5679],[80.679,28.6043],[80.6813,28.6205],[80.6693,28.6418],[80.6529,28.6339],[80.6133,28.6392],[80.6079,28.6523],[80.5818,28.6612],[80.592,28.6797],[80.5416,28.6905],[80.5052,28.6652],[80.5233,28.5768],[80.5081,28.568],[80.4733,28.5905],[80.4628,28.6207],[80.4393,28.6352],[80.4164,28.6391],[80.3733,28.629],[80.3624,28.6449],[80.3276,28.6663],[80.3237,28.6892],[80.2933,28.6471],[80.292,28.6225],[80.3276,28.6153],[80.3475,28.5973],[80.36,28.6009],[80.384,28.5574],[80.4219,28.5085],[80.407,28.4866],[80.3803,28.4848],[80.3648,28.4658],[80.3471,28.4671],[80.3298,28.4813],[80.311,28.4865],[80.2994,28.4727],[80.2896,28.4593],[80.3472,28.3892],[80.357,28.3379],[80.3227,28.3019],[80.2958,28.2644],[80.3027,28.2483],[80.2888,28.2188],[80.2984,28.1926],[80.2908,28.1579],[80.24,28.1564],[80.2334,28.1399],[80.2376,28.1018],[80.2486,28.0901],[80.2348,28.0595],[80.2193,28.0625],[80.1961,28.036],[80.1482,28.0076],[80.1128,28.0022],[80.1011,27.9758],[80.0778,27.9588],[80.0778,27.9392],[80.0585,27.9275],[80.0217,27.9289],[80.0212,27.888],[80.0472,27.859],[80.0268,27.8432],[80.0525,27.7761],[80.0791,27.7891],[80.1154,27.7814],[80.1341,27.7596],[80.1911,27.7811],[80.2404,27.7621],[80.2814,27.7139],[80.3017,27.6844],[80.3292,27.705],[80.3743,27.719],[80.4114,27.7505],[80.4404,27.754],[80.4622,27.7813],[80.4796,27.7783],[80.5091,27.814],[80.5298,27.8022],[80.5558,27.7541],[80.5956,27.7555],[80.6277,27.8416],[80.6693,27.8258],[80.6801,27.8295],[80.7147,27.8117],[80.7535,27.8092],[80.78,27.823],[80.818,27.7964],[80.8314,27.804],[80.8366,27.8281],[80.8789,27.8491],[80.929,27.8603],[80.9517,27.9067],[80.9739,27.891],[80.9865,27.8713],[80.9752,27.8366],[80.9891,27.8316],[80.9993,27.8308],[81.0146,27.8286],[81.0241,27.8279],[81.0294,27.8186],[81.0746,27.8205],[81.0854,27.8067],[81.0941,27.8066],[81.0941,27.7986],[81.116,27.8096],[81.1327,27.8132],[81.1349,27.7932],[81.1679,27.7905],[81.1891,27.7824],[81.2007,27.7751],[81.2153,27.7695],[81.219,27.7656],[81.2173,27.7593],[81.1975,27.7604],[81.1866,27.7584],[81.174,27.7414],[81.1898,27.7315],[81.1927,27.7242],[81.2007,27.721],[81.2093,27.7244],[81.2112,27.7283],[81.2196,27.7314],[81.2209,27.7362],[81.2367,27.7239],[81.2433,27.7196],[81.2594,27.7008],[81.2426,27.6929],[81.2419,27.6826],[81.2512,27.6786],[81.2611,27.6794],[81.27,27.6845],[81.2831,27.6852],[81.2897,27.6915],[81.2842,27.7063],[81.2953,27.7232],[81.2854,27.7585],[81.2736,27.7702],[81.2844,27.7889],[81.2713,27.8134],[81.2941,27.819],[81.2749,27.8561],[81.2682,27.8894],[81.2952,27.91],[81.2879,27.9303],[81.269,27.9484],[81.2392,27.9589],[81.2331,27.9799],[81.2134,27.9939],[81.1559,28.0502],[81.1475,28.0734],[81.1762,28.1146],[81.1528,28.1444],[81.1167,28.1743],[81.0906,28.2204],[81.0575,28.2409],[81.0506,28.2762],[81.0261,28.3001],[81.05,28.3484],[81.0261,28.3713],[81.0466,28.4095],[81.0727,28.3917]]]},"properties":{"NAME_1":"Uttar Pradesh","NAME_2":"Lakhimpur Kheri"}},{"type":"Feature","geometry":{"type":"Polygon","coordinates":[[[78.982,24.4472],[78.9444,24.4433],[78.9311,24.46],[78.9128,24.4635],[78.9009,24.4884],[78.9431,24.4849],[78.9664,24.4969],[78.9442,24.5095],[78.9455,24.5533],[78.9131,24.5813],[78.8817,24.6397],[78.8628,24.6411],[78.8308,24.6089],[78.8018,24.6078],[78.7769,24.5931],[78.752,24.6025],[78.7401,24.66],[78.7724,24.7041],[78.7632,24.7668],[78.7645,24.795],[78.7805,24.815],[78.7645,24.8614],[78.6963,24.8947],[78.6684,24.9024],[78.6537,24.9442],[78.6249,24.9619],[78.6419,25.0615],[78.6203,25.0916],[78.5972,25.0979],[78.5937,25.1574],[78.5698,25.202],[78.5626,25.226],[78.5268,25.188],[78.5001,25.1748],[78.4811,25.152],[78.4429,25.1288],[78.3897,25.127],[78.367,25.1045],[78.3252,25.0841],[78.3381,25.0273],[78.3275,24.9996],[78.3067,24.989],[78.2896,24.9681],[78.2139,24.9156],[78.1997,24.8962],[78.1704,24.8853],[78.1653,24.8482],[78.1869,24.8428],[78.209,24.8131],[78.2258,24.7766],[78.2199,24.7582],[78.2263,24.7362],[78.2508,24.7056],[78.268,24.6696],[78.2567,24.6486],[78.2699,24.6154],[78.2553,24.5523],[78.2242,24.5413],[78.2197,24.5228],[78.2381,24.5117],[78.2396,24.4895],[78.2697,24.4731],[78.2607,24.4539],[78.3183,24.4104],[78.3367,24.4039],[78.3626,24.3782],[78.3266,24.3385],[78.3414,24.3078],[78.3857,24.2731],[78.4348,24.2977],[78.4403,24.3255],[78.4678,24.3393],[78.4753,24.3674],[78.4999,24.3943],[78.5526,24.3606],[78.5784,24.3571],[78.6173,24.2961],[78.6544,24.2737],[78.6691,24.245],[78.6989,24.2345],[78.7265,24.2527],[78.7543,24.2472],[78.7749,24.2123],[78.7846,24.1851],[78.8057,24.1843],[78.8105,24.2085],[78.8582,24.2135],[78.8811,24.2289],[78.8791,24.254],[78.9099,24.2729],[78.9078,24.3012],[78.9325,24.3189],[78.9681,24.357],[78.9672,24.3736],[78.9869,24.4232],[78.982,24.4472]]]},"properties":{"NAME_1":"Uttar Pradesh","NAME_2":"Lalitpur"}},{"type":"Feature","geometry":{"type":"Polygon","coordinates":[[[81.1565,26.5974],[81.1743,26.6235],[81.1608,26.653],[81.2093,26.7109],[81.1949,26.7465],[81.1789,26.7664],[81.2068,26.7872],[81.184,26.7965],[81.1494,26.7805],[81.1472,26.8187],[81.1232,26.8376],[81.0842,26.8428],[81.0925,26.8755],[81.0723,26.914],[81.0335,26.9438],[81.0357,26.9608],[81.0156,26.9775],[81.0206,26.9905],[80.9901,27.0052],[80.9859,27.0445],[80.9628,27.0608],[80.99,27.0802],[81.0074,27.0701],[81.0293,27.0753],[81.0419,27.0951],[81.0184,27.1185],[81.0021,27.1458],[80.9688,27.1431],[80.9192,27.1643],[80.8947,27.1551],[80.884,27.133],[80.8465,27.1266],[80.8173,27.1067],[80.7844,27.115],[80.7735,27.1033],[80.7324,27.1069],[80.6762,27.0686],[80.6369,27.084],[80.6112,27.0507],[80.5891,27.0476],[80.5783,27.0319],[80.5507,27.0162],[80.5903,26.9893],[80.5886,26.968],[80.5613,26.9602],[80.5512,26.9417],[80.572,26.9309],[80.5976,26.9502],[80.6177,26.8941],[80.6712,26.8659],[80.7281,26.7808],[80.7223,26.7596],[80.693,26.7522],[80.6912,26.7222],[80.7082,26.7048],[80.6896,26.6939],[80.7199,26.661],[80.7475,26.6913],[80.7722,26.672],[80.785,26.6514],[80.8333,26.6681],[80.8736,26.6363],[80.8825,26.6029],[80.9183,26.5893],[80.9274,26.5726],[80.9563,26.5621],[80.9905,26.5399],[81.0164,26.5283],[81.0352,26.507],[81.0682,26.5275],[81.0944,26.5672],[81.1175,26.5644],[81.1335,26.591],[81.1565,26.5974]]]},"properties":{"NAME_1":"Uttar Pradesh","NAME_2":"Lucknow"}},{"type":"Feature","geometry":{"type":"Polygon","coordinates":[[[83.8585,27.351],[83.8332,27.3695],[83.6167,27.4694],[83.3909,27.4795],[83.404,27.4575],[83.386,27.4422],[83.4076,27.4053],[83.3868,27.3901],[83.3902,27.3757],[83.3545,27.3398],[83.3338,27.3325],[83.2943,27.3355],[83.2805,27.3383],[83.2341,27.3024],[83.2457,27.2924],[83.2034,27.2666],[83.2101,27.2482],[83.1879,27.229],[83.1597,27.2256],[83.1678,27.2049],[83.1682,27.1611],[83.1395,27.1714],[83.1158,27.1533],[83.1374,27.1232],[83.1151,27.1168],[83.1288,27.0696],[83.138,27.0621],[83.1318,27.0563],[83.1232,27.0566],[83.1231,27.0503],[83.1309,27.0479],[83.1407,27.0442],[83.1318,27.0245],[83.1399,27.0261],[83.134,27.0148],[83.1367,27.0071],[83.1486,27.0077],[83.1499,27.0167],[83.1548,27.0138],[83.1653,27.0107],[83.1586,27.0041],[83.1867,27.0166],[83.197,27.0207],[83.2069,27.0201],[83.2112,26.9974],[83.2384,26.9759],[83.2588,26.9784],[83.2604,26.974],[83.2688,26.9617],[83.2818,26.9573],[83.2802,26.9347],[83.2926,26.9188],[83.3006,26.9062],[83.3164,26.9089],[83.31,26.9151],[83.3124,26.9225],[83.3445,26.9554],[83.3595,26.9629],[83.4262,26.9607],[83.4214,26.9519],[83.4365,26.953],[83.4474,26.9524],[83.451,26.951],[83.4673,26.9421],[83.4615,26.9329],[83.4618,26.9293],[83.4738,26.919],[83.4756,26.9163],[83.487,26.9124],[83.4855,26.9019],[83.5376,26.8928],[83.5465,26.8932],[83.5506,26.9263],[83.555,26.9275],[83.5652,26.933],[83.586,26.9172],[83.6014,26.9291],[83.6041,26.9325],[83.6169,26.9332],[83.6173,26.9468],[83.6145,26.9486],[83.6121,26.9548],[83.6449,26.953],[83.6726,26.9557],[83.7054,26.9558],[83.7209,26.9618],[83.7252,26.99],[83.7542,26.998],[83.7432,27.0097],[83.737,27.0171],[83.7374,27.0318],[83.7421,27.0392],[83.7281,27.0415],[83.7205,27.0576],[83.7391,27.0589],[83.7477,27.0511],[83.7551,27.0559],[83.7566,27.0765],[83.737,27.0784],[83.7501,27.0887],[83.7618,27.0923],[83.765,27.0995],[83.7718,27.1095],[83.79,27.1116],[83.7954,27.1328],[83.7975,27.1532],[83.8021,27.169],[83.8165,27.1787],[83.7822,27.1691],[83.7721,27.1685],[83.7854,27.1784],[83.8003,27.188],[83.7919,27.197],[83.79,27.2029],[83.7947,27.2196],[83.7965,27.2193],[83.8019,27.2101],[83.8054,27.2053],[83.8101,27.2034],[83.8212,27.2109],[83.8206,27.2197],[83.817,27.2322],[83.8055,27.2333],[83.7994,27.2319],[83.7858,27.2482],[83.7936,27.2519],[83.7999,27.2516],[83.8021,27.2506],[83.8073,27.2481],[83.8178,27.2515],[83.8293,27.2694],[83.8279,27.2767],[83.8402,27.2929],[83.8619,27.2987],[83.8671,27.3008],[83.8855,27.2882],[83.898,27.279],[83.9041,27.2812],[83.9257,27.3042],[83.908,27.3304],[83.8505,27.3121],[83.8474,27.3169],[83.8425,27.3213],[83.8306,27.3214],[83.829,27.3228],[83.8293,27.3275],[83.8585,27.351]]]},"properties":{"NAME_1":"Uttar Pradesh","NAME_2":"Maharajganj"}},{"type":"Feature","geometry":{"type":"Polygon","coordinates":[[[80.113,25.4121],[80.099,25.4055],[80.0557,25.4315],[80.0226,25.4366],[80.0161,25.449],[80.0292,25.4832],[79.992,25.4937],[80.0011,25.5155],[79.992,25.5368],[80.0177,25.5932],[79.9993,25.5993],[79.9719,25.6357],[79.9447,25.6468],[79.9364,25.631],[79.9497,25.6173],[79.9343,25.5972],[79.9056,25.6014],[79.8849,25.5828],[79.8632,25.5803],[79.8513,25.5523],[79.8228,25.554],[79.8207,25.532],[79.8062,25.5039],[79.7641,25.5218],[79.7311,25.5305],[79.7354,25.5516],[79.706,25.5713],[79.6935,25.5554],[79.652,25.5467],[79.6584,25.5177],[79.639,25.515],[79.6367,25.4907],[79.6076,25.4877],[79.5853,25.5002],[79.5319,25.497],[79.5272,25.4881],[79.4846,25.4988],[79.459,25.5114],[79.4191,25.5096],[79.3811,25.5269],[79.3548,25.4903],[79.3618,25.4699],[79.3248,25.4332],[79.3326,25.4068],[79.3168,25.404],[79.2918,25.3809],[79.2694,25.342],[79.2765,25.327],[79.2947,25.3402],[79.3459,25.333],[79.3345,25.3174],[79.3657,25.2681],[79.3726,25.2933],[79.4019,25.2793],[79.4012,25.2624],[79.4529,25.2565],[79.4342,25.2418],[79.4424,25.221],[79.4321,25.2028],[79.4096,25.2088],[79.4039,25.1896],[79.3839,25.1703],[79.3802,25.1491],[79.3893,25.1206],[79.4092,25.1157],[79.4353,25.1265],[79.4364,25.1078],[79.4702,25.1307],[79.4605,25.0963],[79.4899,25.0828],[79.5172,25.1018],[79.5138,25.1257],[79.5287,25.1374],[79.5503,25.1694],[79.6329,25.1328],[79.6662,25.1271],[79.6766,25.137],[79.7073,25.1333],[79.7396,25.143],[79.7692,25.1253],[79.8272,25.1001],[79.8427,25.1163],[79.8606,25.1561],[79.8626,25.177],[79.8519,25.2035],[79.863,25.2192],[79.8452,25.2366],[79.8725,25.2538],[79.8936,25.2462],[79.921,25.2507],[79.9492,25.2653],[79.9973,25.2701],[79.9939,25.2888],[80.0126,25.3017],[80.0099,25.3248],[80.0207,25.3432],[80.07,25.3431],[80.0961,25.3516],[80.1089,25.366],[80.1328,25.4154],[80.113,25.4121]]]},"properties":{"NAME_1":"Uttar Pradesh","NAME_2":"Mahoba"}},{"type":"Feature","geometry":{"type":"Polygon","coordinates":[[[79.2412,27.3366],[79.2067,27.3349],[79.1871,27.3626],[79.1578,27.3867],[79.1373,27.3826],[79.1078,27.4118],[79.0999,27.4383],[79.0539,27.4231],[78.9904,27.4386],[78.9499,27.4252],[78.9313,27.4362],[78.8972,27.4704],[78.8786,27.4744],[78.8632,27.4423],[78.8302,27.4155],[78.8458,27.396],[78.8271,27.3669],[78.7736,27.3531],[78.7452,27.3519],[78.7269,27.3395],[78.7116,27.3496],[78.7036,27.3138],[78.7122,27.3009],[78.711,27.2682],[78.7505,27.2305],[78.735,27.1872],[78.7509,27.1856],[78.7989,27.1504],[78.7875,27.1035],[78.768,27.0939],[78.7589,27.0711],[78.7632,27.0313],[78.7988,26.9644],[78.8208,26.9585],[78.845,26.9794],[78.8572,26.9667],[78.8879,26.9738],[78.9062,26.9693],[78.9197,26.9893],[78.9471,26.9774],[78.993,26.9377],[79.0458,26.989],[79.1078,27.0062],[79.1836,27.0063],[79.188,26.981],[79.2264,26.9807],[79.2702,26.99],[79.311,26.9813],[79.3179,26.9662],[79.3501,26.9718],[79.3727,26.9919],[79.3899,27.0323],[79.3921,27.0548],[79.4245,27.0726],[79.4109,27.0975],[79.3865,27.1038],[79.3814,27.1263],[79.4023,27.1434],[79.3838,27.1617],[79.3852,27.2016],[79.3655,27.2128],[79.3298,27.2214],[79.3143,27.2632],[79.311,27.2926],[79.2799,27.2878],[79.2803,27.3104],[79.259,27.3109],[79.2412,27.3366]]]},"properties":{"NAME_1":"Uttar Pradesh","NAME_2":"Mainpuri"}},{"type":"Feature","geometry":{"type":"MultiPolygon","coordinates":[[[[77.9605,27.2728],[77.9715,27.2838],[77.9531,27.298],[77.9547,27.2852],[77.9605,27.2728]]],[[[77.8903,27.5875],[77.8631,27.5812],[77.8459,27.608],[77.8534,27.6226],[77.8418,27.6591],[77.785,27.69],[77.791,27.7033],[77.7877,27.7392],[77.8009,27.7561],[77.825,27.7586],[77.8046,27.7965],[77.8067,27.819],[77.7881,27.8298],[77.7651,27.8722],[77.7521,27.9099],[77.7279,27.9357],[77.7052,27.9487],[77.6693,27.9474],[77.6349,27.9705],[77.6169,27.9415],[77.5804,27.9401],[77.5475,27.9181],[77.5192,27.9319],[77.4687,27.9329],[77.4698,27.8947],[77.4422,27.8785],[77.4222,27.8945],[77.4016,27.8819],[77.4124,27.8591],[77.3739,27.8637],[77.3292,27.852],[77.3129,27.8301],[77.2758,27.8065],[77.3041,27.788],[77.3013,27.7565],[77.3107,27.7369],[77.3024,27.7132],[77.3339,27.7079],[77.3423,27.653],[77.3112,27.6117],[77.3258,27.5969],[77.3501,27.5934],[77.3304,27.5711],[77.3403,27.5248],[77.3762,27.5186],[77.392,27.502],[77.3936,27.4819],[77.4296,27.462],[77.4152,27.4254],[77.4319,27.3992],[77.4666,27.3843],[77.4972,27.3814],[77.5427,27.3424],[77.5745,27.3267],[77.593,27.338],[77.6163,27.3383],[77.6135,27.3148],[77.5917,27.3006],[77.6091,27.288],[77.6066,27.2727],[77.6391,27.2471],[77.6732,27.2436],[77.6931,27.2576],[77.7295,27.2475],[77.7542,27.2489],[77.7721,27.2392],[77.7846,27.2614],[77.8062,27.2669],[77.8388,27.2939],[77.856,27.2541],[77.8716,27.258],[77.8766,27.2732],[77.8583,27.284],[77.8591,27.2914],[77.8937,27.2975],[77.9042,27.2873],[77.9004,27.2608],[77.903,27.2441],[77.9334,27.2482],[77.9238,27.2686],[77.9247,27.2728],[77.933,27.2811],[77.949,27.299],[77.9511,27.2995],[77.9203,27.3233],[77.915,27.3765],[77.9177,27.4749],[77.9049,27.5025],[77.8952,27.5208],[77.8808,27.5223],[77.8697,27.5327],[77.8864,27.5533],[77.8897,27.5572],[77.8995,27.5696],[77.8903,27.5875]]]]},"properties":{"NAME_1":"Uttar Pradesh","NAME_2":"Mathura"}},{"type":"Feature","geometry":{"type":"Polygon","coordinates":[[[83.6257,26.2257],[83.6002,26.235],[83.5974,26.2483],[83.5628,26.2548],[83.5252,26.2799],[83.4989,26.28],[83.4892,26.265],[83.4621,26.2611],[83.4248,26.2099],[83.4009,26.1705],[83.4129,26.1421],[83.3975,26.0977],[83.3696,26.0811],[83.2898,26.1167],[83.2851,26.1295],[83.2551,26.1286],[83.2528,26.0982],[83.2058,26.0632],[83.1919,26.0093],[83.1998,25.9872],[83.2027,25.9456],[83.1709,25.9302],[83.1695,25.9073],[83.1907,25.8757],[83.2125,25.88],[83.2256,25.859],[83.2749,25.8709],[83.2991,25.8617],[83.3322,25.832],[83.3373,25.8168],[83.3704,25.801],[83.3932,25.8394],[83.4512,25.8521],[83.4717,25.8399],[83.4994,25.8661],[83.5439,25.8662],[83.5787,25.8816],[83.6251,25.8823],[83.651,25.8936],[83.6791,25.8705],[83.7176,25.8689],[83.7239,25.8586],[83.7388,25.8846],[83.7898,25.925],[83.7765,25.9371],[83.7819,25.9758],[83.7637,26.0042],[83.6805,26.012],[83.6686,26.026],[83.6734,26.0735],[83.7057,26.0976],[83.7286,26.0857],[83.7498,26.0988],[83.7865,26.1103],[83.7991,26.1374],[83.7756,26.1669],[83.8013,26.1813],[83.8022,26.1932],[83.7814,26.2322],[83.7327,26.2651],[83.7065,26.2601],[83.6499,26.2287],[83.6257,26.2257]]]},"properties":{"NAME_1":"Uttar Pradesh","NAME_2":"Mau"}},{"type":"Feature","geometry":{"type":"Polygon","coordinates":[[[78.1255,29.2592],[78.098,29.2571],[78.0709,29.2668],[78.0256,29.2675],[78.011,29.2538],[77.9885,29.2547],[77.9517,29.2336],[77.9327,29.2362],[77.918,29.2154],[77.8905,29.2114],[77.8574,29.2281],[77.8411,29.2033],[77.8006,29.2011],[77.7926,29.1861],[77.7392,29.22],[77.6825,29.2289],[77.6738,29.2513],[77.6538,29.2555],[77.6404,29.2277],[77.6227,29.2311],[77.6143,29.2527],[77.5779,29.2614],[77.5,29.1947],[77.4781,29.2023],[77.4397,29.119],[77.4397,29.0977],[77.4415,29.0792],[77.4451,29.068],[77.4438,29.0419],[77.4434,29.0351],[77.4538,29.025],[77.4724,28.9944],[77.4706,28.9727],[77.4688,28.9662],[77.459,28.9551],[77.454,28.9335],[77.4492,28.9312],[77.4512,28.9111],[77.4977,28.9063],[77.5251,28.8937],[77.5476,28.9014],[77.5803,28.8966],[77.5866,28.8802],[77.6447,28.8844],[77.6496,28.8742],[77.6824,28.8806],[77.6964,28.8539],[77.6923,28.8293],[77.7075,28.8146],[77.7066,28.7932],[77.685,28.7809],[77.6871,28.749],[77.7219,28.7421],[77.7772,28.7731],[77.7819,28.7916],[77.8435,28.8071],[77.8608,28.8056],[77.8504,28.8396],[77.8577,28.8677],[77.8863,28.872],[77.9354,28.8507],[77.958,28.8492],[78.0237,28.869],[78.0782,28.857],[78.105,28.8622],[78.0932,28.8836],[78.0526,28.8984],[78.0599,28.9205],[78.0476,28.9429],[78.0545,28.9614],[78.0825,28.9825],[78.09,29.0315],[78.0734,29.0739],[78.0946,29.0893],[78.1047,29.103],[78.0979,29.146],[78.1078,29.1652],[78.1244,29.1711],[78.1287,29.1972],[78.1155,29.2112],[78.1255,29.2592]]]},"properties":{"NAME_1":"Uttar Pradesh","NAME_2":"Meerut"}},{"type":"Feature","geometry":{"type":"Polygon","coordinates":[[[82.2782,25.2776],[82.2764,25.2778],[82.2709,25.277],[82.2645,25.2759],[82.2625,25.2749],[82.2604,25.2739],[82.2496,25.2643],[82.2454,25.2578],[82.2424,25.252],[82.2386,25.2433],[82.2366,25.2409],[82.2343,25.2352],[82.234,25.2343],[82.2374,25.2171],[82.2403,25.216],[82.2487,25.2133],[82.2546,25.2114],[82.2563,25.211],[82.2627,25.2093],[82.2719,25.206],[82.2761,25.2048],[82.2801,25.2009],[82.2813,25.1968],[82.2783,25.1921],[82.2769,25.191],[82.2693,25.1874],[82.2624,25.1845],[82.2605,25.185],[82.261,25.1836],[82.261,25.1824],[82.2604,25.1747],[82.2622,25.1645],[82.2827,25.1534],[82.2964,25.1307],[82.2955,25.1145],[82.319,25.0784],[82.2888,25.0523],[82.2969,25.0222],[82.2562,24.9693],[82.2335,24.9662],[82.2175,24.9359],[82.2029,24.9411],[82.1607,24.8932],[82.1363,24.9077],[82.1301,24.8864],[82.076,24.8354],[82.1,24.8099],[82.1122,24.7923],[82.1322,24.8045],[82.1594,24.7923],[82.1734,24.801],[82.2087,24.7978],[82.1957,24.7637],[82.2277,24.7656],[82.2384,24.7544],[82.243,24.7018],[82.2289,24.6746],[82.2695,24.6819],[82.2919,24.6648],[82.2984,24.628],[82.2939,24.6137],[82.3298,24.6238],[82.3608,24.602],[82.4092,24.5978],[82.4035,24.6362],[82.4118,24.6578],[82.4016,24.6838],[82.4202,24.7053],[82.4868,24.6755],[82.5184,24.6783],[82.5418,24.6968],[82.5295,24.7381],[82.5479,24.7433],[82.5393,24.8101],[82.5637,24.8172],[82.5746,24.8326],[82.6056,24.8137],[82.6191,24.7904],[82.651,24.7868],[82.7173,24.8205],[82.7446,24.823],[82.8171,24.8565],[82.8314,24.8447],[82.8987,24.8365],[82.9232,24.8452],[82.9468,24.8396],[82.9925,24.906],[83.0046,24.9022],[83.0062,24.8512],[83.0208,24.8425],[83.0069,24.8244],[83.0162,24.8113],[83.0379,24.8198],[83.0494,24.801],[83.0809,24.8174],[83.0996,24.8184],[83.0872,24.8387],[83.0703,24.8882],[83.0731,24.9016],[83.0591,24.9306],[83.0531,24.9693],[83.0682,24.9787],[83.0608,25.0049],[83.0678,25.0165],[83.0569,25.0673],[83.0951,25.0658],[83.1143,25.0581],[83.1281,25.1147],[83.1212,25.1264],[83.1593,25.1374],[83.1668,25.1865],[83.1195,25.1895],[83.1137,25.2022],[83.0685,25.2131],[83.0637,25.2284],[83.0257,25.2438],[83.0235,25.2442],[83.0128,25.221],[83.0011,25.2089],[82.9916,25.2047],[82.9822,25.2057],[82.973,25.2074],[82.9661,25.2084],[82.9555,25.2093],[82.945,25.2101],[82.9396,25.2106],[82.933,25.2106],[82.925,25.2105],[82.9078,25.2157],[82.904,25.2156],[82.897,25.2143],[82.8955,25.2152],[82.8899,25.2138],[82.8889,25.2119],[82.8873,25.211],[82.8858,25.2112],[82.8799,25.2091],[82.8777,25.2063],[82.8763,25.2043],[82.8751,25.202],[82.8684,25.2042],[82.867,25.2041],[82.8625,25.2011],[82.8615,25.198],[82.8617,25.1952],[82.8624,25.1949],[82.8674,25.1932],[82.8652,25.1909],[82.8605,25.1877],[82.8577,25.1831],[82.8564,25.1815],[82.8548,25.1785],[82.853,25.1758],[82.8503,25.1727],[82.8446,25.17],[82.8374,25.1694],[82.831,25.17],[82.8277,25.1736],[82.8262,25.1768],[82.8235,25.1775],[82.821,25.1784],[82.8176,25.1833],[82.8149,25.1881],[82.8098,25.1891],[82.805,25.1903],[82.8015,25.1908],[82.8012,25.1892],[82.8009,25.185],[82.7993,25.1793],[82.7974,25.1755],[82.7934,25.1759],[82.7879,25.1798],[82.7872,25.1827],[82.7904,25.1856],[82.7946,25.191],[82.7928,25.1927],[82.7863,25.1936],[82.7823,25.196],[82.7815,25.1969],[82.7804,25.2005],[82.7789,25.205],[82.7768,25.2093],[82.784,25.2124],[82.7912,25.2108],[82.7934,25.2103],[82.8083,25.2088],[82.8086,25.2102],[82.8074,25.2126],[82.8057,25.2136],[82.802,25.2187],[82.797,25.2266],[82.8038,25.2282],[82.8051,25.2289],[82.8064,25.2295],[82.8075,25.2305],[82.8085,25.2345],[82.8054,25.2369],[82.8054,25.247],[82.8077,25.2484],[82.8135,25.2551],[82.8131,25.2578],[82.8066,25.2596],[82.7959,25.2584],[82.7894,25.2562],[82.7887,25.2558],[82.7816,25.2532],[82.7775,25.251],[82.778,25.2448],[82.7784,25.2405],[82.7823,25.2359],[82.7831,25.2338],[82.7818,25.2325],[82.7789,25.2318],[82.7743,25.232],[82.7722,25.2329],[82.7709,25.2345],[82.7691,25.2457],[82.7713,25.2492],[82.7716,25.2503],[82.7701,25.2531],[82.7688,25.2549],[82.7668,25.2571],[82.7663,25.258],[82.7644,25.26],[82.764,25.2611],[82.7629,25.2628],[82.7729,25.2679],[82.7715,25.2739],[82.7694,25.2737],[82.7665,25.2697],[82.7539,25.2704],[82.7528,25.2686],[82.7515,25.257],[82.7509,25.2535],[82.7505,25.2502],[82.7474,25.2443],[82.7419,25.2433],[82.7386,25.2437],[82.7318,25.248],[82.7306,25.2503],[82.7268,25.2569],[82.7183,25.2563],[82.7109,25.2555],[82.7066,25.2556],[82.7057,25.2607],[82.7022,25.2653],[82.7012,25.2652],[82.696,25.2658],[82.69,25.2659],[82.6868,25.2661],[82.682,25.2661],[82.6778,25.2653],[82.67,25.2554],[82.6687,25.2532],[82.6669,25.2518],[82.6647,25.2511],[82.6636,25.2509],[82.6622,25.2509],[82.6603,25.2523],[82.6538,25.2604],[82.6523,25.2615],[82.6464,25.2636],[82.6457,25.2635],[82.6397,25.2616],[82.6362,25.2606],[82.6328,25.252],[82.6321,25.2473],[82.632,25.2432],[82.629,25.2245],[82.629,25.2226],[82.6254,25.2211],[82.6209,25.2224],[82.6188,25.2234],[82.6116,25.2274],[82.606,25.2343],[82.606,25.2478],[82.5973,25.25],[82.5901,25.2513],[82.5866,25.2526],[82.5819,25.2534],[82.5801,25.2538],[82.5748,25.2539],[82.5717,25.2536],[82.5683,25.2523],[82.5669,25.2486],[82.5668,25.2465],[82.5639,25.2462],[82.5582,25.2484],[82.5548,25.2459],[82.5487,25.2418],[82.5428,25.2428],[82.5409,25.2431],[82.5378,25.2438],[82.5351,25.2434],[82.5317,25.2415],[82.5231,25.2422],[82.5183,25.2432],[82.5086,25.2452],[82.5032,25.2457],[82.4983,25.245],[82.4935,25.245],[82.4891,25.2452],[82.4858,25.2454],[82.4795,25.2462],[82.4778,25.2462],[82.4715,25.2476],[82.4705,25.248],[82.4678,25.2496],[82.4652,25.2432],[82.464,25.2397],[82.4587,25.2261],[82.4516,25.2249],[82.4481,25.2244],[82.4441,25.2237],[82.4419,25.2246],[82.4418,25.2276],[82.4413,25.2317],[82.4398,25.2345],[82.4264,25.2417],[82.4243,25.2429],[82.4199,25.2457],[82.4186,25.2465],[82.4085,25.2527],[82.4013,25.2564],[82.3984,25.259],[82.3957,25.2607],[82.3931,25.2624],[82.3865,25.2643],[82.3831,25.2641],[82.3802,25.2628],[82.3784,25.2622],[82.3758,25.2604],[82.3711,25.2546],[82.3686,25.2516],[82.3595,25.236],[82.358,25.2329],[82.3571,25.2292],[82.3559,25.225],[82.3522,25.2169],[82.3467,25.2141],[82.3454,25.2135],[82.3395,25.2121],[82.3372,25.2122],[82.3311,25.2131],[82.3225,25.2168],[82.3203,25.2188],[82.3167,25.2245],[82.316,25.2283],[82.3152,25.234],[82.3116,25.2461],[82.3108,25.2486],[82.3103,25.25],[82.3076,25.2581],[82.306,25.2611],[82.3034,25.264],[82.3016,25.2655],[82.2965,25.2699],[82.2929,25.2733],[82.2861,25.2769],[82.2782,25.2776]]]},"properties":{"NAME_1":"Uttar Pradesh","NAME_2":"Mirzapur"}},{"type":"Feature","geometry":{"type":"Polygon","coordinates":[[[78.7586,29.2867],[78.7419,29.2886],[78.695,29.2732],[78.6682,29.2323],[78.6796,29.2065],[78.6619,29.2034],[78.6579,29.1793],[78.6652,29.1329],[78.6563,29.1077],[78.6932,29.07],[78.6612,29.0438],[78.6306,29.0069],[78.6422,28.9844],[78.6796,28.9528],[78.6554,28.9234],[78.6748,28.9126],[78.6571,28.8788],[78.6328,28.8514],[78.5953,28.8245],[78.6003,28.8129],[78.5251,28.7954],[78.4794,28.7734],[78.4598,28.7832],[78.4412,28.774],[78.4239,28.7856],[78.4027,28.7846],[78.3957,28.7433],[78.4074,28.6615],[78.3896,28.6497],[78.4004,28.6145],[78.4119,28.6151],[78.4189,28.58],[78.4134,28.5541],[78.4239,28.5426],[78.4072,28.5219],[78.4182,28.5121],[78.4179,28.4886],[78.405,28.4673],[78.4331,28.4727],[78.4471,28.4423],[78.4839,28.421],[78.4831,28.3864],[78.5149,28.3639],[78.5503,28.3628],[78.5683,28.3496],[78.5871,28.3573],[78.6282,28.3393],[78.6496,28.3529],[78.6697,28.3521],[78.6964,28.3829],[78.7209,28.3908],[78.7444,28.3825],[78.787,28.433],[78.8071,28.4513],[78.8599,28.487],[78.9094,28.4855],[78.9299,28.5231],[78.9176,28.539],[78.9266,28.5686],[78.909,28.5806],[78.894,28.6096],[78.8281,28.6662],[78.8274,28.6867],[78.8421,28.7105],[78.8682,28.6965],[78.8943,28.7122],[78.9347,28.719],[78.9415,28.7502],[78.9644,28.7693],[78.9404,28.7876],[78.9559,28.7998],[78.9463,28.8272],[78.9303,28.8382],[78.9267,28.8612],[78.899,28.8694],[78.8934,28.895],[78.8763,28.9036],[78.8786,28.9339],[78.8906,28.9545],[78.8801,28.9797],[78.9229,29.0131],[78.938,29.0389],[78.9234,29.0855],[78.958,29.1293],[78.9608,29.1616],[78.9444,29.1496],[78.9048,29.1632],[78.8992,29.2026],[78.8641,29.2495],[78.8313,29.2607],[78.8138,29.2523],[78.7586,29.2867]]]},"properties":{"NAME_1":"Uttar Pradesh","NAME_2":"Moradabad"}},{"type":"Feature","geometry":{"type":"Polygon","coordinates":[[[77.988,29.5459],[77.9789,29.5541],[77.9846,29.5846],[77.9482,29.5903],[77.9768,29.614],[77.977,29.6421],[77.9632,29.6702],[77.9454,29.6872],[77.9408,29.7146],[77.9162,29.7117],[77.8999,29.6978],[77.8739,29.702],[77.8343,29.6719],[77.8111,29.6725],[77.7839,29.6423],[77.7322,29.6092],[77.6849,29.6198],[77.6547,29.5795],[77.6131,29.6183],[77.5885,29.6278],[77.5417,29.6325],[77.5147,29.6252],[77.477,29.6377],[77.4743,29.6606],[77.4345,29.6749],[77.421,29.6548],[77.4055,29.6625],[77.3788,29.6514],[77.3624,29.6579],[77.33,29.6502],[77.2882,29.6757],[77.2699,29.67],[77.2455,29.678],[77.2113,29.7005],[77.1911,29.6846],[77.1322,29.6995],[77.12,29.6803],[77.1294,29.6586],[77.1097,29.6472],[77.0856,29.6008],[77.1097,29.553],[77.0849,29.5336],[77.1233,29.4861],[77.1143,29.4619],[77.1241,29.4529],[77.1358,29.4322],[77.1259,29.4106],[77.1386,29.3839],[77.1311,29.3807],[77.1169,29.3767],[77.1167,29.3726],[77.1175,29.3572],[77.1276,29.3443],[77.1464,29.3451],[77.151,29.3255],[77.1542,29.3169],[77.1423,29.3015],[77.1494,29.2991],[77.1756,29.2925],[77.196,29.2794],[77.2287,29.2853],[77.2431,29.2838],[77.2712,29.2719],[77.275,29.2703],[77.2874,29.2626],[77.2984,29.2663],[77.3118,29.2611],[77.3212,29.2535],[77.3442,29.2446],[77.3714,29.2412],[77.3729,29.2425],[77.378,29.2521],[77.3852,29.2534],[77.432,29.2316],[77.4457,29.2312],[77.4504,29.2291],[77.4624,29.2171],[77.4745,29.2052],[77.4781,29.2023],[77.5,29.1947],[77.5779,29.2614],[77.6143,29.2527],[77.6227,29.2311],[77.6404,29.2277],[77.6538,29.2555],[77.6738,29.2513],[77.6825,29.2289],[77.7392,29.22],[77.7926,29.1861],[77.8006,29.2011],[77.8411,29.2033],[77.8574,29.2281],[77.8905,29.2114],[77.918,29.2154],[77.9327,29.2362],[77.9517,29.2336],[77.9885,29.2547],[78.011,29.2538],[78.0256,29.2675],[78.0709,29.2668],[78.098,29.2571],[78.1255,29.2592],[78.0981,29.3295],[78.0565,29.3649],[78.0372,29.3946],[78.0535,29.4076],[78.0224,29.4407],[78.0175,29.4584],[77.9882,29.4812],[77.9816,29.4989],[77.988,29.5459]]]},"properties":{"NAME_1":"Uttar Pradesh","NAME_2":"Muzaffarnagar"}},{"type":"Feature","geometry":{"type":"Polygon","coordinates":[[[79.762,28.8897],[79.7096,28.8792],[79.6662,28.8483],[79.6308,28.8589],[79.6458,28.8088],[79.6431,28.7768],[79.661,28.7496],[79.6442,28.7308],[79.6178,28.7151],[79.6107,28.681],[79.5883,28.622],[79.6011,28.5989],[79.6342,28.6091],[79.6421,28.5909],[79.6641,28.5888],[79.6515,28.5606],[79.6739,28.5613],[79.6739,28.5346],[79.7061,28.5371],[79.7094,28.5226],[79.7359,28.5135],[79.7331,28.472],[79.7097,28.4607],[79.7145,28.4247],[79.6607,28.3974],[79.6897,28.3821],[79.6789,28.345],[79.6629,28.3259],[79.6673,28.3123],[79.6996,28.2926],[79.7008,28.2705],[79.6741,28.2691],[79.7172,28.2249],[79.7035,28.2111],[79.7708,28.1658],[79.7916,28.1746],[79.8108,28.2056],[79.8007,28.2449],[79.8334,28.2367],[79.8294,28.2146],[79.853,28.1944],[79.8736,28.1883],[79.8738,28.1726],[79.8526,28.1574],[79.8672,28.1361],[79.8958,28.1462],[79.9264,28.1219],[79.9473,28.1247],[79.9542,28.1736],[79.9457,28.1974],[79.9449,28.2522],[79.9307,28.3169],[79.9462,28.3373],[80.0255,28.3615],[80.04,28.3562],[80.0612,28.3382],[80.0842,28.369],[80.0918,28.3787],[80.0965,28.3894],[80.1331,28.3929],[80.1451,28.3869],[80.1519,28.3777],[80.1601,28.3645],[80.163,28.3569],[80.1902,28.3572],[80.1932,28.3868],[80.2027,28.392],[80.2276,28.3977],[80.2415,28.4186],[80.2336,28.4433],[80.228,28.4499],[80.2284,28.4558],[80.2348,28.4608],[80.2752,28.4618],[80.2994,28.4727],[80.311,28.4865],[80.3298,28.4813],[80.3471,28.4671],[80.3648,28.4658],[80.3803,28.4848],[80.407,28.4866],[80.4219,28.5085],[80.384,28.5574],[80.36,28.6009],[80.3475,28.5973],[80.3276,28.6153],[80.292,28.6225],[80.2933,28.6471],[80.3237,28.6892],[80.2954,28.7113],[80.2792,28.7099],[80.2579,28.7293],[80.2668,28.7435],[80.2523,28.7578],[80.2177,28.7553],[80.173,28.782],[80.1198,28.8287],[80.0724,28.8297],[80.0584,28.8353],[80.0257,28.7999],[80.0405,28.7831],[80.0136,28.7374],[79.9883,28.717],[79.9529,28.7175],[79.9224,28.7327],[79.9181,28.7522],[79.9101,28.7633],[79.8993,28.7739],[79.8921,28.7813],[79.8889,28.7858],[79.9006,28.7994],[79.8948,28.8015],[79.8801,28.7968],[79.8673,28.7964],[79.8465,28.805],[79.8462,28.8213],[79.8542,28.8208],[79.8755,28.8213],[79.8753,28.8302],[79.8556,28.8391],[79.8245,28.8448],[79.8147,28.8191],[79.8159,28.8123],[79.8113,28.8114],[79.805,28.8087],[79.803,28.8056],[79.7834,28.8054],[79.7894,28.8197],[79.7948,28.8147],[79.7978,28.8208],[79.8012,28.8296],[79.7992,28.8362],[79.7943,28.843],[79.7999,28.8543],[79.809,28.8589],[79.8086,28.8628],[79.8057,28.8691],[79.7949,28.8699],[79.7906,28.8774],[79.762,28.8897]]]},"properties":{"NAME_1":"Uttar Pradesh","NAME_2":"Pilibhit"}},{"type":"Feature","geometry":{"type":"Polygon","coordinates":[[[82.4232,26.0124],[82.3929,26.0135],[82.3934,26.0325],[82.3689,26.0346],[82.3479,26.0109],[82.3111,26.0439],[82.2387,26.0606],[82.2212,26.0368],[82.1943,26.0188],[82.1777,26.0449],[82.1334,26.0632],[82.1244,26.0589],[82.0971,26.0785],[82.0576,26.0556],[82.0291,26.0694],[81.9909,26.0672],[81.9558,26.0824],[81.9342,26.0782],[81.9238,26.0557],[81.8898,26.0698],[81.8759,26.0843],[81.8524,26.05],[81.7778,26.0303],[81.7574,26.0572],[81.7612,26.0719],[81.7174,26.0974],[81.6961,26.0712],[81.6791,26.0803],[81.6757,26.1213],[81.6391,26.1322],[81.6446,26.1498],[81.6102,26.1826],[81.603,26.1565],[81.5826,26.1443],[81.5627,26.1459],[81.532,26.1231],[81.5446,26.1047],[81.5546,26.0681],[81.5328,26.061],[81.5272,26.0385],[81.5562,26.0337],[81.5495,26.005],[81.5626,25.9774],[81.5369,25.9718],[81.4964,25.9493],[81.4814,25.9472],[81.4255,25.9234],[81.4032,25.9004],[81.3642,25.8862],[81.36,25.8694],[81.3263,25.8742],[81.3222,25.8501],[81.3457,25.8288],[81.3279,25.8143],[81.3605,25.776],[81.3874,25.7747],[81.3961,25.7507],[81.3768,25.7233],[81.3601,25.7161],[81.3808,25.6887],[81.4106,25.6833],[81.4579,25.6384],[81.4873,25.6255],[81.5224,25.623],[81.5429,25.5798],[81.5607,25.5717],[81.6056,25.5965],[81.6026,25.6229],[81.6135,25.6461],[81.6027,25.6712],[81.6294,25.6676],[81.6298,25.6337],[81.6509,25.6157],[81.6732,25.6337],[81.6991,25.6363],[81.7148,25.6477],[81.7153,25.678],[81.7421,25.6723],[81.7479,25.6969],[81.7459,25.7373],[81.7971,25.7525],[81.8187,25.7456],[81.8344,25.7292],[81.9087,25.7175],[81.923,25.7551],[81.9371,25.7437],[81.9729,25.7392],[81.98,25.7512],[82.0123,25.7467],[82.031,25.7287],[82.0176,25.7122],[82.0285,25.6946],[82.0521,25.687],[82.0542,25.6624],[82.1018,25.6575],[82.1154,25.6845],[82.1472,25.6826],[82.1603,25.7058],[82.1804,25.7148],[82.1879,25.7428],[82.1704,25.7842],[82.1679,25.824],[82.1938,25.8245],[82.2086,25.8414],[82.2469,25.836],[82.2803,25.8628],[82.2874,25.8953],[82.3657,25.917],[82.3845,25.9377],[82.355,25.9446],[82.3404,25.9651],[82.3595,25.9825],[82.3952,25.9764],[82.4173,25.9848],[82.4232,26.0124]]]},"properties":{"NAME_1":"Uttar Pradesh","NAME_2":"Pratapgarh"}},{"type":"Feature","geometry":{"type":"Polygon","coordinates":[[[81.5326,26.5255],[81.4806,26.5433],[81.4524,26.5754],[81.4408,26.5659],[81.407,26.5691],[81.3737,26.5916],[81.3477,26.5506],[81.318,26.5557],[81.3065,26.5438],[81.2731,26.5746],[81.2439,26.582],[81.2102,26.603],[81.1808,26.6093],[81.1565,26.5974],[81.1335,26.591],[81.1175,26.5644],[81.0944,26.5672],[81.0682,26.5275],[81.0352,26.507],[81.0164,26.5283],[80.9905,26.5399],[80.9937,26.4948],[80.9753,26.4782],[80.9906,26.4458],[81.0218,26.4143],[81.0168,26.4077],[81.0287,26.3656],[81.0148,26.3664],[80.9908,26.3503],[80.9895,26.3186],[80.9426,26.3122],[80.9339,26.3253],[80.9409,26.3493],[80.9293,26.3616],[80.8921,26.3549],[80.8369,26.376],[80.8227,26.3539],[80.837,26.333],[80.8625,26.3207],[80.8786,26.2967],[80.8444,26.2525],[80.817,26.2315],[80.8031,26.2125],[80.7724,26.2119],[80.7618,26.1869],[80.7227,26.181],[80.6799,26.1468],[80.6672,26.1261],[80.6677,26.1095],[80.6993,26.0914],[80.752,26.0778],[80.8025,26.0376],[80.8426,26.0411],[80.8836,26.0596],[80.9093,26.0587],[80.9312,26.0703],[80.9629,26.073],[81.0103,26.068],[81.0321,26.0519],[81.0568,26.02],[81.063,26.0012],[81.1091,25.9772],[81.1074,25.9593],[81.1568,25.9496],[81.1587,25.9392],[81.1937,25.9394],[81.2077,25.9307],[81.2121,25.8783],[81.2302,25.8617],[81.2879,25.8479],[81.3279,25.8143],[81.3457,25.8288],[81.3222,25.8501],[81.3263,25.8742],[81.36,25.8694],[81.3642,25.8862],[81.4032,25.9004],[81.4255,25.9234],[81.4814,25.9472],[81.4964,25.9493],[81.5369,25.9718],[81.5626,25.9774],[81.5495,26.005],[81.5562,26.0337],[81.5272,26.0385],[81.5328,26.061],[81.5546,26.0681],[81.5446,26.1047],[81.532,26.1231],[81.5627,26.1459],[81.5826,26.1443],[81.603,26.1565],[81.6102,26.1826],[81.6028,26.2239],[81.5853,26.2253],[81.575,26.2804],[81.5556,26.2896],[81.5461,26.313],[81.5556,26.3528],[81.5491,26.3726],[81.5566,26.3887],[81.5375,26.4286],[81.5619,26.4532],[81.5468,26.4787],[81.5501,26.5039],[81.5326,26.5255]]]},"properties":{"NAME_1":"Uttar Pradesh","NAME_2":"Rae Bareli"}},{"type":"Feature","geometry":{"type":"Polygon","coordinates":[[[79.3957,28.8854],[79.4014,28.9323],[79.3793,28.9363],[79.3597,28.9705],[79.3496,28.9521],[79.2789,28.9648],[79.2377,29.0068],[79.204,29.0291],[79.1686,29.0159],[79.1545,29.0274],[79.1654,29.0513],[79.1437,29.0601],[79.1347,29.0819],[79.1422,29.1197],[79.1178,29.1339],[79.1007,29.1317],[79.0729,29.152],[79.0461,29.1547],[79.0128,29.1491],[79.017,29.1179],[79.0006,29.1166],[78.979,29.1548],[78.9608,29.1616],[78.958,29.1293],[78.9234,29.0855],[78.938,29.0389],[78.9229,29.0131],[78.8801,28.9797],[78.8906,28.9545],[78.8786,28.9339],[78.8763,28.9036],[78.8934,28.895],[78.899,28.8694],[78.9267,28.8612],[78.9303,28.8382],[78.9463,28.8272],[78.9559,28.7998],[78.9404,28.7876],[78.9644,28.7693],[78.9415,28.7502],[78.9347,28.719],[78.8943,28.7122],[78.8682,28.6965],[78.8421,28.7105],[78.8274,28.6867],[78.8281,28.6662],[78.894,28.6096],[78.909,28.5806],[78.9266,28.5686],[78.9176,28.539],[78.9299,28.5231],[78.9094,28.4855],[78.9266,28.4553],[78.9667,28.4265],[78.9893,28.3909],[78.9892,28.4376],[79.0274,28.4443],[79.031,28.4539],[79.0722,28.4759],[79.0675,28.4891],[79.1062,28.488],[79.1294,28.496],[79.1548,28.528],[79.1515,28.5423],[79.1721,28.5631],[79.2107,28.5786],[79.2276,28.6447],[79.2438,28.6501],[79.2745,28.6864],[79.293,28.7249],[79.3389,28.7391],[79.3765,28.7634],[79.3736,28.8001],[79.3618,28.8201],[79.3931,28.8257],[79.3953,28.8432],[79.3709,28.8769],[79.3957,28.8854]]]},"properties":{"NAME_1":"Uttar Pradesh","NAME_2":"Rampur"}},{"type":"Feature","geometry":{"type":"Polygon","coordinates":[[[77.9315,30.247],[77.9003,30.2644],[77.8655,30.2705],[77.8124,30.2908],[77.7513,30.3246],[77.7108,30.3388],[77.6739,30.3846],[77.6632,30.3847],[77.6357,30.4101],[77.5631,30.4045],[77.5749,30.3845],[77.5828,30.3584],[77.5699,30.3371],[77.5701,30.3316],[77.5704,30.3112],[77.5558,30.3026],[77.5453,30.2941],[77.5322,30.2869],[77.5247,30.278],[77.5198,30.2601],[77.4937,30.2275],[77.4839,30.2101],[77.4733,30.1886],[77.4468,30.1686],[77.4153,30.1567],[77.4114,30.1497],[77.4155,30.1335],[77.4087,30.1232],[77.4101,30.1111],[77.3967,30.0958],[77.3803,30.093],[77.3685,30.0916],[77.3248,30.0618],[77.3029,30.0606],[77.2918,30.0585],[77.2804,30.0525],[77.2704,30.0483],[77.2731,30.034],[77.2505,29.9885],[77.2111,29.9407],[77.1891,29.922],[77.1796,29.9023],[77.1825,29.8733],[77.1556,29.8168],[77.1524,29.7933],[77.1183,29.7756],[77.113,29.7486],[77.1402,29.7173],[77.1322,29.6995],[77.1911,29.6846],[77.2113,29.7005],[77.2455,29.678],[77.2699,29.67],[77.2882,29.6757],[77.33,29.6502],[77.3624,29.6579],[77.3788,29.6514],[77.4055,29.6625],[77.421,29.6548],[77.4345,29.6749],[77.4743,29.6606],[77.477,29.6377],[77.5147,29.6252],[77.5417,29.6325],[77.5885,29.6278],[77.6131,29.6183],[77.6547,29.5795],[77.6849,29.6198],[77.7322,29.6092],[77.7839,29.6423],[77.8111,29.6725],[77.7892,29.6859],[77.7974,29.6978],[77.7577,29.7159],[77.7647,29.7855],[77.7421,29.8095],[77.7301,29.8531],[77.7033,29.8677],[77.7201,29.9028],[77.733,29.9135],[77.7177,29.935],[77.7401,29.9589],[77.7408,29.9941],[77.7533,30.0174],[77.7739,30.0321],[77.7582,30.0465],[77.7864,30.1],[77.82,30.0936],[77.8553,30.1336],[77.872,30.163],[77.896,30.1863],[77.9044,30.2152],[77.9315,30.247]]]},"properties":{"NAME_1":"Uttar Pradesh","NAME_2":"Saharanpur"}},{"type":"Feature","geometry":{"type":"Polygon","coordinates":[[[83.1231,27.0503],[83.1128,27.04],[83.1068,27.0265],[83.1023,27.0236],[83.0921,27.0239],[83.0868,27.0312],[83.0722,27.0351],[83.0781,27.0228],[83.0448,27.0115],[83.0335,26.9958],[83.0345,26.9863],[83.0333,26.9638],[83.0198,26.9582],[83.0057,26.937],[83.0051,26.9318],[82.998,26.9244],[82.99,26.9149],[82.9632,26.9142],[82.9202,26.9251],[82.902,26.9227],[82.8724,26.9463],[82.8644,26.9455],[82.8572,26.9384],[82.844,26.9298],[82.8454,26.9179],[82.852,26.9215],[82.8616,26.9083],[82.8486,26.9034],[82.8493,26.899],[82.8558,26.8917],[82.8622,26.8863],[82.8433,26.8811],[82.8389,26.8812],[82.8264,26.8631],[82.8185,26.8608],[82.8302,26.8494],[82.8371,26.8453],[82.8422,26.845],[82.8605,26.8386],[82.8644,26.8387],[82.8787,26.822],[82.8753,26.814],[82.8762,26.8108],[82.8746,26.7933],[82.8769,26.7888],[82.8892,26.7874],[82.8897,26.7899],[82.8953,26.7923],[82.8993,26.7879],[82.9215,26.7898],[82.9119,26.7678],[82.9123,26.7658],[82.9219,26.7717],[82.9341,26.7574],[82.9439,26.756],[82.945,26.7516],[82.9517,26.7411],[82.9578,26.7265],[82.9687,26.714],[82.9662,26.6999],[82.9591,26.6947],[82.9579,26.6854],[82.9622,26.6768],[82.9496,26.6744],[82.9354,26.6814],[82.9221,26.6714],[82.9037,26.6372],[82.8978,26.6325],[82.8993,26.6316],[82.8921,26.6283],[82.8792,26.6139],[82.8787,26.6083],[82.886,26.5839],[82.8941,26.5788],[82.9019,26.5797],[82.9045,26.5647],[82.898,26.5593],[82.8913,26.5552],[82.8937,26.5443],[82.9257,26.5197],[82.9466,26.5094],[82.9653,26.4972],[83.0093,26.4819],[83.0152,26.4774],[83.0396,26.4356],[83.048,26.4241],[83.0614,26.4112],[83.0727,26.4187],[83.0867,26.4284],[83.0889,26.4353],[83.0879,26.4425],[83.0886,26.4575],[83.0794,26.478],[83.0827,26.4829],[83.0991,26.4922],[83.1629,26.5046],[83.1769,26.4925],[83.184,26.495],[83.1882,26.5065],[83.1926,26.5234],[83.1777,26.5335],[83.1735,26.53],[83.162,26.5337],[83.1491,26.5422],[83.1317,26.5656],[83.1335,26.5685],[83.1356,26.5752],[83.1157,26.6002],[83.1083,26.6029],[83.103,26.6226],[83.1225,26.6415],[83.125,26.6506],[83.123,26.6583],[83.1143,26.6628],[83.0953,26.6693],[83.1048,26.69],[83.1014,26.6897],[83.0941,26.6857],[83.0866,26.6917],[83.0804,26.7027],[83.0804,26.7184],[83.0845,26.7227],[83.0919,26.7218],[83.1004,26.7169],[83.1005,26.7269],[83.1201,26.7316],[83.1329,26.7454],[83.1348,26.7708],[83.1283,26.7763],[83.1226,26.7799],[83.1212,26.7719],[83.1132,26.7682],[83.1031,26.77],[83.1056,26.7818],[83.0906,26.8113],[83.1003,26.8144],[83.105,26.8155],[83.118,26.8514],[83.1241,26.8711],[83.1266,26.8765],[83.1478,26.8754],[83.159,26.8846],[83.1981,26.8846],[83.199,26.9076],[83.21,26.9108],[83.212,26.9189],[83.2002,26.929],[83.2017,26.9407],[83.2105,26.9359],[83.2157,26.9464],[83.1989,26.9482],[83.1893,26.9445],[83.1863,26.9509],[83.1982,26.956],[83.199,26.958],[83.1957,26.9708],[83.2058,26.9736],[83.2097,26.9762],[83.2167,26.9904],[83.2036,27.0042],[83.2069,27.0201],[83.197,27.0207],[83.1867,27.0166],[83.1586,27.0041],[83.1653,27.0107],[83.1548,27.0138],[83.1499,27.0167],[83.1486,27.0077],[83.1367,27.0071],[83.134,27.0148],[83.1399,27.0261],[83.1318,27.0245],[83.1407,27.0442],[83.1309,27.0479],[83.1231,27.0503]]]},"properties":{"NAME_1":"Uttar Pradesh","NAME_2":"Sant Kabir Nagar"}},{"type":"Feature","geometry":{"type":"Polygon","coordinates":[[[82.3884,25.5237],[82.3847,25.5235],[82.3844,25.5213],[82.3848,25.5166],[82.3752,25.5194],[82.3721,25.521],[82.3643,25.5219],[82.3652,25.5169],[82.3677,25.5149],[82.3672,25.5113],[82.3579,25.5116],[82.3534,25.5134],[82.3484,25.5148],[82.3439,25.5176],[82.3406,25.5313],[82.3379,25.5333],[82.3269,25.5391],[82.3249,25.5391],[82.3217,25.5392],[82.3186,25.5358],[82.3198,25.5292],[82.3236,25.5243],[82.328,25.5185],[82.3308,25.5155],[82.3255,25.5056],[82.3238,25.5038],[82.3172,25.5059],[82.3153,25.5097],[82.3135,25.5143],[82.3106,25.5208],[82.3077,25.5256],[82.3067,25.5259],[82.2971,25.5249],[82.2955,25.5246],[82.2906,25.5232],[82.2889,25.5217],[82.2873,25.5189],[82.2893,25.5158],[82.2994,25.5131],[82.3019,25.5118],[82.3066,25.5086],[82.3067,25.5024],[82.3037,25.5005],[82.2967,25.4985],[82.291,25.4998],[82.2816,25.5033],[82.2795,25.503],[82.2753,25.4945],[82.2753,25.4907],[82.2768,25.4883],[82.2794,25.486],[82.2966,25.4877],[82.2998,25.4877],[82.3042,25.4765],[82.304,25.4748],[82.3028,25.4631],[82.3064,25.462],[82.3154,25.4578],[82.3201,25.4526],[82.3255,25.4528],[82.3283,25.452],[82.3318,25.4466],[82.3354,25.44],[82.3362,25.4381],[82.3398,25.4324],[82.3411,25.4304],[82.3447,25.4218],[82.3404,25.4133],[82.338,25.4093],[82.333,25.404],[82.328,25.4044],[82.322,25.4049],[82.3217,25.4042],[82.3173,25.3965],[82.3114,25.3995],[82.3048,25.3913],[82.3039,25.3893],[82.3065,25.3892],[82.3083,25.3891],[82.31,25.3816],[82.3086,25.3793],[82.3024,25.3741],[82.3002,25.3725],[82.3003,25.37],[82.3075,25.3601],[82.3079,25.3559],[82.3102,25.3413],[82.3037,25.3316],[82.3002,25.3309],[82.2957,25.3294],[82.2948,25.3279],[82.2946,25.3171],[82.2948,25.3144],[82.2936,25.3112],[82.2929,25.3104],[82.2911,25.309],[82.2861,25.3064],[82.285,25.3056],[82.2818,25.3029],[82.2782,25.3026],[82.2765,25.3026],[82.272,25.3011],[82.2687,25.2991],[82.2651,25.2976],[82.264,25.297],[82.2608,25.2964],[82.2586,25.2962],[82.2555,25.2955],[82.2536,25.2925],[82.2505,25.2879],[82.25,25.2867],[82.2466,25.2796],[82.244,25.2769],[82.2404,25.2773],[82.2295,25.2772],[82.222,25.2777],[82.2139,25.2786],[82.2131,25.2764],[82.2109,25.2686],[82.2093,25.2645],[82.2061,25.2569],[82.2023,25.2511],[82.2005,25.248],[82.1993,25.2465],[82.197,25.243],[82.1931,25.2383],[82.1884,25.2072],[82.1934,25.1972],[82.1964,25.1934],[82.2076,25.1866],[82.2179,25.1849],[82.2243,25.1838],[82.2272,25.1835],[82.2404,25.1838],[82.2492,25.184],[82.2544,25.1854],[82.2578,25.1858],[82.2605,25.185],[82.2624,25.1845],[82.2693,25.1874],[82.2769,25.191],[82.2783,25.1921],[82.2813,25.1968],[82.2801,25.2009],[82.2761,25.2048],[82.2719,25.206],[82.2627,25.2093],[82.2563,25.211],[82.2546,25.2114],[82.2487,25.2133],[82.2403,25.216],[82.2374,25.2171],[82.234,25.2343],[82.2343,25.2352],[82.2366,25.2409],[82.2386,25.2433],[82.2424,25.252],[82.2454,25.2578],[82.2496,25.2643],[82.2604,25.2739],[82.2625,25.2749],[82.2645,25.2759],[82.2709,25.277],[82.2764,25.2778],[82.2782,25.2776],[82.2861,25.2769],[82.2929,25.2733],[82.2965,25.2699],[82.3016,25.2655],[82.3034,25.264],[82.306,25.2611],[82.3076,25.2581],[82.3103,25.25],[82.3108,25.2486],[82.3116,25.2461],[82.3152,25.234],[82.316,25.2283],[82.3167,25.2245],[82.3203,25.2188],[82.3225,25.2168],[82.3311,25.2131],[82.3372,25.2122],[82.3395,25.2121],[82.3454,25.2135],[82.3467,25.2141],[82.3522,25.2169],[82.3559,25.225],[82.3571,25.2292],[82.358,25.2329],[82.3595,25.236],[82.3686,25.2516],[82.3711,25.2546],[82.3758,25.2604],[82.3784,25.2622],[82.3802,25.2628],[82.3831,25.2641],[82.3865,25.2643],[82.3931,25.2624],[82.3957,25.2607],[82.3984,25.259],[82.4013,25.2564],[82.4085,25.2527],[82.4186,25.2465],[82.4199,25.2457],[82.4243,25.2429],[82.4264,25.2417],[82.4398,25.2345],[82.4413,25.2317],[82.4418,25.2276],[82.4419,25.2246],[82.4441,25.2237],[82.4481,25.2244],[82.4516,25.2249],[82.4587,25.2261],[82.464,25.2397],[82.4652,25.2432],[82.4678,25.2496],[82.4705,25.248],[82.4715,25.2476],[82.4778,25.2462],[82.4795,25.2462],[82.4858,25.2454],[82.4891,25.2452],[82.4935,25.245],[82.4983,25.245],[82.5032,25.2457],[82.5086,25.2452],[82.5183,25.2432],[82.5231,25.2422],[82.5317,25.2415],[82.5351,25.2434],[82.5378,25.2438],[82.5409,25.2431],[82.5428,25.2428],[82.5487,25.2418],[82.5548,25.2459],[82.5582,25.2484],[82.5639,25.2462],[82.5668,25.2465],[82.5669,25.2486],[82.5683,25.2523],[82.5717,25.2536],[82.5748,25.2539],[82.5801,25.2538],[82.5819,25.2534],[82.5866,25.2526],[82.5901,25.2513],[82.5973,25.25],[82.606,25.2478],[82.606,25.2343],[82.6116,25.2274],[82.6188,25.2234],[82.6209,25.2224],[82.6254,25.2211],[82.629,25.2226],[82.629,25.2245],[82.632,25.2432],[82.6321,25.2473],[82.6328,25.252],[82.6362,25.2606],[82.6397,25.2616],[82.6457,25.2635],[82.6464,25.2636],[82.6523,25.2615],[82.6538,25.2604],[82.6603,25.2523],[82.6622,25.2509],[82.6636,25.2509],[82.6626,25.256],[82.6668,25.2838],[82.6801,25.2824],[82.6863,25.3132],[82.6741,25.3554],[82.7013,25.3811],[82.6851,25.3973],[82.6844,25.3965],[82.6744,25.401],[82.6661,25.4025],[82.6603,25.4023],[82.6569,25.4024],[82.6392,25.4008],[82.6381,25.4001],[82.6361,25.3993],[82.6298,25.3973],[82.6276,25.3969],[82.6238,25.3962],[82.6181,25.3954],[82.613,25.4066],[82.6259,25.4033],[82.6284,25.4038],[82.6301,25.4097],[82.627,25.412],[82.6209,25.4145],[82.6151,25.416],[82.6053,25.4201],[82.6001,25.4193],[82.5942,25.4182],[82.5925,25.4182],[82.5899,25.422],[82.594,25.4287],[82.6041,25.4403],[82.6053,25.4461],[82.603,25.4505],[82.5979,25.4533],[82.5954,25.4535],[82.5867,25.4531],[82.5769,25.4555],[82.5716,25.448],[82.5734,25.441],[82.5741,25.4351],[82.5742,25.4319],[82.5738,25.4298],[82.5674,25.4183],[82.565,25.4176],[82.5594,25.4219],[82.5573,25.4346],[82.557,25.4365],[82.5568,25.4426],[82.5548,25.4528],[82.5504,25.4588],[82.5458,25.4625],[82.5383,25.4648],[82.5334,25.4651],[82.5338,25.4567],[82.5342,25.4562],[82.5375,25.455],[82.5398,25.4545],[82.5455,25.4506],[82.5456,25.4501],[82.5453,25.4459],[82.5439,25.4424],[82.5376,25.4399],[82.5359,25.4396],[82.5293,25.4402],[82.5227,25.4422],[82.5165,25.4443],[82.5062,25.4446],[82.5059,25.45],[82.5043,25.4583],[82.5004,25.4642],[82.5004,25.4687],[82.498,25.4732],[82.497,25.4751],[82.4944,25.4776],[82.4924,25.4787],[82.4861,25.48],[82.4831,25.4797],[82.4736,25.4748],[82.4714,25.4739],[82.4632,25.4707],[82.4572,25.4758],[82.4581,25.4774],[82.4624,25.4812],[82.4665,25.4831],[82.4669,25.4836],[82.4712,25.488],[82.4658,25.4909],[82.4562,25.4919],[82.4516,25.4933],[82.4442,25.4955],[82.4423,25.4968],[82.4404,25.498],[82.44,25.5001],[82.4388,25.5127],[82.4388,25.5139],[82.4385,25.5182],[82.4316,25.52],[82.4243,25.5193],[82.4187,25.5194],[82.413,25.5116],[82.4106,25.5101],[82.4059,25.5073],[82.4077,25.5043],[82.4091,25.5017],[82.4103,25.5004],[82.4048,25.4946],[82.4036,25.4934],[82.4021,25.4973],[82.3973,25.5051],[82.3911,25.5171],[82.3889,25.5231],[82.3884,25.5237]]]},"properties":{"NAME_1":"Uttar Pradesh","NAME_2":"Sant Ravi Das Nagar"}},{"type":"Feature","geometry":{"type":"Polygon","coordinates":[[[80.0525,27.7761],[80.0268,27.8432],[80.0472,27.859],[80.0212,27.888],[80.0217,27.9289],[80.0585,27.9275],[80.0778,27.9392],[80.0778,27.9588],[80.1011,27.9758],[80.1128,28.0022],[80.1482,28.0076],[80.1961,28.036],[80.2193,28.0625],[80.2348,28.0595],[80.2486,28.0901],[80.2376,28.1018],[80.2334,28.1399],[80.24,28.1564],[80.2908,28.1579],[80.2984,28.1926],[80.2888,28.2188],[80.3027,28.2483],[80.2958,28.2644],[80.3227,28.3019],[80.357,28.3379],[80.3472,28.3892],[80.2896,28.4593],[80.2752,28.4618],[80.2348,28.4608],[80.2284,28.4558],[80.228,28.4499],[80.2336,28.4433],[80.2415,28.4186],[80.2276,28.3977],[80.2027,28.392],[80.1932,28.3868],[80.1902,28.3572],[80.163,28.3569],[80.1601,28.3645],[80.1519,28.3777],[80.1451,28.3869],[80.1331,28.3929],[80.0965,28.3894],[80.0918,28.3787],[80.0842,28.369],[80.0612,28.3382],[80.04,28.3562],[80.0255,28.3615],[79.9462,28.3373],[79.9307,28.3169],[79.9449,28.2522],[79.9457,28.1974],[79.9542,28.1736],[79.9473,28.1247],[79.9264,28.1219],[79.8958,28.1462],[79.8672,28.1361],[79.8526,28.1574],[79.8738,28.1726],[79.8736,28.1883],[79.853,28.1944],[79.8294,28.2146],[79.8334,28.2367],[79.8007,28.2449],[79.8108,28.2056],[79.7916,28.1746],[79.7708,28.1658],[79.7035,28.2111],[79.7172,28.2249],[79.6741,28.2691],[79.6569,28.2429],[79.6549,28.2196],[79.6346,28.2181],[79.6356,28.1985],[79.6105,28.1551],[79.6272,28.128],[79.6193,28.0904],[79.5912,28.0877],[79.5754,28.0968],[79.5509,28.0738],[79.518,28.0653],[79.4869,28.0265],[79.4855,28.0057],[79.4661,27.9905],[79.4615,27.9677],[79.4799,27.9485],[79.4593,27.9329],[79.4502,27.902],[79.457,27.8794],[79.4759,27.8533],[79.4495,27.8547],[79.3851,27.8244],[79.3647,27.823],[79.345,27.7919],[79.3394,27.7603],[79.3278,27.74],[79.3401,27.6583],[79.3852,27.6511],[79.4172,27.6337],[79.4346,27.6457],[79.4677,27.6295],[79.4703,27.6024],[79.492,27.5951],[79.5106,27.6045],[79.5462,27.5942],[79.5802,27.597],[79.5881,27.6203],[79.6084,27.624],[79.6205,27.6403],[79.6396,27.6369],[79.6429,27.6203],[79.6327,27.5858],[79.6461,27.5806],[79.6539,27.5013],[79.6933,27.4965],[79.7064,27.4791],[79.7223,27.4922],[79.7178,27.5433],[79.699,27.5527],[79.7062,27.572],[79.6938,27.5964],[79.691,27.6218],[79.6782,27.6394],[79.6861,27.6589],[79.7186,27.6782],[79.7275,27.725],[79.7562,27.7186],[79.7753,27.6883],[79.8042,27.6625],[79.8557,27.6584],[79.8723,27.6829],[79.8713,27.7059],[79.9079,27.709],[79.941,27.7216],[79.951,27.7338],[80.0079,27.7362],[80.0178,27.7497],[80.0485,27.747],[80.0525,27.7761]]]},"properties":{"NAME_1":"Uttar Pradesh","NAME_2":"Shahjahanpur"}},{"type":"Feature","geometry":{"type":"MultiPolygon","coordinates":[[[[81.804,27.9054],[81.7571,27.943],[81.764,27.9374],[81.804,27.9054]]],[[[81.804,27.9054],[81.7958,27.9072],[81.7703,27.9255],[81.7681,27.9279],[81.7679,27.9286],[81.757,27.9376],[81.729,27.9599],[81.7272,27.9619],[81.7097,27.9771],[81.7056,27.9804],[81.6946,27.9894],[81.65,27.9933],[81.6141,27.9437],[81.553,27.9437],[81.5184,27.949],[81.4838,27.9411],[81.4812,27.9038],[81.4865,27.8852],[81.5211,27.8427],[81.5237,27.8214],[81.529,27.8054],[81.5689,27.7842],[81.5902,27.7629],[81.553,27.7389],[81.5556,27.7177],[81.589,27.6869],[81.5821,27.6798],[81.5571,27.6572],[81.5462,27.6813],[81.5341,27.6874],[81.5324,27.6935],[81.5435,27.7111],[81.5435,27.7185],[81.5339,27.7176],[81.517,27.7294],[81.5033,27.715],[81.4831,27.7207],[81.4901,27.7143],[81.4672,27.7133],[81.4366,27.6802],[81.4382,27.6712],[81.4585,27.6712],[81.4664,27.6709],[81.4778,27.6609],[81.4965,27.6614],[81.5053,27.6501],[81.515,27.6395],[81.5271,27.6297],[81.547,27.621],[81.5425,27.614],[81.5456,27.6117],[81.5475,27.5823],[81.569,27.5831],[81.5699,27.5778],[81.5743,27.5727],[81.5981,27.5563],[81.6075,27.5551],[81.618,27.5398],[81.6359,27.5319],[81.6468,27.5216],[81.6509,27.5197],[81.6545,27.503],[81.6605,27.5038],[81.6663,27.5086],[81.6713,27.5074],[81.6855,27.4938],[81.6868,27.486],[81.6905,27.4731],[81.694,27.4573],[81.6877,27.436],[81.6895,27.4138],[81.6877,27.4095],[81.6812,27.392],[81.6833,27.3906],[81.6957,27.3906],[81.7122,27.3939],[81.727,27.3853],[81.7613,27.3732],[81.7628,27.3662],[81.7188,27.3654],[81.7069,27.3656],[81.6875,27.3525],[81.7076,27.3393],[81.7135,27.3321],[81.7147,27.331],[81.727,27.3372],[81.7412,27.3267],[81.7478,27.3201],[81.7539,27.3171],[81.7607,27.315],[81.7675,27.3151],[81.7666,27.3006],[81.7765,27.3],[81.7863,27.3004],[81.7902,27.2912],[81.7963,27.278],[81.8057,27.2719],[81.8102,27.2794],[81.8135,27.2768],[81.8195,27.2838],[81.8285,27.2872],[81.842,27.3289],[81.8443,27.3339],[81.8663,27.3374],[81.8702,27.3347],[81.8803,27.331],[81.8804,27.3287],[81.8828,27.3233],[81.8947,27.3256],[81.9111,27.3353],[81.9003,27.3406],[81.9009,27.3462],[81.9081,27.3523],[81.9026,27.3586],[81.8994,27.3712],[81.9017,27.3793],[81.9081,27.3814],[81.9309,27.3928],[81.9298,27.3956],[81.928,27.4267],[81.9328,27.4376],[81.935,27.4433],[81.9383,27.4386],[81.9455,27.4359],[81.9522,27.4393],[81.9549,27.4409],[81.9607,27.4473],[81.9626,27.4444],[81.9696,27.4446],[81.9814,27.435],[81.9879,27.4304],[81.9895,27.4242],[81.9924,27.4172],[82.0121,27.4218],[82.0289,27.4231],[82.0342,27.419],[82.0455,27.4219],[82.0654,27.4118],[82.0751,27.428],[82.0455,27.4552],[82.0504,27.5027],[82.0252,27.575],[82.0139,27.5877],[82.0344,27.6185],[82.0675,27.6323],[82.0839,27.6752],[82.119,27.7066],[82.1342,27.7717],[82.1581,27.7975],[82.1721,27.7947],[82.1905,27.8115],[82.198,27.8475],[82.1559,27.8661],[82.1252,27.8648],[82.0933,27.8946],[82.0729,27.9225],[81.9701,27.9288],[81.9271,27.8753],[81.928,27.8596],[81.904,27.8537],[81.8354,27.8974],[81.804,27.9054]]]]},"properties":{"NAME_1":"Uttar Pradesh","NAME_2":"Shravasti"}},{"type":"Feature","geometry":{"type":"Polygon","coordinates":[[[82.7357,27.5045],[82.7105,27.4706],[82.7141,27.4654],[82.7238,27.4646],[82.7265,27.4638],[82.7309,27.4552],[82.7502,27.436],[82.7294,27.4229],[82.7215,27.4153],[82.7176,27.4165],[82.7075,27.4086],[82.7045,27.4187],[82.6961,27.4273],[82.6934,27.4222],[82.6889,27.4249],[82.6855,27.4167],[82.6826,27.4187],[82.6782,27.4163],[82.6588,27.4109],[82.65,27.4092],[82.6433,27.4136],[82.644,27.4146],[82.6582,27.4149],[82.6511,27.4158],[82.6366,27.4153],[82.6302,27.4131],[82.6269,27.4177],[82.6199,27.4102],[82.618,27.4127],[82.6172,27.4165],[82.6127,27.4125],[82.611,27.4225],[82.607,27.4244],[82.597,27.4239],[82.5888,27.4258],[82.5679,27.4267],[82.567,27.4226],[82.5633,27.4234],[82.5644,27.4145],[82.5579,27.4073],[82.5467,27.4032],[82.5269,27.3739],[82.5167,27.376],[82.5,27.3748],[82.4902,27.3707],[82.4831,27.3639],[82.4839,27.3434],[82.4818,27.3404],[82.4663,27.3335],[82.4613,27.3316],[82.4624,27.3285],[82.4711,27.3252],[82.4908,27.3318],[82.4998,27.3291],[82.5036,27.3176],[82.4948,27.322],[82.4892,27.3233],[82.4796,27.3166],[82.4912,27.3072],[82.5029,27.3114],[82.5054,27.3069],[82.4855,27.2965],[82.4809,27.2913],[82.5018,27.2846],[82.5133,27.2669],[82.5169,27.2593],[82.4957,27.2517],[82.4887,27.2447],[82.4942,27.2428],[82.5134,27.2393],[82.5029,27.2191],[82.5101,27.221],[82.5223,27.2193],[82.5469,27.2204],[82.5452,27.2118],[82.5364,27.2107],[82.5371,27.2085],[82.5524,27.2028],[82.5516,27.1881],[82.5454,27.187],[82.5048,27.1831],[82.4952,27.1984],[82.4759,27.2069],[82.4736,27.2085],[82.4395,27.19],[82.4295,27.1777],[82.435,27.1661],[82.4465,27.1571],[82.4558,27.1627],[82.4707,27.1602],[82.4728,27.1614],[82.4618,27.1681],[82.4623,27.1698],[82.4723,27.17],[82.4716,27.1728],[82.4784,27.1694],[82.4791,27.1663],[82.4828,27.1663],[82.4864,27.161],[82.5117,27.1226],[82.5393,27.113],[82.5595,27.0719],[82.5487,27.0613],[82.5651,27.0426],[82.5622,27.0251],[82.6066,27.0084],[82.6302,27.0161],[82.674,27.0116],[82.6929,27.0233],[82.7158,27.0177],[82.7135,27.0002],[82.7333,26.9836],[82.7698,26.9862],[82.7998,26.97],[82.82,26.9378],[82.847,26.9655],[82.8697,26.9731],[82.8695,26.9906],[82.8951,26.9936],[82.904,26.9626],[82.897,26.9431],[82.9202,26.9251],[82.9632,26.9142],[82.99,26.9149],[82.998,26.9244],[83.0051,26.9318],[83.0057,26.937],[83.0198,26.9582],[83.0333,26.9638],[83.0345,26.9863],[83.0335,26.9958],[83.0448,27.0115],[83.0781,27.0228],[83.0722,27.0351],[83.0868,27.0312],[83.0921,27.0239],[83.1023,27.0236],[83.1068,27.0265],[83.1128,27.04],[83.1231,27.0503],[83.1232,27.0566],[83.1318,27.0563],[83.138,27.0621],[83.1288,27.0696],[83.1151,27.1168],[83.1374,27.1232],[83.1158,27.1533],[83.1395,27.1714],[83.1682,27.1611],[83.1678,27.2049],[83.1597,27.2256],[83.1879,27.229],[83.2101,27.2482],[83.2034,27.2666],[83.2457,27.2924],[83.2341,27.3024],[83.2805,27.3383],[83.2943,27.3355],[83.2677,27.3654],[83.2742,27.3834],[83.2125,27.4242],[83.1902,27.454],[83.1665,27.4575],[83.0361,27.4487],[82.9562,27.4678],[82.9316,27.5009],[82.8723,27.4984],[82.8371,27.5015],[82.8036,27.4964],[82.7357,27.5045]]]},"properties":{"NAME_1":"Uttar Pradesh","NAME_2":"Siddharth Nagar"}},{"type":"Feature","geometry":{"type":"Polygon","coordinates":[[[80.9891,27.8316],[80.9752,27.8366],[80.9865,27.8713],[80.9739,27.891],[80.9517,27.9067],[80.929,27.8603],[80.8789,27.8491],[80.8366,27.8281],[80.8314,27.804],[80.818,27.7964],[80.78,27.823],[80.7535,27.8092],[80.7147,27.8117],[80.6801,27.8295],[80.6693,27.8258],[80.6277,27.8416],[80.5956,27.7555],[80.5558,27.7541],[80.5298,27.8022],[80.5091,27.814],[80.4796,27.7783],[80.4622,27.7813],[80.4404,27.754],[80.4114,27.7505],[80.3743,27.719],[80.3292,27.705],[80.3017,27.6844],[80.295,27.6373],[80.2957,27.587],[80.315,27.5597],[80.3094,27.5515],[80.3226,27.5224],[80.335,27.5171],[80.3438,27.4897],[80.3815,27.4791],[80.4092,27.4242],[80.4377,27.4083],[80.4571,27.351],[80.472,27.3498],[80.4854,27.316],[80.4971,27.3088],[80.5077,27.2725],[80.5498,27.2751],[80.5557,27.2975],[80.5941,27.2722],[80.6311,27.2707],[80.647,27.2326],[80.6887,27.2243],[80.7179,27.2408],[80.7595,27.2057],[80.7791,27.2113],[80.8057,27.1713],[80.8093,27.1414],[80.7985,27.1182],[80.8173,27.1067],[80.8465,27.1266],[80.884,27.133],[80.8947,27.1551],[80.9192,27.1643],[80.9171,27.1951],[80.9557,27.2264],[80.9603,27.2453],[80.9952,27.2319],[81.0671,27.2332],[81.0815,27.271],[81.1074,27.2798],[81.1376,27.2649],[81.1598,27.2738],[81.1734,27.2514],[81.1995,27.261],[81.2338,27.2891],[81.2163,27.3262],[81.2443,27.3235],[81.2868,27.3422],[81.302,27.3325],[81.299,27.3096],[81.3105,27.2786],[81.332,27.2615],[81.3668,27.2746],[81.3817,27.3301],[81.4019,27.3417],[81.4073,27.3653],[81.368,27.4007],[81.3629,27.4166],[81.3406,27.4325],[81.3426,27.4466],[81.323,27.4708],[81.3232,27.4967],[81.3104,27.507],[81.3076,27.5448],[81.3144,27.557],[81.3099,27.6002],[81.2949,27.6086],[81.309,27.6434],[81.3054,27.6757],[81.2927,27.6865],[81.2831,27.6852],[81.27,27.6845],[81.2611,27.6794],[81.2512,27.6786],[81.2419,27.6826],[81.2426,27.6929],[81.2594,27.7008],[81.2433,27.7196],[81.2367,27.7239],[81.2209,27.7362],[81.2196,27.7314],[81.2112,27.7283],[81.2093,27.7244],[81.2007,27.721],[81.1927,27.7242],[81.1898,27.7315],[81.174,27.7414],[81.1866,27.7584],[81.1975,27.7604],[81.2173,27.7593],[81.219,27.7656],[81.2153,27.7695],[81.2007,27.7751],[81.1891,27.7824],[81.1679,27.7905],[81.1349,27.7932],[81.1327,27.8132],[81.116,27.8096],[81.0941,27.7986],[81.0941,27.8066],[81.0854,27.8067],[81.0746,27.8205],[81.0294,27.8186],[81.0241,27.8279],[81.0146,27.8286],[80.9993,27.8308],[80.9891,27.8316]]]},"properties":{"NAME_1":"Uttar Pradesh","NAME_2":"Sitapur"}},{"type":"Feature","geometry":{"type":"Polygon","coordinates":[[[83.0996,24.8184],[83.0809,24.8174],[83.0494,24.801],[83.0379,24.8198],[83.0162,24.8113],[83.0069,24.8244],[83.0208,24.8425],[83.0062,24.8512],[83.0046,24.9022],[82.9925,24.906],[82.9468,24.8396],[82.9232,24.8452],[82.8987,24.8365],[82.8314,24.8447],[82.8171,24.8565],[82.7446,24.823],[82.7173,24.8205],[82.651,24.7868],[82.6191,24.7904],[82.6056,24.8137],[82.5746,24.8326],[82.5637,24.8172],[82.5393,24.8101],[82.5479,24.7433],[82.5295,24.7381],[82.5418,24.6968],[82.5184,24.6783],[82.5293,24.652],[82.574,24.663],[82.5876,24.6737],[82.6656,24.6999],[82.696,24.6757],[82.6917,24.6486],[82.7658,24.6416],[82.7683,24.5975],[82.7964,24.5998],[82.8008,24.5527],[82.746,24.5415],[82.7161,24.5571],[82.7156,24.5133],[82.7365,24.4998],[82.7238,24.4763],[82.7257,24.4263],[82.715,24.4162],[82.7072,24.3852],[82.7185,24.3712],[82.7606,24.373],[82.7645,24.3475],[82.7598,24.3191],[82.7641,24.2924],[82.7506,24.2681],[82.7499,24.2361],[82.727,24.2233],[82.7361,24.1684],[82.7204,24.139],[82.6884,24.1442],[82.6709,24.1585],[82.6574,24.1348],[82.6635,24.1239],[82.7014,24.0971],[82.7084,24.0808],[82.7549,24.0732],[82.7558,24.0436],[82.7399,24.031],[82.7459,24.0131],[82.8015,24.0011],[82.7987,23.9766],[82.8078,23.9631],[82.8207,23.965],[82.8489,23.9468],[82.8812,23.9103],[82.9252,23.8907],[82.9536,23.8728],[82.984,23.8796],[83.0364,23.8831],[83.061,23.8752],[83.1274,23.89],[83.1452,23.9099],[83.1896,23.9211],[83.2112,23.9604],[83.216,23.9894],[83.2761,24.0233],[83.2768,24.0457],[83.2924,24.0772],[83.3236,24.1013],[83.339,24.1105],[83.3499,24.1371],[83.3561,24.1477],[83.3694,24.1806],[83.3783,24.2008],[83.3784,24.2169],[83.3793,24.2202],[83.3809,24.24],[83.3934,24.2471],[83.4005,24.2852],[83.3866,24.2976],[83.3756,24.3134],[83.4033,24.3374],[83.4112,24.3396],[83.4266,24.34],[83.43,24.345],[83.4457,24.3633],[83.4514,24.3647],[83.4476,24.3684],[83.4432,24.3728],[83.4398,24.3801],[83.4388,24.389],[83.4329,24.394],[83.4299,24.4038],[83.4262,24.406],[83.412,24.4103],[83.4007,24.4371],[83.3898,24.4376],[83.3871,24.4646],[83.3926,24.4803],[83.3936,24.4889],[83.3921,24.4971],[83.393,24.5012],[83.4264,24.5128],[83.4619,24.5179],[83.4982,24.5271],[83.4934,24.5421],[83.5172,24.5492],[83.524,24.575],[83.5251,24.5802],[83.5235,24.5878],[83.5172,24.5987],[83.5174,24.6032],[83.5417,24.6246],[83.5414,24.6262],[83.5207,24.63],[83.5242,24.6421],[83.5217,24.6445],[83.5159,24.6428],[83.5025,24.6487],[83.4995,24.6685],[83.4999,24.6945],[83.495,24.7027],[83.4921,24.7052],[83.4834,24.703],[83.4804,24.7162],[83.4833,24.7228],[83.4798,24.7378],[83.467,24.7345],[83.4415,24.744],[83.4342,24.7568],[83.4034,24.7767],[83.3941,24.7795],[83.3868,24.7842],[83.3678,24.7747],[83.3449,24.7779],[83.3224,24.7708],[83.2914,24.7194],[83.2808,24.7308],[83.2389,24.7266],[83.2206,24.7329],[83.179,24.7162],[83.1484,24.7329],[83.1245,24.7603],[83.0944,24.7698],[83.0818,24.7813],[83.0825,24.8005],[83.0996,24.8184]]]},"properties":{"NAME_1":"Uttar Pradesh","NAME_2":"Sonbhadra"}},{"type":"Feature","geometry":{"type":"Polygon","coordinates":[[[81.6951,26.5914],[81.6449,26.5866],[81.641,26.6111],[81.6678,26.6103],[81.6336,26.6412],[81.6094,26.6306],[81.5979,26.6486],[81.572,26.6565],[81.551,26.6464],[81.5486,26.6171],[81.5656,26.614],[81.5562,26.5907],[81.5356,26.5771],[81.5429,26.5642],[81.5265,26.5456],[81.5326,26.5255],[81.5501,26.5039],[81.5468,26.4787],[81.5619,26.4532],[81.5375,26.4286],[81.5566,26.3887],[81.5491,26.3726],[81.5556,26.3528],[81.5461,26.313],[81.5556,26.2896],[81.575,26.2804],[81.5853,26.2253],[81.6028,26.2239],[81.6102,26.1826],[81.6446,26.1498],[81.6391,26.1322],[81.6757,26.1213],[81.6791,26.0803],[81.6961,26.0712],[81.7174,26.0974],[81.7612,26.0719],[81.7574,26.0572],[81.7778,26.0303],[81.8524,26.05],[81.8759,26.0843],[81.8898,26.0698],[81.9238,26.0557],[81.9342,26.0782],[81.9558,26.0824],[81.9909,26.0672],[82.0291,26.0694],[82.0576,26.0556],[82.0971,26.0785],[82.1244,26.0589],[82.1334,26.0632],[82.1777,26.0449],[82.1943,26.0188],[82.2212,26.0368],[82.2387,26.0606],[82.3111,26.0439],[82.3479,26.0109],[82.3689,26.0346],[82.3934,26.0325],[82.3929,26.0135],[82.4232,26.0124],[82.4757,26.0044],[82.4948,25.994],[82.5147,26.0044],[82.5007,26.0193],[82.4963,26.0433],[82.4576,26.0479],[82.458,26.0778],[82.4279,26.1063],[82.4388,26.1379],[82.4686,26.1341],[82.5268,26.1493],[82.5574,26.145],[82.5916,26.1996],[82.6182,26.1749],[82.6627,26.1651],[82.6731,26.1547],[82.6799,26.1789],[82.6804,26.2153],[82.665,26.2349],[82.6711,26.259],[82.629,26.2492],[82.5941,26.2639],[82.5723,26.2605],[82.5435,26.2875],[82.5208,26.2831],[82.5062,26.2949],[82.4839,26.2844],[82.4607,26.2869],[82.4107,26.3232],[82.3934,26.3304],[82.3911,26.3614],[82.3778,26.3793],[82.3284,26.3858],[82.2928,26.4066],[82.2709,26.3927],[82.2609,26.4064],[82.2401,26.3957],[82.2116,26.4114],[82.1864,26.4099],[82.1784,26.4237],[82.1545,26.4272],[82.1474,26.4458],[82.1295,26.4475],[82.1001,26.4748],[82.0737,26.474],[82.019,26.4937],[81.983,26.4984],[81.965,26.5149],[81.9273,26.5105],[81.9094,26.5209],[81.8859,26.5105],[81.8843,26.5318],[81.8534,26.5371],[81.8384,26.5161],[81.817,26.5234],[81.7999,26.5416],[81.7246,26.5476],[81.7116,26.5411],[81.7055,26.5152],[81.6689,26.5301],[81.6921,26.5446],[81.6951,26.5914]]]},"properties":{"NAME_1":"Uttar Pradesh","NAME_2":"Sultanpur"}},{"type":"Feature","geometry":{"type":"Polygon","coordinates":[[[80.5507,27.0162],[80.5195,27.0126],[80.4915,26.9904],[80.453,26.9823],[80.4364,26.972],[80.4378,26.9531],[80.418,26.9469],[80.4202,26.9173],[80.4062,26.8928],[80.3746,26.9358],[80.3514,26.9282],[80.3294,26.9539],[80.3304,26.9727],[80.3187,26.9949],[80.2858,27.0062],[80.295,27.0305],[80.2759,27.0356],[80.2424,27.0322],[80.2328,27.018],[80.2201,26.9759],[80.1959,26.9758],[80.1646,26.9642],[80.1748,27.0014],[80.1523,26.9907],[80.0908,26.9852],[80.0487,26.9392],[80.0421,26.9247],[80.058,26.9245],[80.0974,26.8772],[80.0955,26.8433],[80.1122,26.8012],[80.1106,26.7809],[80.1238,26.7483],[80.1476,26.7275],[80.1772,26.6922],[80.2238,26.6927],[80.2498,26.6749],[80.2747,26.6399],[80.2839,26.6268],[80.2947,26.611],[80.2869,26.577],[80.2858,26.5652],[80.2947,26.5392],[80.3006,26.5308],[80.331,26.4986],[80.3387,26.4909],[80.3848,26.4731],[80.3909,26.4695],[80.3949,26.4467],[80.4025,26.4401],[80.4246,26.4232],[80.4585,26.4021],[80.4722,26.3933],[80.4975,26.3771],[80.5195,26.3657],[80.5263,26.3555],[80.5296,26.342],[80.5281,26.3268],[80.5521,26.2712],[80.5525,26.2696],[80.5519,26.2505],[80.558,26.2316],[80.5932,26.2294],[80.602,26.2121],[80.5955,26.1768],[80.6055,26.1565],[80.6494,26.1497],[80.6672,26.1261],[80.6799,26.1468],[80.7227,26.181],[80.7618,26.1869],[80.7724,26.2119],[80.8031,26.2125],[80.817,26.2315],[80.8444,26.2525],[80.8786,26.2967],[80.8625,26.3207],[80.837,26.333],[80.8227,26.3539],[80.8369,26.376],[80.8921,26.3549],[80.9293,26.3616],[80.9409,26.3493],[80.9339,26.3253],[80.9426,26.3122],[80.9895,26.3186],[80.9908,26.3503],[81.0148,26.3664],[81.0287,26.3656],[81.0168,26.4077],[81.0218,26.4143],[80.9906,26.4458],[80.9753,26.4782],[80.9937,26.4948],[80.9905,26.5399],[80.9563,26.5621],[80.9274,26.5726],[80.9183,26.5893],[80.8825,26.6029],[80.8736,26.6363],[80.8333,26.6681],[80.785,26.6514],[80.7722,26.672],[80.7475,26.6913],[80.7199,26.661],[80.6896,26.6939],[80.7082,26.7048],[80.6912,26.7222],[80.693,26.7522],[80.7223,26.7596],[80.7281,26.7808],[80.6712,26.8659],[80.6177,26.8941],[80.5976,26.9502],[80.572,26.9309],[80.5512,26.9417],[80.5613,26.9602],[80.5886,26.968],[80.5903,26.9893],[80.5507,27.0162]]]},"properties":{"NAME_1":"Uttar Pradesh","NAME_2":"Unnao"}},{"type":"Feature","geometry":{"type":"Polygon","coordinates":[[[83.0637,25.5533],[83.0442,25.5471],[83.0393,25.5433],[83.0207,25.5733],[83.0131,25.5781],[83.0082,25.5736],[83.0028,25.551],[82.9913,25.5535],[82.9793,25.5567],[82.975,25.5566],[82.9698,25.5496],[82.9605,25.5345],[82.9546,25.5279],[82.9525,25.5275],[82.9458,25.5274],[82.9363,25.5329],[82.9381,25.5457],[82.9372,25.5481],[82.933,25.5545],[82.9292,25.5629],[82.9253,25.5701],[82.922,25.5721],[82.9147,25.5726],[82.9117,25.5716],[82.8963,25.572],[82.8951,25.5722],[82.8882,25.5724],[82.8861,25.5718],[82.8736,25.5685],[82.8711,25.5685],[82.8678,25.5721],[82.8632,25.5798],[82.8568,25.5821],[82.8556,25.581],[82.8482,25.5702],[82.8481,25.5697],[82.8454,25.5663],[82.8387,25.5678],[82.8368,25.5683],[82.8318,25.5705],[82.8294,25.5564],[82.8221,25.555],[82.8197,25.554],[82.8078,25.5549],[82.8044,25.5555],[82.8012,25.5563],[82.7939,25.5555],[82.7917,25.5555],[82.7892,25.554],[82.7879,25.5524],[82.7862,25.5478],[82.7849,25.545],[82.783,25.5449],[82.7798,25.5462],[82.7764,25.544],[82.7762,25.5421],[82.7735,25.5336],[82.773,25.5329],[82.7692,25.5316],[82.7649,25.532],[82.7593,25.535],[82.7566,25.5374],[82.7484,25.5444],[82.7396,25.5463],[82.7359,25.5482],[82.7347,25.5488],[82.733,25.5489],[82.7281,25.549],[82.7175,25.5439],[82.7066,25.5358],[82.7053,25.5344],[82.7062,25.5326],[82.7093,25.5299],[82.7152,25.5258],[82.7169,25.5218],[82.7171,25.5135],[82.7099,25.5031],[82.7058,25.4998],[82.702,25.4885],[82.7115,25.48],[82.7214,25.4747],[82.7272,25.4738],[82.7279,25.4706],[82.7276,25.466],[82.7278,25.4649],[82.7251,25.4641],[82.7207,25.4639],[82.7131,25.4632],[82.7018,25.4619],[82.6972,25.4604],[82.6973,25.4574],[82.6942,25.451],[82.6961,25.4495],[82.6988,25.4499],[82.7011,25.4482],[82.7048,25.4469],[82.7081,25.4449],[82.7104,25.4428],[82.7112,25.4413],[82.7115,25.4363],[82.7041,25.4354],[82.6954,25.4351],[82.6873,25.4348],[82.6761,25.4198],[82.6759,25.4156],[82.6768,25.4114],[82.6776,25.41],[82.6826,25.4016],[82.6852,25.3987],[82.6851,25.3973],[82.7013,25.3811],[82.6741,25.3554],[82.6863,25.3132],[82.6801,25.2824],[82.6668,25.2838],[82.6626,25.256],[82.6636,25.2509],[82.6669,25.2518],[82.6687,25.2532],[82.67,25.2554],[82.6778,25.2653],[82.682,25.2661],[82.6868,25.2661],[82.69,25.2659],[82.696,25.2658],[82.7012,25.2652],[82.7022,25.2653],[82.7057,25.2607],[82.7066,25.2556],[82.7109,25.2555],[82.7183,25.2563],[82.7268,25.2569],[82.7306,25.2503],[82.7318,25.248],[82.7386,25.2437],[82.7419,25.2433],[82.7474,25.2443],[82.7505,25.2502],[82.7509,25.2535],[82.7515,25.257],[82.7528,25.2686],[82.7539,25.2704],[82.7665,25.2697],[82.7694,25.2737],[82.7715,25.2739],[82.7729,25.2679],[82.7629,25.2628],[82.764,25.2611],[82.7644,25.26],[82.7663,25.258],[82.7668,25.2571],[82.7688,25.2549],[82.7701,25.2531],[82.7716,25.2503],[82.7713,25.2492],[82.7691,25.2457],[82.7709,25.2345],[82.7722,25.2329],[82.7743,25.232],[82.7789,25.2318],[82.7818,25.2325],[82.7831,25.2338],[82.7823,25.2359],[82.7784,25.2405],[82.778,25.2448],[82.7775,25.251],[82.7816,25.2532],[82.7887,25.2558],[82.7894,25.2562],[82.7959,25.2584],[82.8066,25.2596],[82.8131,25.2578],[82.8135,25.2551],[82.8077,25.2484],[82.8054,25.247],[82.8054,25.2369],[82.8085,25.2345],[82.8075,25.2305],[82.8064,25.2295],[82.8051,25.2289],[82.8038,25.2282],[82.797,25.2266],[82.802,25.2187],[82.8057,25.2136],[82.8074,25.2126],[82.8086,25.2102],[82.8083,25.2088],[82.7934,25.2103],[82.7912,25.2108],[82.784,25.2124],[82.7768,25.2093],[82.7789,25.205],[82.7804,25.2005],[82.7815,25.1969],[82.7823,25.196],[82.7863,25.1936],[82.7928,25.1927],[82.7946,25.191],[82.7904,25.1856],[82.7872,25.1827],[82.7879,25.1798],[82.7934,25.1759],[82.7974,25.1755],[82.7993,25.1793],[82.8009,25.185],[82.8012,25.1892],[82.8015,25.1908],[82.805,25.1903],[82.8098,25.1891],[82.8149,25.1881],[82.8176,25.1833],[82.821,25.1784],[82.8235,25.1775],[82.8262,25.1768],[82.8277,25.1736],[82.831,25.17],[82.8374,25.1694],[82.8446,25.17],[82.8503,25.1727],[82.853,25.1758],[82.8548,25.1785],[82.8564,25.1815],[82.8577,25.1831],[82.8605,25.1877],[82.8652,25.1909],[82.8674,25.1932],[82.8624,25.1949],[82.8617,25.1952],[82.8615,25.198],[82.8625,25.2011],[82.867,25.2041],[82.8684,25.2042],[82.8751,25.202],[82.8763,25.2043],[82.8777,25.2063],[82.8799,25.2091],[82.8858,25.2112],[82.8873,25.211],[82.8889,25.2119],[82.8899,25.2138],[82.8955,25.2152],[82.897,25.2143],[82.904,25.2156],[82.9078,25.2157],[82.925,25.2105],[82.933,25.2106],[82.9396,25.2106],[82.945,25.2101],[82.9555,25.2093],[82.9661,25.2084],[82.973,25.2074],[82.9822,25.2057],[82.9916,25.2047],[83.0011,25.2089],[83.0128,25.221],[83.0235,25.2442],[83.0257,25.2438],[83.0406,25.2496],[83.0469,25.2489],[83.0626,25.2472],[83.0582,25.2523],[83.0495,25.2567],[83.0433,25.2702],[83.0379,25.2719],[83.0406,25.2844],[83.0053,25.295],[83.0213,25.315],[83.0646,25.329],[83.091,25.3313],[83.1085,25.326],[83.1317,25.319],[83.1371,25.3204],[83.1535,25.3333],[83.1706,25.3623],[83.1789,25.3822],[83.1804,25.3884],[83.1863,25.4077],[83.1824,25.4214],[83.1504,25.4383],[83.1307,25.4428],[83.1272,25.4619],[83.1616,25.4897],[83.1682,25.5065],[83.1654,25.526],[83.1584,25.5252],[83.1497,25.5094],[83.1507,25.5053],[83.1435,25.5085],[83.1097,25.5235],[83.09,25.5227],[83.0985,25.5108],[83.1037,25.4967],[83.0988,25.4974],[83.089,25.5058],[83.0849,25.4966],[83.0784,25.4963],[83.0621,25.5237],[83.0629,25.5369],[83.0691,25.5406],[83.0637,25.5533]]]},"properties":{"NAME_1":"Uttar Pradesh","NAME_2":"Varanasi"}}]}